track_id,song_id,artist_id,artist_name,song_title,genre,dot_1_track_id,dot_1_song,dot_1_score,dot_2_track_id,dot_2_song,dot_2_score,dot_3_track_id,dot_3_song,dot_3_score,centered_1_track_id,centered_1_song,centered_1_score,centered_2_track_id,centered_2_song,centered_2_score,centered_3_track_id,centered_3_song,centered_3_score,correlation_1_track_id,correlation_1_song,correlation_1_score,correlation_2_track_id,correlation_2_song,correlation_2_score,correlation_3_track_id,correlation_3_song,correlation_3_score,cosine_1_track_id,cosine_1_song,cosine_1_score,cosine_2_track_id,cosine_2_song,cosine_2_score,cosine_3_track_id,cosine_3_song,cosine_3_score,tfidf_dot_1_track_id,tfidf_dot_1_song,tfidf_dot_1_score,tfidf_dot_2_track_id,tfidf_dot_2_song,tfidf_dot_2_score,tfidf_dot_3_track_id,tfidf_dot_3_song,tfidf_dot_3_score,tfidf_centered_1_track_id,tfidf_centered_1_song,tfidf_centered_1_score,tfidf_centered_2_track_id,tfidf_centered_2_song,tfidf_centered_2_score,tfidf_centered_3_track_id,tfidf_centered_3_song,tfidf_centered_3_score,tfidf_correlation_1_track_id,tfidf_correlation_1_song,tfidf_correlation_1_score,tfidf_correlation_2_track_id,tfidf_correlation_2_song,tfidf_correlation_2_score,tfidf_correlation_3_track_id,tfidf_correlation_3_song,tfidf_correlation_3_score,tfidf_cosine_1_track_id,tfidf_cosine_1_song,tfidf_cosine_1_score,tfidf_cosine_2_track_id,tfidf_cosine_2_song,tfidf_cosine_2_score,tfidf_cosine_3_track_id,tfidf_cosine_3_song,tfidf_cosine_3_score
TRVYEUW128F148C08D,SOFCCWD12AF72A6BC0,ARXPPEY1187FB51DF4,Michael Jackson,All The Things You Are,blues,TRFUJVJ128F426F2A2,Lauryn Hill - Interlude 5,3570.0,TRWSYHO128F4282346,Twista - I'm A Winner (Amended Album Version),2865.0,TRVDAHO128F92F231E,Katy Perry - Hot N Cold (Innerpartysystem Main),2436.0,TRFUJVJ128F426F2A2,Lauryn Hill - Interlude 5,3310.5599999999995,TRWSYHO128F4282346,Twista - I'm A Winner (Amended Album Version),2695.4474999999993,TRVDAHO128F92F231E,Katy Perry - Hot N Cold (Innerpartysystem Main),2364.618749999996,TRQBTYN128F92EA704,Tony Bennett - You're All The World To Me,0.7336968310393819,TRCRGKS128F92C57A8,Patricia Barber - You're The Top,0.7271838626050467,TRYMECK128F428253F,Husker Du - You're A Soldier,0.6887269177639507,TRQBTYN128F92EA704,Tony Bennett - You're All The World To Me,0.73913808345401,TRCRGKS128F92C57A8,Patricia Barber - You're The Top,0.7316274421252662,TRYMECK128F428253F,Husker Du - You're A Soldier,0.694669413787504,TRPURWU12903CA4A31,Aqua - Happy Boys & Girls,108.95266031131071,TRPLWSA128F92D555C,Flipsyde - Angel,101.61049527314846,TRHRYAK128F1477540,Cathy Dennis - Being With You,100.58760870915184,TRPURWU12903CA4A31,Aqua - Happy Boys & Girls,91.6896816727753,TRHRYAK128F1477540,Cathy Dennis - Being With You,85.06942124454032,TREUPHA128F4278F34,Michael Jackson - Baby Be Mine,81.05918663573189,TRNQIOS12903CCF5E4,Colin James - These Arms Of Mine,0.33382680501338713,TRRGAEJ12903CA37B6,Big Bad Voodoo Daddy - Please Baby,0.28407429500044007,TREUPHA128F4278F34,Michael Jackson - Baby Be Mine,0.26433981093943565,TRNQIOS12903CCF5E4,Colin James - These Arms Of Mine,0.35382379729512425,TRRGAEJ12903CA37B6,Big Bad Voodoo Daddy - Please Baby,0.3051595525279233,TREUPHA128F4278F34,Michael Jackson - Baby Be Mine,0.30170735811526317
TRCXKPC128F92FD04C,SOEFNXT12AB017E829,ARZENOX1187B98A645,John Mayer,Vultures,blues,TRDPGXU128F9339C2A,Beastie Boys - B-Boy Bouillabaisse: A.W.O.L. (2009 Digital Remaster),3132.0,TRFUJVJ128F426F2A2,Lauryn Hill - Interlude 5,3012.0,TROIJDA128F9341E70,R. Kelly - I Mean (I Don't Mean It),2988.0,TROIJDA128F9341E70,R. Kelly - I Mean (I Don't Mean It),2804.214999999999,TRDPGXU128F9339C2A,Beastie Boys - B-Boy Bouillabaisse: A.W.O.L. (2009 Digital Remaster),2768.8550000000005,TRCHZXW128E079288A,Eminem - 8 Mile,2689.945000000001,TRDHQHB128F421FE15,Naked Aggression - Plastic World,0.6568703206763429,TRZSMVL128F4289D4C,Ozma - The Ups And Downs,0.6411269509264954,TRTPMBB128F42934F8,Sage Francis - Keep Moving,0.6134740359507632,TRDHQHB128F421FE15,Naked Aggression - Plastic World,0.6692922727596603,TRZSMVL128F4289D4C,Ozma - The Ups And Downs,0.6557604034160445,TRTPMBB128F42934F8,Sage Francis - Keep Moving,0.6349611011001333,TRFUJVJ128F426F2A2,Lauryn Hill - Interlude 5,246.4825821114706,TRDPGXU128F9339C2A,Beastie Boys - B-Boy Bouillabaisse: A.W.O.L. (2009 Digital Remaster),215.60734612751932,TRQDUMO128F92E3896,Binary Star - Honest Expression,200.281270949443,TRHQAPS128F42A51F4,Matisyahu - Fire and Heights,119.36185905416376,TROYKQM128F428CCED,OutKast - Mainstream,114.52732773604721,TRQYLYP12903CC26F6,Barry White - Never Gonna Give You Up,106.12027186592677,TRQYLYP12903CC26F6,Barry White - Never Gonna Give You Up,0.26690847626005315,TRHQAPS128F42A51F4,Matisyahu - Fire and Heights,0.2615810013065218,TRWMHCZ128F42AE295,Matisyahu - Jerusalem,0.25483448266391645,TRHQAPS128F42A51F4,Matisyahu - Fire and Heights,0.3421506732540316,TRQYLYP12903CC26F6,Barry White - Never Gonna Give You Up,0.32940827919320403,TRWMHCZ128F42AE295,Matisyahu - Jerusalem,0.3182902209314574
TRMMALW128F92FD049,SOVUCRS12A58A7D207,ARZENOX1187B98A645,John Mayer,Out Of My Mind,blues,TRFUJVJ128F426F2A2,Lauryn Hill - Interlude 5,4597.0,TRDPGXU128F9339C2A,Beastie Boys - B-Boy Bouillabaisse: A.W.O.L. (2009 Digital Remaster),3722.0,TRWSYHO128F4282346,Twista - I'm A Winner (Amended Album Version),3671.0,TRFUJVJ128F426F2A2,Lauryn Hill - Interlude 5,4262.12,TRWSYHO128F4282346,Twista - I'm A Winner (Amended Album Version),3452.1450000000004,TRDPGXU128F9339C2A,Beastie Boys - B-Boy Bouillabaisse: A.W.O.L. (2009 Digital Remaster),3441.9474999999993,TRVVIWJ128F42697BA,Fat Joe - Preacher On A Sunday Morning,0.6669323712356581,TRRJXRE128F93141F6,Calvin Harris - Ready For The Weekend,0.6648010039503743,TRPYPOE128F4248543,KATAKLYSM - Beyond Salvation,0.6619949063669094,TRVVIWJ128F42697BA,Fat Joe - Preacher On A Sunday Morning,0.6782620363865318,TRRJXRE128F93141F6,Calvin Harris - Ready For The Weekend,0.6750246601106777,TRPYPOE128F4248543,KATAKLYSM - Beyond Salvation,0.6703596100206974,TRFUJVJ128F426F2A2,Lauryn Hill - Interlude 5,178.61903824220047,TREADOS128E078EC1F,Eminem - If I Had,162.43307034762321,TRDPGXU128F9339C2A,Beastie Boys - B-Boy Bouillabaisse: A.W.O.L. (2009 Digital Remaster),155.14230418241527,TREADOS128E078EC1F,Eminem - If I Had,121.3615558251213,TRFUJVJ128F426F2A2,Lauryn Hill - Interlude 5,93.3082081855372,TRBCPZS128F145ECC1,Nelly - Say Now,92.2168653935195,TRDPECV128F425D06C,Heatmiser - Half Right,0.26481860217002906,TRIXRYP128F149B87C,Pop Levi - Hades Lady,0.24657499773370326,TRZJPEO128F42437AE,Camper Van Beethoven - Sad Lover's Waltz,0.2441480542886448,TRDPECV128F425D06C,Heatmiser - Half Right,0.2977239544664077,TREADOS128E078EC1F,Eminem - If I Had,0.2921640239717054,TRKCUZQ128F9337624,Gary Allan - Half Of My Mistakes,0.2764968207302844
TRJWAJC128F9327C4F,SORMDVX12AB01816AA,ARLMXEA1187B9A7D04,R. Kelly,Hump Bounce,blues,TRFUJVJ128F426F2A2,Lauryn Hill - Interlude 5,5557.0,TRDPGXU128F9339C2A,Beastie Boys - B-Boy Bouillabaisse: A.W.O.L. (2009 Digital Remaster),4567.0,TREBGAA128E078FC52,Erykah Badu - I Want You,4088.0,TRFUJVJ128F426F2A2,Lauryn Hill - Interlude 5,5091.479999999998,TRDPGXU128F9339C2A,Beastie Boys - B-Boy Bouillabaisse: A.W.O.L. (2009 Digital Remaster),4177.69625,TREBGAA128E078FC52,Erykah Badu - I Want You,3916.908750000005,TRUNGLI128F425AD28,The Derek Trucks Band - All I Do,0.6579208891618353,TRAVJGH128F14ADDB7,Avalon - Overjoyed,0.6397699791344647,TRKSSMT128E07948E7,Billie Piper - Day And Night,0.6306836382560342,TRUNGLI128F425AD28,The Derek Trucks Band - All I Do,0.667718031491555,TRAVJGH128F14ADDB7,Avalon - Overjoyed,0.6534939234987447,TRKSSMT128E07948E7,Billie Piper - Day And Night,0.6430239888722205,TREEWEF128F145F673,Dilated Peoples - Ear Drums Pop,207.0776268700607,TRBKQJB128F934EEF7,Ying Yang Twins - 1st Booty On Duty,197.78061056192914,TRDPGXU128F9339C2A,Beastie Boys - B-Boy Bouillabaisse: A.W.O.L. (2009 Digital Remaster),196.09871987916367,TREEWEF128F145F673,Dilated Peoples - Ear Drums Pop,131.6163327088382,TRUWZJQ128F145E9F7,Afroman - Let's All Get Drunk,127.10593738059637,TRBKQJB128F934EEF7,Ying Yang Twins - 1st Booty On Duty,123.86617016810453,TRCETEN128F42AD6D0,Bowling For Soup - Here We Go,0.30141728563622316,TROOXHY128F42645A4,Wade Hayes - Don't Stop,0.2948051861970316,TREIBLK128F148642C,The Adicts - Disco,0.2931456528276341,TRCETEN128F42AD6D0,Bowling For Soup - Here We Go,0.34600192665468676,TROOXHY128F42645A4,Wade Hayes - Don't Stop,0.33925562526498093,TREKDZI128F146A972,UB40 - Here I Am (Come And Take Me),0.3313970699904889
TRPEBTH128F9327C4D,SOYTJAC12AF729F49D,ARLMXEA1187B9A7D04,R. Kelly,Intro - The Sermon,blues,TRFUJVJ128F426F2A2,Lauryn Hill - Interlude 5,6673.0,TRDPGXU128F9339C2A,Beastie Boys - B-Boy Bouillabaisse: A.W.O.L. (2009 Digital Remaster),5569.0,TRWSYHO128F4282346,Twista - I'm A Winner (Amended Album Version),5237.0,TRFUJVJ128F426F2A2,Lauryn Hill - Interlude 5,6074.999999999998,TRDPGXU128F9339C2A,Beastie Boys - B-Boy Bouillabaisse: A.W.O.L. (2009 Digital Remaster),5068.906250000001,TRWSYHO128F4282346,Twista - I'm A Winner (Amended Album Version),4846.1875,TROXHLM128F4266510,Blues Traveler - Hook,0.7430112475755679,TRAFLMU128F4274A4D,G-Unit - I Don't Want To Talk About It,0.7428348407469482,TRDPGXU128F9339C2A,Beastie Boys - B-Boy Bouillabaisse: A.W.O.L. (2009 Digital Remaster),0.741684672691692,TRDPGXU128F9339C2A,Beastie Boys - B-Boy Bouillabaisse: A.W.O.L. (2009 Digital Remaster),0.758552189169887,TROXHLM128F4266510,Blues Traveler - Hook,0.756381455883275,TRAFLMU128F4274A4D,G-Unit - I Don't Want To Talk About It,0.7561220426091677,TRFUJVJ128F426F2A2,Lauryn Hill - Interlude 5,386.37062301779616,TRQAWKR128F425EEC3,Michael Jackson - Man In The Mirror,294.5114529659673,TRQDUMO128F92E3896,Binary Star - Honest Expression,281.1417357740439,TRQAWKR128F425EEC3,Michael Jackson - Man In The Mirror,198.78504720412639,TRFUJVJ128F426F2A2,Lauryn Hill - Interlude 5,195.92225239076532,TRQDUMO128F92E3896,Binary Star - Honest Expression,150.09117548923592,TRTUCHE128F425B7CC,Jennifer Lopez - The Way It Is,0.28278810071128985,TRGVOYR128F9336E5A,Beastie Boys - Pass The Mic (Pt. 2_ Skills To Pay The Bills) (2009 Digital Remaster),0.27007245555962317,TRQMXGX128F4264EF5,Fiona Apple - Oh Well,0.26357206738852745,TRGVOYR128F9336E5A,Beastie Boys - Pass The Mic (Pt. 2_ Skills To Pay The Bills) (2009 Digital Remaster),0.35258464957091423,TRFUJVJ128F426F2A2,Lauryn Hill - Interlude 5,0.3430340905035264,TRTUCHE128F425B7CC,Jennifer Lopez - The Way It Is,0.3382566839745338
TRNWHUD128F932E304,SOXUKQZ12AB01860EE,ARXPPEY1187FB51DF4,Michael Jackson,Call On Me,blues,TRFUJVJ128F426F2A2,Lauryn Hill - Interlude 5,8789.0,TRWSYHO128F4282346,Twista - I'm A Winner (Amended Album Version),7434.0,TRDPGXU128F9339C2A,Beastie Boys - B-Boy Bouillabaisse: A.W.O.L. (2009 Digital Remaster),7016.0,TRFUJVJ128F426F2A2,Lauryn Hill - Interlude 5,8073.24,TRWSYHO128F4282346,Twista - I'm A Winner (Amended Album Version),6966.227500000001,TREBGAA128E078FC52,Erykah Badu - I Want You,6740.938750000003,TRKEINR128F4258B98,Albert Hammond Jr - G Up,0.8027120628514783,TRZCHKB128F92CB740,Anastacia - Club Megamix,0.798845643223062,TROXHLM128F4266510,Blues Traveler - Hook,0.7916165377099667,TRKEINR128F4258B98,Albert Hammond Jr - G Up,0.8100800277820065,TRZCHKB128F92CB740,Anastacia - Club Megamix,0.8097786208426687,TROXHLM128F4266510,Blues Traveler - Hook,0.8019385595698869,TRFUJVJ128F426F2A2,Lauryn Hill - Interlude 5,318.7886076067768,TRDPGXU128F9339C2A,Beastie Boys - B-Boy Bouillabaisse: A.W.O.L. (2009 Digital Remaster),315.63720227537294,TRIPIMD128F92D3E12,Ryan Leslie - Just Right,271.10241459181435,TRIPIMD128F92D3E12,Ryan Leslie - Just Right,205.5374263589826,TRUPCGD128F4282340,Omarion - I'm Gon' Change,150.90112093925572,TRZSQNU128F1461A9A,Eternal - Oh Baby I,150.09015280814978,TRIPIMD128F92D3E12,Ryan Leslie - Just Right,0.3209059754271073,TRZSQNU128F1461A9A,Eternal - Oh Baby I,0.2977159665699192,TRKTFAD12903CB80A0,Matt Wertz - 5:19,0.2937370937322219,TRIPIMD128F92D3E12,Ryan Leslie - Just Right,0.383527295702394,TRZSQNU128F1461A9A,Eternal - Oh Baby I,0.36091538382648203,TRKTFAD12903CB80A0,Matt Wertz - 5:19,0.3492689868880623
TRFGGSX128F427A723,SOIBZAN12D02191BAF,ARS8GNX1187B9B5141,The Black Keys,Oceans and Streams,blues,TRFUJVJ128F426F2A2,Lauryn Hill - Interlude 5,2328.0,TRDPGXU128F9339C2A,Beastie Boys - B-Boy Bouillabaisse: A.W.O.L. (2009 Digital Remaster),2215.0,TRCHZXW128E079288A,Eminem - 8 Mile,1918.0,TRFUJVJ128F426F2A2,Lauryn Hill - Interlude 5,2088.8,TRDPGXU128F9339C2A,Beastie Boys - B-Boy Bouillabaisse: A.W.O.L. (2009 Digital Remaster),2014.9624999999996,TRCHZXW128E079288A,Eminem - 8 Mile,1767.0375000000008,TRGLGNR128F1487A6F,Manafest - Runaway,0.7038249879695571,TRZPHVT128F4298109,The Cat Empire - The Car Song,0.6949109189982385,TRMDSAH12903CAF58C,Ballboy - I Don't Have Time To Stand Here With You Fighting About The Size Of My Dick,0.6864159482424248,TRGLGNR128F1487A6F,Manafest - Runaway,0.7156599537949512,TRZPHVT128F4298109,The Cat Empire - The Car Song,0.7093541132995728,TRMDSAH12903CAF58C,Ballboy - I Don't Have Time To Stand Here With You Fighting About The Size Of My Dick,0.7006955849653108,TRCHZXW128E079288A,Eminem - 8 Mile,149.59886905913177,TRQAWKR128F425EEC3,Michael Jackson - Man In The Mirror,137.7536234919156,TRBXUMD12903CBB64D,Wu-Tang Clan - Da Mystery Of Chessboxin',131.27990257475392,TRQAWKR128F425EEC3,Michael Jackson - Man In The Mirror,87.07941180321065,TROSMJT128F42917CB,Gabrielle - Dreams,83.45261009078921,TRMSICB128F428A40A,Pennywise - Living For Today,80.02903595078563,TRBQTNZ128F42B09DF,Udo - What Can I Say,0.23641812027629425,TROSMJT128F42917CB,Gabrielle - Dreams,0.226879272322122,TRFNFSL128F146E882,Lemar - Time To Grow,0.22517607412480095,TRBQTNZ128F42B09DF,Udo - What Can I Say,0.28387782377696485,TRFNFSL128F146E882,Lemar - Time To Grow,0.2829780824267779,TROSMJT128F42917CB,Gabrielle - Dreams,0.27730858603431674
TRPTCMZ128F9340B09,SOLKOOO12AB018794A,ARS8GNX1187B9B5141,The Black Keys,10 A.M. Automatic,blues,TRFUJVJ128F426F2A2,Lauryn Hill - Interlude 5,1913.0,TRWSYHO128F4282346,Twista - I'm A Winner (Amended Album Version),1790.0,TRQAWKR128F425EEC3,Michael Jackson - Man In The Mirror,1585.0,TRFUJVJ128F426F2A2,Lauryn Hill - Interlude 5,1751.08,TRWSYHO128F4282346,Twista - I'm A Winner (Amended Album Version),1684.1799999999998,TRQAWKR128F425EEC3,Michael Jackson - Man In The Mirror,1446.18,TRVJCBD128F4268421,Warrant - Bad Tattoo,0.6446113692397285,TRGPUVY128F9313AD9,Doyle Bramhall - Dimples,0.6116015460079217,TRSTDLM128EF3431B6,Ayo - Only You,0.6044967567223918,TRVJCBD128F4268421,Warrant - Bad Tattoo,0.6552596777324119,TRGPUVY128F9313AD9,Doyle Bramhall - Dimples,0.6187185674368255,TRSTDLM128EF3431B6,Ayo - Only You,0.6164341452711488,TRFUJVJ128F426F2A2,Lauryn Hill - Interlude 5,151.97499503722088,TRCJUCQ12903CEB017,OutKast - Hey Ya!,119.41702431327542,TRYCBLK12903CE6A0E,Twiztid - She Ain't Afraid,105.885959212277,TRCJUCQ12903CEB017,OutKast - Hey Ya!,97.61469109551784,TRFUJVJ128F426F2A2,Lauryn Hill - Interlude 5,86.50047648912741,TRRYCLJ128F42A56FF,Ledisi - Alright,81.12442743615048,TRONMKQ128F4266B98,Fishbone - Bonin' In The Boneyard,0.40122056998452643,TRGKRLH128F425788B,Johnny Winter - Rockin' Pneumonia,0.3329003209936181,TRRDVVU12903CD20F1,Percy Sledge - Baby Help Me,0.2904871980281099,TRONMKQ128F4266B98,Fishbone - Bonin' In The Boneyard,0.41092873200223506,TRGKRLH128F425788B,Johnny Winter - Rockin' Pneumonia,0.34532516072582653,TRRDVVU12903CD20F1,Percy Sledge - Baby Help Me,0.3228046834011955
TRVKLGW12903CB4523,SOZCSPA12AB0185672,ARS8GNX1187B9B5141,The Black Keys,Aeroplane Blues,blues,TRFUJVJ128F426F2A2,Lauryn Hill - Interlude 5,1486.0,TRDPGXU128F9339C2A,Beastie Boys - B-Boy Bouillabaisse: A.W.O.L. (2009 Digital Remaster),1480.0,TROIJDA128F9341E70,R. Kelly - I Mean (I Don't Mean It),1471.0,TROIJDA128F9341E70,R. Kelly - I Mean (I Don't Mean It),1418.0449999999998,TRDPGXU128F9339C2A,Beastie Boys - B-Boy Bouillabaisse: A.W.O.L. (2009 Digital Remaster),1375.3649999999998,TRVJCDB128F4263466,Kandi - I Wanna Know,1369.059999999999,TRGZDBB128F4270A4C,Johnny Cash - I Don't Know Where I'm Bound,0.7786412276587253,TRFSQXF128F9311B25,LMFAO - I Am Not A Whore,0.7519388605715421,TRSXWSL128F933DFE5,Sneaky Sound System - 16,0.747201899335671,TRGZDBB128F4270A4C,Johnny Cash - I Don't Know Where I'm Bound,0.7834660807446496,TRFSQXF128F9311B25,LMFAO - I Am Not A Whore,0.7553117160686514,TRSXWSL128F933DFE5,Sneaky Sound System - 16,0.7532525144739896,TRFLWJZ128F425C9E4,The Pharcyde - Otha Fish,69.94024940338288,TRCHZXW128E079288A,Eminem - 8 Mile,69.23213744542862,TRDPGXU128F9339C2A,Beastie Boys - B-Boy Bouillabaisse: A.W.O.L. (2009 Digital Remaster),66.17074759325436,TRUORRB128F42433B8,Tankard - Land Of The Free,53.29514194278919,TRRMQYQ128F42765E7,Ziggy Marley And The Melody Makers - 13 Months Of Sunshine,49.40110303552141,TRFLWJZ128F425C9E4,The Pharcyde - Otha Fish,47.872232379481,TRRMQYQ128F42765E7,Ziggy Marley And The Melody Makers - 13 Months Of Sunshine,0.33451866150127674,TRHLIDH128F426150F,Jimmy Cliff - Sufferin' In The Land,0.30445558606160017,TRAGQSM128F1468ECD,Body Count - Masters Of Revenge,0.26373792901032567,TRRMQYQ128F42765E7,Ziggy Marley And The Melody Makers - 13 Months Of Sunshine,0.35608490895083494,TRHLIDH128F426150F,Jimmy Cliff - Sufferin' In The Land,0.32122032787994115,TRZYEUM128F422BD98,The Cave Singers - Elephant Clouds,0.2887049104200338
TRFBNZN128F9340B0E,SONGYFE12AB018562D,ARS8GNX1187B9B5141,The Black Keys,All Hands Against His Own,blues,TRFUJVJ128F426F2A2,Lauryn Hill - Interlude 5,2681.0,TRWSYHO128F4282346,Twista - I'm A Winner (Amended Album Version),1936.0,TRQAWKR128F425EEC3,Michael Jackson - Man In The Mirror,1542.0,TRFUJVJ128F426F2A2,Lauryn Hill - Interlude 5,2362.6800000000003,TRWSYHO128F4282346,Twista - I'm A Winner (Amended Album Version),1727.9675000000004,TRGLNKG128F9307689,Eminem - My Darling,1312.15875,TRHWJQG128F92FD821,Brandy - Give Me You,0.47339539670254704,TRHRXAE128F92C1CDE,Leonard Cohen - The Stranger Song,0.47191782769569307,TRWUEMB128F148CCAC,Athlete - New Project,0.47047447228676664,TRHRXAE128F92C1CDE,Leonard Cohen - The Stranger Song,0.4971205446381256,TRHWJQG128F92FD821,Brandy - Give Me You,0.4888152706435525,TRWUEMB128F148CCAC,Athlete - New Project,0.4878990560684231,TRQMAUL12903CE91AC,Lyfe Jennings - She Got Kids,301.63555337323805,TRRUKSD128F9322FEF,Jill Scott - Brotha,269.3721923276803,TRFMKJY128F92E89F1,Big Brovaz - Find A Way,243.82556760932928,TRQMAUL12903CE91AC,Lyfe Jennings - She Got Kids,252.16260325832792,TRRUKSD128F9322FEF,Jill Scott - Brotha,248.57250050427362,TRQGFHN128F428643E,Slipknot - Gehenna,216.4703478458847,TROKNFL128F4290534,Gang Of Four - Outside The Trains Don't Run On Time,0.46034994761312903,TRRUKSD128F9322FEF,Jill Scott - Brotha,0.4390679728279672,TRCQZCM128F425FD8C,Blink-182 - GO,0.415535368964244,TROKNFL128F4290534,Gang Of Four - Outside The Trains Don't Run On Time,0.4779317461993666,TRRUKSD128F9322FEF,Jill Scott - Brotha,0.4585728531941818,TRCQZCM128F425FD8C,Blink-182 - GO,0.4407217351770495
TRBYDKJ12903CA9D33,SOTXSMC12AB0182217,ARS8GNX1187B9B5141,The Black Keys,Black Door,blues,TRVJCDB128F4263466,Kandi - I Wanna Know,1868.0,TRFUJVJ128F426F2A2,Lauryn Hill - Interlude 5,1536.0,TRKLJAG128F42B31CF,Mario Vazquez - Everytime I...,1227.0,TRVJCDB128F4263466,Kandi - I Wanna Know,1826.4050000000009,TRFUJVJ128F426F2A2,Lauryn Hill - Interlude 5,1427.4400000000005,TRKLJAG128F42B31CF,Mario Vazquez - Everytime I...,1193.812500000003,TRVJCDB128F4263466,Kandi - I Wanna Know,0.841282992631075,TRUQRFW128F145877E,Julia Fordham - Genius,0.7249993384308571,TRGXDVA128F9350A48,Psapp - I Want That,0.6876158558692408,TRVJCDB128F4263466,Kandi - I Wanna Know,0.8441646524652541,TRUQRFW128F145877E,Julia Fordham - Genius,0.7291485984915439,TRGXDVA128F9350A48,Psapp - I Want That,0.6922102848214412,TRPBVCZ128EF3624B7,Masta Ace Incorporated - Jeep Ass Niguh,92.00491687882672,TRQAWKR128F425EEC3,Michael Jackson - Man In The Mirror,84.50928500481145,TRUGJBZ128F92FD845,The Donnas - Take Me To The Backseat (Album Version),68.74978008302547,TRPBVCZ128EF3624B7,Masta Ace Incorporated - Jeep Ass Niguh,72.86507206310267,TRQAWKR128F425EEC3,Michael Jackson - Man In The Mirror,64.01861209916675,TRUGJBZ128F92FD845,The Donnas - Take Me To The Backseat (Album Version),62.86607021353665,TRUGJBZ128F92FD845,The Donnas - Take Me To The Backseat (Album Version),0.38077795303047207,TRZSQNU128F1461A9A,Eternal - Oh Baby I,0.2771741243567825,TRRREHG128F9319163,Bad Brains - Don't Bother Me (Bad Brains),0.27168839310502174,TRUGJBZ128F92FD845,The Donnas - Take Me To The Backseat (Album Version),0.4015492970454037,TRPBVCZ128EF3624B7,Masta Ace Incorporated - Jeep Ass Niguh,0.3091774593488236,TRZSQNU128F1461A9A,Eternal - Oh Baby I,0.30754823060929
TRWJKJK128F9338FEF,SOIFDQD12AB01822F5,ARS8GNX1187B9B5141,The Black Keys,Busted,blues,TRFUJVJ128F426F2A2,Lauryn Hill - Interlude 5,8737.0,TRWSYHO128F4282346,Twista - I'm A Winner (Amended Album Version),8094.0,TREBGAA128E078FC52,Erykah Badu - I Want You,6661.0,TRFUJVJ128F426F2A2,Lauryn Hill - Interlude 5,8127.959999999999,TRWSYHO128F4282346,Twista - I'm A Winner (Amended Album Version),7695.9725,TREBGAA128E078FC52,Erykah Badu - I Want You,6437.161250000003,TRMJBIJ128F93391B9,Bow Wow - Sunshine,0.7536221354329563,TRVWMAR128F425A2DA,The Clash - 1-2 Crush On You,0.7443815803404388,TRJJTPI128F4276759,Hawthorne Heights - Rescue Me,0.731451726910114,TRMJBIJ128F93391B9,Bow Wow - Sunshine,0.7627562450752137,TRVWMAR128F425A2DA,The Clash - 1-2 Crush On You,0.7517032510777701,TRJJTPI128F4276759,Hawthorne Heights - Rescue Me,0.7407423330399565,TRDPGXU128F9339C2A,Beastie Boys - B-Boy Bouillabaisse: A.W.O.L. (2009 Digital Remaster),311.7638795908029,TRFUJVJ128F426F2A2,Lauryn Hill - Interlude 5,310.4789152158893,TRPUEFZ128F146269E,Onyx - Slam,268.31197110334307,TRALKUS128F42384AC,Keith Sweat - Caught Up,199.94949798326445,TRPUEFZ128F146269E,Onyx - Slam,191.65178459663267,TRHDXOY128F42B3BE9,Onyx - Slam Harder,191.65178459663267,TRJYWWT128F428B91F,Heideroosjes - If Trust Is Broken...,0.28022358990612534,TRALKUS128F42384AC,Keith Sweat - Caught Up,0.2698183713074009,TRWYGFY128F1495A92,Bunny Wailer - Walk The Proud Land,0.2536549312225019,TRALKUS128F42384AC,Keith Sweat - Caught Up,0.32424836843443805,TRJYWWT128F428B91F,Heideroosjes - If Trust Is Broken...,0.3181565540334715,TRXRJZZ128F42BC247,Jessica Simpson - These Boots Are Made For Walkin',0.29877986430275405
TRUULBP12903CA9D23,SORMOIW12AB01887F0,ARS8GNX1187B9B5141,The Black Keys,Give Your Heart Away,blues,TRFUJVJ128F426F2A2,Lauryn Hill - Interlude 5,1215.0,TRQAWKR128F425EEC3,Michael Jackson - Man In The Mirror,1196.0,TRDPGXU128F9339C2A,Beastie Boys - B-Boy Bouillabaisse: A.W.O.L. (2009 Digital Remaster),1055.0,TRQAWKR128F425EEC3,Michael Jackson - Man In The Mirror,1061.9125,TRFUJVJ128F426F2A2,Lauryn Hill - Interlude 5,1058.6000000000001,TRWSYHO128F4282346,Twista - I'm A Winner (Amended Album Version),934.7875000000001,TRPCYSR128EF35F745,Elton John - Heart In The Right Place,0.5441008891197938,TRXZNNF12903CA6F9B,Kenny Rogers - Endless love,0.5403284263397533,TRBGUJV128E078FE5D,Dru Hill - Share My World,0.5322735785615375,TRPCYSR128EF35F745,Elton John - Heart In The Right Place,0.5617462530236114,TRXZNNF12903CA6F9B,Kenny Rogers - Endless love,0.5577415118492398,TRBGUJV128E078FE5D,Dru Hill - Share My World,0.5532563735196885,TRQAWKR128F425EEC3,Michael Jackson - Man In The Mirror,125.32897303728876,TRVOSYJ128F426A939,Brownstone - 5 Miles To Empty,91.37112785293053,TRDPGXU128F9339C2A,Beastie Boys - B-Boy Bouillabaisse: A.W.O.L. (2009 Digital Remaster),88.45696273386201,TRQAWKR128F425EEC3,Michael Jackson - Man In The Mirror,95.37153587585733,TRVOSYJ128F426A939,Brownstone - 5 Miles To Empty,74.02120375031502,TRBGUJV128E078FE5D,Dru Hill - Share My World,66.37637930883976,TRBGUJV128E078FE5D,Dru Hill - Share My World,0.29618802854079557,TRIBBGP128F14903BE,Sean Lennon - One Night,0.2950319829300368,TRNKNQY12903CFF808,Twenty 4 Seven - Take Me Away,0.2923842801749466,TRBGUJV128E078FE5D,Dru Hill - Share My World,0.3385618035136831,TRZNHJN128F4293FC2,Kelly Clarkson - Anytime,0.33404400665249234,TRIBBGP128F14903BE,Sean Lennon - One Night,0.3323801756476486
TRYYJHJ128F9340B19,SOKGVJH12A58A77920,ARS8GNX1187B9B5141,The Black Keys,Grown So Ugly,blues,TRFUJVJ128F426F2A2,Lauryn Hill - Interlude 5,1853.0,TRDPGXU128F9339C2A,Beastie Boys - B-Boy Bouillabaisse: A.W.O.L. (2009 Digital Remaster),1496.0,TRGLNKG128F9307689,Eminem - My Darling,1283.0,TRFUJVJ128F426F2A2,Lauryn Hill - Interlude 5,1685.5599999999986,TRDPGXU128F9339C2A,Beastie Boys - B-Boy Bouillabaisse: A.W.O.L. (2009 Digital Remaster),1355.9737499999994,TRGLNKG128F9307689,Eminem - My Darling,1180.51125,TRDBLNP128F93427D7,Robert Johnson - 32 20 Blues,0.67108836437466,TRPMDDK12903D0D320,Robert Johnson - Kindhearted Woman Blues,0.6515867411708284,TRBJSDA128F42413CC,Once Nothing - The Dust Of A Town,0.6510583634580337,TRDBLNP128F93427D7,Robert Johnson - 32 20 Blues,0.6855150363674519,TRBJSDA128F42413CC,Once Nothing - The Dust Of A Town,0.6679150172978023,TRQMION128E078F6F6,Jodeci - My Phone,0.6672072895572354,TRFUJVJ128F426F2A2,Lauryn Hill - Interlude 5,145.31602378060185,TRNVKOI128E0799173,Snoop Dogg - Snoopafella (Edited),138.67060131327636,TRHKJVR128F42857EA,DJ Quik - Safe + Sound,110.3146965060428,TRNVKOI128E0799173,Snoop Dogg - Snoopafella (Edited),92.57975976694198,TRYPHVM128F42437C0,Mississippi Fred McDowell - Louise,87.14217819303416,TRFUJVJ128F426F2A2,Lauryn Hill - Interlude 5,73.55156614266265,TRGQGZP128F424D8B7,Elmore James - Whose Muddy Shoes,0.3298141133838024,TRYPHVM128F42437C0,Mississippi Fred McDowell - Louise,0.2993066180195051,TRNVKOI128E0799173,Snoop Dogg - Snoopafella (Edited),0.24587179363709832,TRGQGZP128F424D8B7,Elmore James - Whose Muddy Shoes,0.3607213994761934,TRYPHVM128F42437C0,Mississippi Fred McDowell - Louise,0.33869978276733104,TRNVKOI128E0799173,Snoop Dogg - Snoopafella (Edited),0.3170216853353792
TRHHJCL12903CB44B7,SOFRWHG12A58A7DF46,ARS8GNX1187B9B5141,The Black Keys,Hard Row,blues,TRFUJVJ128F426F2A2,Lauryn Hill - Interlude 5,2371.0,TRWSYHO128F4282346,Twista - I'm A Winner (Amended Album Version),2137.0,TRQAWKR128F425EEC3,Michael Jackson - Man In The Mirror,1713.0,TRFUJVJ128F426F2A2,Lauryn Hill - Interlude 5,2170.4399999999996,TRWSYHO128F4282346,Twista - I'm A Winner (Amended Album Version),2005.9275000000005,TRQAWKR128F425EEC3,Michael Jackson - Man In The Mirror,1541.0524999999996,TRKKXHG128F421A24C,Dance Hall Crashers - Othello,0.611726074001341,TRDRMPD12903CD03B2,Eyes Set to Kill - All You Ever Knew,0.6078508917863576,TRSIDED12903CC71E0,The Acacia Strain - Skynet,0.6011325136942292,TRKKXHG128F421A24C,Dance Hall Crashers - Othello,0.6276589313861644,TRDRMPD12903CD03B2,Eyes Set to Kill - All You Ever Knew,0.621784412849926,TRSIDED12903CC71E0,The Acacia Strain - Skynet,0.6164340419701512,TRQAWKR128F425EEC3,Michael Jackson - Man In The Mirror,169.67550623501444,TROVSGS128F4274CEE,Aceyalone - Mr. Outsider,147.2831440900591,TRFIUTM128F426343C,Ty Herndon - Pray For Me,132.10855843173545,TRQAWKR128F425EEC3,Michael Jackson - Man In The Mirror,132.1078190797503,TROVSGS128F4274CEE,Aceyalone - Mr. Outsider,104.20990981564982,TRYRGJV128F42690CC,The Jacksons - Enjoy Yourself,101.17353566269902,TRYRGJV128F42690CC,The Jacksons - Enjoy Yourself,0.3842375826348605,TRBSKJC12903CF3C64,Ella Fitzgerald - Let Yourself Go,0.3217388192832359,TRDBFQH128E07933C2,Lighthouse Family - Whatever Gets You Through The Day,0.29845252157354324,TRYRGJV128F42690CC,The Jacksons - Enjoy Yourself,0.4127939008864306,TRBSKJC12903CF3C64,Ella Fitzgerald - Let Yourself Go,0.34947677663933147,TRDBFQH128E07933C2,Lighthouse Family - Whatever Gets You Through The Day,0.3357116162525008
TRWZXDS128F427A71B,SOAJJDS12A8C13A3FB,ARS8GNX1187B9B5141,The Black Keys,I Got Mine,blues,TRKLJAG128F42B31CF,Mario Vazquez - Everytime I...,2429.0,TRCHZXW128E079288A,Eminem - 8 Mile,2295.0,TREBGAA128E078FC52,Erykah Badu - I Want You,2292.0,TRKLJAG128F42B31CF,Mario Vazquez - Everytime I...,2374.9999999999995,TREBGAA128E078FC52,Erykah Badu - I Want You,2227.0799999999967,TRCHZXW128E079288A,Eminem - 8 Mile,2183.519999999998,TRVFUON128F92E2B10,Gary Moore - Ain't Nobody,0.6978075195678626,TRCPSEE128F934BC20,Veronica Maggio - I staden växer inga blommor,0.6900789820755522,TRJHQUI128F9355211,Judy Garland - I Got Rhythm,0.6830195837462247,TRVFUON128F92E2B10,Gary Moore - Ain't Nobody,0.7023112300132486,TRCPSEE128F934BC20,Veronica Maggio - I staden växer inga blommor,0.6898684822115774,TRJHQUI128F9355211,Judy Garland - I Got Rhythm,0.6884824576413187,TRBCSDW128F424D686,The Maine - You Left Me,114.37569097531079,TRHGZOJ128F14A2ED0,The Simpsons - Do The Bartman,105.97978663579781,TROFGBC128E0783A2B,Talib Kweli - A game,103.65163091631204,TRBCSDW128F424D686,The Maine - You Left Me,101.79780674934584,TRGPQHR128F425769C,Nina Simone - Nobody,89.06826309370011,TRCGAVX12903CFBC61,Ashanti - Rock Wit U (Awww Baby),82.57814316629498,TRAIBCE128F428F082,Fairground Attraction - Winter Rose,0.3771669925837566,TRRGAEJ12903CA37B6,Big Bad Voodoo Daddy - Please Baby,0.3525920682233276,TREKKYO12903CB0F4A,Blind Willie McTell - Rollin' Mama Blues,0.32014577607102884,TRAIBCE128F428F082,Fairground Attraction - Winter Rose,0.3867543745297672,TRRGAEJ12903CA37B6,Big Bad Voodoo Daddy - Please Baby,0.37032913562248576,TREKKYO12903CB0F4A,Blind Willie McTell - Rollin' Mama Blues,0.3451403260481924
TRZDLWE12903CB44DE,SOURIRH12A58A7B408,ARS8GNX1187B9B5141,The Black Keys,If You See Me,blues,TRWSYHO128F4282346,Twista - I'm A Winner (Amended Album Version),2415.0,TRFUJVJ128F426F2A2,Lauryn Hill - Interlude 5,2268.0,TREBGAA128E078FC52,Erykah Badu - I Want You,2044.0,TRWSYHO128F4282346,Twista - I'm A Winner (Amended Album Version),2310.3824999999983,TRFUJVJ128F426F2A2,Lauryn Hill - Interlude 5,2107.92,TREBGAA128E078FC52,Erykah Badu - I Want You,1985.1662500000014,TRPALTN128F42614D4,Ann Lee - Smooth & Sweet,0.737369736517244,TRKNZBD12903CD4DCD,Hafdis Huld - Plastic Halo,0.7349057529957574,TRYDNTB128F9331278,Ginuwine - Only When ur Lonely,0.7277855959236308,TRPALTN128F42614D4,Ann Lee - Smooth & Sweet,0.7445770452629388,TRKNZBD12903CD4DCD,Hafdis Huld - Plastic Halo,0.7422477473632884,TRYDNTB128F9331278,Ginuwine - Only When ur Lonely,0.7358409409036905,TRQAWKR128F425EEC3,Michael Jackson - Man In The Mirror,115.49243408686775,TRRJQIQ128F429A974,Petey Pablo - Fool For Love,110.75874164326609,TRSLSWO128E0786285,Redman - Soopaman Luva 3,102.29923380482178,TRQAWKR128F425EEC3,Michael Jackson - Man In The Mirror,87.66050554101106,TRCPATC128F9318EE7,Katerine - Treat Me Like A Lady,79.57092162904151,TRRJQIQ128F429A974,Petey Pablo - Fool For Love,77.97419636557544,TRCPATC128F9318EE7,Katerine - Treat Me Like A Lady,0.3207336185373162,TRHDFNW12903CCD371,Buddy Holly - Door To My Heart,0.3135721527424217,TRXJKEZ128F4279E33,Roy Orbison - Candy Man,0.2885113904243015,TRCPATC128F9318EE7,Katerine - Treat Me Like A Lady,0.350284644653024,TRHDFNW12903CCD371,Buddy Holly - Door To My Heart,0.33299181842709663,TRWYRGB128F426783D,Jimmy Cliff - Treat The Youths Right,0.3129583201570932
TRNZQVO128F427A71E,SOIQUSV12A8C13A402,ARS8GNX1187B9B5141,The Black Keys,Lies,blues,TRFUJVJ128F426F2A2,Lauryn Hill - Interlude 5,1825.0,TRDPGXU128F9339C2A,Beastie Boys - B-Boy Bouillabaisse: A.W.O.L. (2009 Digital Remaster),1532.0,TRWSYHO128F4282346,Twista - I'm A Winner (Amended Album Version),1506.0,TRFUJVJ128F426F2A2,Lauryn Hill - Interlude 5,1609.7199999999996,TRWSYHO128F4282346,Twista - I'm A Winner (Amended Album Version),1365.3075,TRDPGXU128F9339C2A,Beastie Boys - B-Boy Bouillabaisse: A.W.O.L. (2009 Digital Remaster),1351.9662500000002,TRITIFV128F4294213,Pop Will Eat Itself - I've Always Been A Coward Baby,0.6242314817702719,TRPUCJZ12903D12FDD,Das Ich - Lügen Und Das Ich,0.6200440763937248,TRUWJOP128F42420DC,Linda Ronstadt - Lies  (LP Version),0.6084335483863177,TRITIFV128F4294213,Pop Will Eat Itself - I've Always Been A Coward Baby,0.6401766373602283,TRPUCJZ12903D12FDD,Das Ich - Lügen Und Das Ich,0.6287694619975158,TRUWJOP128F42420DC,Linda Ronstadt - Lies  (LP Version),0.6225176217771732,TRTLIKK128E07862DA,Ja Rule - One of Us,133.94897306491728,TRFUJVJ128F426F2A2,Lauryn Hill - Interlude 5,121.85371818425683,TRCJUCQ12903CEB017,OutKast - Hey Ya!,120.89324008646057,TRCJUCQ12903CEB017,OutKast - Hey Ya!,88.8326987618977,TRBNOOH128F426F02E,Johnny Winter - Blinded By Love,85.6387820704084,TRXONNE128F145A821,Warlock - Kiss Of Death,84.9187028568018,TRWREZO128F1458FAC,Public Image Ltd - Where Are You?,0.27324283943412875,TRSNCVV128F42BAA34,Utada - Crossover Interlude,0.2718689917707447,TRXONNE128F145A821,Warlock - Kiss Of Death,0.2709885433631498,TRXONNE128F145A821,Warlock - Kiss Of Death,0.3104165524557226,TRMZDUY128EF3444ED,Ian McCulloch - Close Your Eyes,0.3053264652465491,TRITIFV128F4294213,Pop Will Eat Itself - I've Always Been A Coward Baby,0.30069774358957896
TRAECHJ12903CC36DA,SOCQQSU12AB0185BF4,ARS8GNX1187B9B5141,The Black Keys,Next Girl,blues,TRDPGXU128F9339C2A,Beastie Boys - B-Boy Bouillabaisse: A.W.O.L. (2009 Digital Remaster),2459.0,TRPBLTG128F933924A,Calvin Harris - The Girls,2248.0,TRCHZXW128E079288A,Eminem - 8 Mile,2121.0,TRDPGXU128F9339C2A,Beastie Boys - B-Boy Bouillabaisse: A.W.O.L. (2009 Digital Remaster),2208.1837500000015,TRPBLTG128F933924A,Calvin Harris - The Girls,2161.6099999999983,TRCHZXW128E079288A,Eminem - 8 Mile,1931.71625,TRNGIXM128F148D3E6,Jesse Johnson - I Want My Girl,0.7258311267502788,TRPVEXL128F42732C5,OTT - Be My Girl,0.6669760036417841,TRALZXZ128F92E26EF,The Jeff Healey Band - My Little Girl,0.6612700940139825,TRNGIXM128F148D3E6,Jesse Johnson - I Want My Girl,0.7358411173733655,TRPVEXL128F42732C5,OTT - Be My Girl,0.6751375721634584,TRALZXZ128F92E26EF,The Jeff Healey Band - My Little Girl,0.6748369848356612,TRYCBLK12903CE6A0E,Twiztid - She Ain't Afraid,183.64447542779783,TRDPGXU128F9339C2A,Beastie Boys - B-Boy Bouillabaisse: A.W.O.L. (2009 Digital Remaster),182.4997740268485,TRFUJVJ128F426F2A2,Lauryn Hill - Interlude 5,178.80420375329848,TRYCBLK12903CE6A0E,Twiztid - She Ain't Afraid,115.7369276271513,TRKSIHT128F4298137,Yerba Buena - Guajira (I Love U 2 Much),108.77702327412061,TRVDTEO128F14956CF,Eric B. & Rakim - What's On Your Mind,102.00837395599558,TRJFZZH128F92D2026,Frank Sinatra - The Girl That I Marry,0.3128762245779093,TRPTSIB128F425EA4D,Paul Potts - Cavatina,0.29610276362482263,TRBGCTC12903D0C1E2,Frank Sinatra - The Girl Next Door,0.2917931650775228,TRJFZZH128F92D2026,Frank Sinatra - The Girl That I Marry,0.33575818723326717,TRPTSIB128F425EA4D,Paul Potts - Cavatina,0.3312260688596559,TRBGCTC12903D0C1E2,Frank Sinatra - The Girl Next Door,0.32761495410447483
TRRVSIN128F9338FD5,SOSICNK12AB01876BB,ARS8GNX1187B9B5141,The Black Keys,No Fun,blues,TRFFSMS128F428BC88,Enrique Iglesias - Miss You,1584.0,TRLUGVB128F428E704,Tracey Ullman - Breakaway,1418.0,TRYAWRN128F42792CB,Janis Joplin - Kozmic Blues,1222.0,TRFFSMS128F428BC88,Enrique Iglesias - Miss You,1525.8125000000023,TRLUGVB128F428E704,Tracey Ullman - Breakaway,1382.5975000000008,TRYAWRN128F42792CB,Janis Joplin - Kozmic Blues,1162.2200000000007,TROPHLE128F14546AE,The Stooges - No Fun (Remasterd LP Version),0.8684616207768242,TRVPQXR128F9333711,Yerba Buena - No No No,0.5649271907256376,TRQPNOU128F429488E,Mecano - La Estación,0.5337115544310207,TROPHLE128F14546AE,The Stooges - No Fun (Remasterd LP Version),0.8699962032182403,TRVPQXR128F9333711,Yerba Buena - No No No,0.5712988047253571,TRQPNOU128F429488E,Mecano - La Estación,0.5381112296108773,TROPHLE128F14546AE,The Stooges - No Fun (Remasterd LP Version),209.6796133760853,TRUADOK12903CCDB56,Cyndi Lauper - Girls Just Want To Have Fun,119.62478716033553,TRANAPL128F42BA7D6,Young Jeezy - By The Way,113.74174409470577,TROPHLE128F14546AE,The Stooges - No Fun (Remasterd LP Version),201.23887292037463,TRUADOK12903CCDB56,Cyndi Lauper - Girls Just Want To Have Fun,108.11697829564739,TRPKFPV128F1467D67,Devo - Time Out For Fun,99.39164070541234,TROPHLE128F14546AE,The Stooges - No Fun (Remasterd LP Version),0.6557596405180579,TRWSWDF128F92ECDDA,The Presets - Kicking And Screaming,0.34603995807202237,TRPKFPV128F1467D67,Devo - Time Out For Fun,0.3265190706352219,TROPHLE128F14546AE,The Stooges - No Fun (Remasterd LP Version),0.6646743300372232,TRWSWDF128F92ECDDA,The Presets - Kicking And Screaming,0.36214574970551544,TRPKFPV128F1467D67,Devo - Time Out For Fun,0.34947955496185706
TRYMMVG128F9340B1B,SOHKBXW12AB0185660,ARS8GNX1187B9B5141,The Black Keys,Stack Shot Billy,blues,TRFUJVJ128F426F2A2,Lauryn Hill - Interlude 5,655.0,TRDPGXU128F9339C2A,Beastie Boys - B-Boy Bouillabaisse: A.W.O.L. (2009 Digital Remaster),542.0,TRFLWJZ128F425C9E4,The Pharcyde - Otha Fish,529.0,TRFUJVJ128F426F2A2,Lauryn Hill - Interlude 5,516.9999999999998,TRFLWJZ128F425C9E4,The Pharcyde - Otha Fish,457.28125000000097,TRDPGXU128F9339C2A,Beastie Boys - B-Boy Bouillabaisse: A.W.O.L. (2009 Digital Remaster),426.59375000000074,TRAQYXB128F92EC315,George Jones - Who Shot Sam,0.47011079870343625,TRPCRIV12903CD6882,Thursday - Unintended Long Term Effects,0.4454531732992485,TRGJECL128F146752C,John Hiatt - Trudy And Dave,0.43178694687704106,TRAQYXB128F92EC315,George Jones - Who Shot Sam,0.48924194357973777,TRPCRIV12903CD6882,Thursday - Unintended Long Term Effects,0.4641938517020844,TRGJECL128F146752C,John Hiatt - Trudy And Dave,0.4567400573695089,TRWBSOS128F426A1CC,Bob Dylan - Shot Of Love,123.60052885098702,TREJHSZ128F148C11B,Onyx - Face Down,117.55843660857778,TRDPGXU128F9339C2A,Beastie Boys - B-Boy Bouillabaisse: A.W.O.L. (2009 Digital Remaster),116.83260286105872,TRWBSOS128F426A1CC,Bob Dylan - Shot Of Love,104.13689007034793,TRKFHUS12903CE01E9,Suicidal Tendencies - I Shot The Devil,100.47335542689319,TRVPHEE128F14B1263,Neil Young - Down By The River [Live At Massey Hall 1971],99.15525981093205,TRKFHUS12903CE01E9,Suicidal Tendencies - I Shot The Devil,0.34296503581870474,TRVPHEE128F14B1263,Neil Young - Down By The River [Live At Massey Hall 1971],0.32868272084891004,TRLVYZC128F9326932,Carbon Leaf - American Tale,0.3110107192658628,TRKFHUS12903CE01E9,Suicidal Tendencies - I Shot The Devil,0.36147734078795424,TRVPHEE128F14B1263,Neil Young - Down By The River [Live At Massey Hall 1971],0.3541920714938153,TRWBSOS128F426A1CC,Bob Dylan - Shot Of Love,0.344489045378207
TRKSEEY12903CCD312,SOTEPSZ12AB018C99D,ARS8GNX1187B9B5141,The Black Keys,Ten Cent Pistol,blues,TRXJTJZ128F4295464,The Corrs - Queen Of Hollywood ( LP Version ),902.0,TRYCBLK12903CE6A0E,Twiztid - She Ain't Afraid,889.0,TRFUJVJ128F426F2A2,Lauryn Hill - Interlude 5,799.0,TRXJTJZ128F4295464,The Corrs - Queen Of Hollywood ( LP Version ),830.3025000000002,TRYCBLK12903CE6A0E,Twiztid - She Ain't Afraid,761.5212500000002,TRDPGXU128F9339C2A,Beastie Boys - B-Boy Bouillabaisse: A.W.O.L. (2009 Digital Remaster),607.8887499999997,TRZFCJS128E0784D05,The Boomtown Rats - Diamond Smiles,0.536455216973206,TRXJTJZ128F4295464,The Corrs - Queen Of Hollywood ( LP Version ),0.5226359783709558,TROBUHQ128F149D98B,Tracy Byrd - Right About Now,0.48820273297993183,TRZFCJS128E0784D05,The Boomtown Rats - Diamond Smiles,0.5586788128389328,TRXJTJZ128F4295464,The Corrs - Queen Of Hollywood ( LP Version ),0.5431163452312806,TROBUHQ128F149D98B,Tracy Byrd - Right About Now,0.5124992210182767,TRDPGXU128F9339C2A,Beastie Boys - B-Boy Bouillabaisse: A.W.O.L. (2009 Digital Remaster),216.5780461443953,TRYCBLK12903CE6A0E,Twiztid - She Ain't Afraid,180.2164477238455,TRFUJVJ128F426F2A2,Lauryn Hill - Interlude 5,172.8889613210213,TRYCBLK12903CE6A0E,Twiztid - She Ain't Afraid,119.86128187548445,TRDPGXU128F9339C2A,Beastie Boys - B-Boy Bouillabaisse: A.W.O.L. (2009 Digital Remaster),117.24912434584576,TRXJTJZ128F4295464,The Corrs - Queen Of Hollywood ( LP Version ),101.92383440935743,TRMVGUP128E0792615,Marilyn Manson - Cyclops,0.28075127881332607,TROBUHQ128F149D98B,Tracy Byrd - Right About Now,0.2763175987398175,TRZOEFZ12903CAF410,Dave Barnes - You Do The Same For Me,0.2610752269483473,TROBUHQ128F149D98B,Tracy Byrd - Right About Now,0.3215858754059264,TRNMNVL128F42BCCD1,Alabama - Lady Down On Love,0.30384065086483375,TRMVGUP128E0792615,Marilyn Manson - Cyclops,0.3016933514840455
TRFOGQC12903CA9D2E,SOTDIMP12AB01821E8,ARS8GNX1187B9B5141,The Black Keys,The Flame,blues,TRFUJVJ128F426F2A2,Lauryn Hill - Interlude 5,2219.0,TRWSYHO128F4282346,Twista - I'm A Winner (Amended Album Version),1494.0,TRGLNKG128F9307689,Eminem - My Darling,1236.0,TRFUJVJ128F426F2A2,Lauryn Hill - Interlude 5,2044.2000000000003,TRWSYHO128F4282346,Twista - I'm A Winner (Amended Album Version),1379.7625000000003,TRUGLTC128F4227B93,Danity Kane - Hold Me Down (Album Version),1144.0124999999994,TRDJYOH128F429B2F8,Midtown - Knew It All Along (Acoustic),0.6133117060829758,TRYXYFR128E078C6B5,Digital Underground - Sex Packets (LP Version),0.6126989488661159,TRFUJVJ128F426F2A2,Lauryn Hill - Interlude 5,0.6102791149807196,TRYXYFR128E078C6B5,Digital Underground - Sex Packets (LP Version),0.6299231171848717,TRFUJVJ128F426F2A2,Lauryn Hill - Interlude 5,0.6291489352766583,TRDJYOH128F429B2F8,Midtown - Knew It All Along (Acoustic),0.6268797913336144,TRFUJVJ128F426F2A2,Lauryn Hill - Interlude 5,107.75685593204494,TRDPGXU128F9339C2A,Beastie Boys - B-Boy Bouillabaisse: A.W.O.L. (2009 Digital Remaster),97.97994526950497,TRKWXOA128F424A78F,GG Allin - Kissing The Flames,90.6085081613586,TRKWXOA128F424A78F,GG Allin - Kissing The Flames,83.06239656341896,TRZDBBB12903CE7208,ERIC SARDINAS - Flames of Love,80.31252382289048,TRZRCGB128F146F82B,Tina Turner - All The Woman (Recorded Live In London '99),73.84296272867844,TRZDBBB12903CE7208,ERIC SARDINAS - Flames of Love,0.3822092814490431,TRKWXOA128F424A78F,GG Allin - Kissing The Flames,0.37440573047480086,TRSCRSV128F92F3D0B,Dinah Washington - Wheel Of Fortune,0.33085443793258706,TRZDBBB12903CE7208,ERIC SARDINAS - Flames of Love,0.4074026792725458,TRKWXOA128F424A78F,GG Allin - Kissing The Flames,0.39458570458723463,TRSCRSV128F92F3D0B,Dinah Washington - Wheel Of Fortune,0.35593119667528456
TREVCQU12903CCD318,SOGECRB12AB018C9AB,ARS8GNX1187B9B5141,The Black Keys,These Days,blues,TRFUJVJ128F426F2A2,Lauryn Hill - Interlude 5,2558.0,TRDPGXU128F9339C2A,Beastie Boys - B-Boy Bouillabaisse: A.W.O.L. (2009 Digital Remaster),2148.0,TREBGAA128E078FC52,Erykah Badu - I Want You,1884.0,TRFUJVJ128F426F2A2,Lauryn Hill - Interlude 5,2276.4800000000005,TRDPGXU128F9339C2A,Beastie Boys - B-Boy Bouillabaisse: A.W.O.L. (2009 Digital Remaster),1912.5712500000004,TREBGAA128E078FC52,Erykah Badu - I Want You,1780.5337500000003,TRKDVQI128F4271B77,Gregg Allman - These Days,0.6577582435087537,TRLAEHY128F4262611,Hot Water Music - The Sense,0.6141180233274937,TRVMHRC128F9308C9A,Rhymefest - These Days,0.601615712468455,TRKDVQI128F4271B77,Gregg Allman - These Days,0.670605161857436,TRLAEHY128F4262611,Hot Water Music - The Sense,0.6307612191887608,TRVMHRC128F9308C9A,Rhymefest - These Days,0.6219959378222331,TRFUJVJ128F426F2A2,Lauryn Hill - Interlude 5,221.23296922537733,TRDPGXU128F9339C2A,Beastie Boys - B-Boy Bouillabaisse: A.W.O.L. (2009 Digital Remaster),184.20043579657573,TRVVRNW128EF362423,The Brand New Heavies - Last to Know,173.63880725733367,TRVVRNW128EF362423,The Brand New Heavies - Last to Know,132.85249816841667,TRFUJVJ128F426F2A2,Lauryn Hill - Interlude 5,107.96889902991626,TRQAWKR128F425EEC3,Michael Jackson - Man In The Mirror,92.74193385271387,TRVVRNW128EF362423,The Brand New Heavies - Last to Know,0.27165432406266304,TRSIJOP128F9314929,Rich Mullins - The Howling,0.26018836164575543,TREROBC12903CFFC50,Zimmers Hole - Death To The Dodgers Of Soap,0.2522794249669787,TRVVRNW128EF362423,The Brand New Heavies - Last to Know,0.3273610145068825,TRSIJOP128F9314929,Rich Mullins - The Howling,0.32222864354274455,TRUDTXB128F423C537,Josh Groban - Vincent (Starry_ Starry Night) (Album Version),0.2942971396329301
TRFLJNE12903CB44F1,SOBJBEU12AF729D526,ARS8GNX1187B9B5141,The Black Keys,When The Lights Go Out,blues,TRFUJVJ128F426F2A2,Lauryn Hill - Interlude 5,2209.0,TRWSYHO128F4282346,Twista - I'm A Winner (Amended Album Version),1781.0,TREBGAA128E078FC52,Erykah Badu - I Want You,1457.0,TRFUJVJ128F426F2A2,Lauryn Hill - Interlude 5,1995.56,TRWSYHO128F4282346,Twista - I'm A Winner (Amended Album Version),1641.5100000000004,TREBGAA128E078FC52,Erykah Badu - I Want You,1378.5550000000003,TRVLVOT128F1460C61,Donnie - Do You Know?,0.5652622259575328,TRBEWAM128F145CA91,Shannon McNally - Down And Dirty,0.5648937104498957,TRGESLP12903CE31C8,Bon Jovi - Superman Tonight,0.5602434622845045,TRBEWAM128F145CA91,Shannon McNally - Down And Dirty,0.5795693115308373,TRVLVOT128F1460C61,Donnie - Do You Know?,0.5781506783083159,TRGESLP12903CE31C8,Bon Jovi - Superman Tonight,0.5774632974445119,TRDPGXU128F9339C2A,Beastie Boys - B-Boy Bouillabaisse: A.W.O.L. (2009 Digital Remaster),117.88441118364433,TRFUJVJ128F426F2A2,Lauryn Hill - Interlude 5,116.2962770185542,TROIJDA128F9341E70,R. Kelly - I Mean (I Don't Mean It),98.74623614769385,TROIJDA128F9341E70,R. Kelly - I Mean (I Don't Mean It),70.35455889130716,TROGOFF128F42827CE,Natalie Cole - Your Eyes,68.56146454222068,TRRYCLJ128F42A56FF,Ledisi - Alright,62.48943859173624,TRSRAVI128F42636EE,Regina Belle - Just Don't Want To Be Lonely,0.307779138624496,TRAFWEV128F428D391,Cake - Alpha Beta Parking Lot,0.2598459801619848,TRXGLHP128F92E5AFD,Disco - Enemmän,0.25969686918024254,TRSRAVI128F42636EE,Regina Belle - Just Don't Want To Be Lonely,0.33483532495307416,TRJWTIG128F427E648,Chemlab - Force Quit,0.29124156743377655,TRRKTYG128F428939A,Ian McCulloch - Playgrounds And City Parks,0.28843303371699863
TRQNNKX12903CB44CA,SOCULJG12A8AE4714D,ARS8GNX1187B9B5141,The Black Keys,Have Love Will Travel,blues,TREBGAA128E078FC52,Erykah Badu - I Want You,2215.0,TRFUJVJ128F426F2A2,Lauryn Hill - Interlude 5,2205.0,TRWSYHO128F4282346,Twista - I'm A Winner (Amended Album Version),2108.0,TREBGAA128E078FC52,Erykah Badu - I Want You,2115.5912499999995,TRFUJVJ128F426F2A2,Lauryn Hill - Interlude 5,1934.52,TRWSYHO128F4282346,Twista - I'm A Winner (Amended Album Version),1931.2324999999996,TRTNMJU128F4299B34,Lisa Stansfield - Somewhere In Time,0.6597663237313358,TRLVIKC12903CF81B9,Burden Of A Day - My Forfeit,0.618279742786149,TRCKORX128F1480B65,Bronski Beat - I Feel Love,0.6164859183592399,TRTNMJU128F4299B34,Lisa Stansfield - Somewhere In Time,0.6698115401794407,TRLVIKC12903CF81B9,Burden Of A Day - My Forfeit,0.6271956421817664,TRLTTDC128E079380E,Rufus Wainwright - Baby,0.6264826776685397,TRZARUP128F9348146,KMD - Plumskinzz (Loose Hoe_ God & Cupid),193.30564433264738,TRPUEFZ128F146269E,Onyx - Slam,189.28379570452975,TRHDXOY128F42B3BE9,Onyx - Slam Harder,189.28379570452975,TRHDXOY128F42B3BE9,Onyx - Slam Harder,148.39767935782788,TRPUEFZ128F146269E,Onyx - Slam,148.39767935782788,TRZARUP128F9348146,KMD - Plumskinzz (Loose Hoe_ God & Cupid),146.46270001008887,TRDRHRG128F428BBDB,The Dells - I Miss You,0.400057661689638,TRYLINA128F1459E1C,Shania Twain - I'm Not In The Mood (To Say No)!,0.3531317376986634,TRGEMSN128E07944A8,Bob Marley & The Wailers - Reggae On Broadway,0.34207793763701105,TRDRHRG128F428BBDB,The Dells - I Miss You,0.4311475064344071,TRYLINA128F1459E1C,Shania Twain - I'm Not In The Mood (To Say No)!,0.38186699761741727,TRGEMSN128E07944A8,Bob Marley & The Wailers - Reggae On Broadway,0.36837951516042916
TRKNKGC128F42A746A,SOUZEJD12D021B5336,AR20CFC1187B98A25D,Ray Charles,C.C. Rider,blues,TRFUJVJ128F426F2A2,Lauryn Hill - Interlude 5,7547.0,TRWSYHO128F4282346,Twista - I'm A Winner (Amended Album Version),6158.0,TRGLNKG128F9307689,Eminem - My Darling,5473.0,TRFUJVJ128F426F2A2,Lauryn Hill - Interlude 5,6974.759999999998,TRWSYHO128F4282346,Twista - I'm A Winner (Amended Album Version),5784.0225,TREBGAA128E078FC52,Erykah Badu - I Want You,5127.68625,TRPBTSJ128F42A3168,Harry Belafonte - Angelina,0.7030176047073946,TRHMLCK128F93085F2,Jeff Timmons - Can't You See,0.6977799812634016,TRBEWAM128F145CA91,Shannon McNally - Down And Dirty,0.6937393530547816,TRPBTSJ128F42A3168,Harry Belafonte - Angelina,0.713714348878679,TRHMLCK128F93085F2,Jeff Timmons - Can't You See,0.7060401258180394,TRBEWAM128F145CA91,Shannon McNally - Down And Dirty,0.7038096574177413,TRDPGXU128F9339C2A,Beastie Boys - B-Boy Bouillabaisse: A.W.O.L. (2009 Digital Remaster),206.3638509939273,TRDUSIG12903CA5FCB,Savatage - The Hourglass,192.48427995106925,TRQWDRK128F4241A32,Twista - Overdose (Album Version),191.3112035944382,TRHQIZI128F42A0297,Duran Duran - All Along The Water,154.4592645870994,TRFDNZW12903CE7C71,Madness - Forever Young,116.62788454219886,TRBNOOH128F426F02E,Johnny Winter - Blinded By Love,114.98700065409388,TRHQIZI128F42A0297,Duran Duran - All Along The Water,0.3080807762094685,TRSEKGC12903CAB349,Fats Domino - Careless Love,0.3004483064321271,TRELNET128F429FC16,Richard Hawley - Coming Home (Live At Sheffield City Hall),0.26843344031122474,TRHQIZI128F42A0297,Duran Duran - All Along The Water,0.34063634228869344,TRSEKGC12903CAB349,Fats Domino - Careless Love,0.32623604489266544,TRKBMKY128F4267E1B,Molly Hatchet - The Price You Pay,0.30953327770931865
TRWEHQE128F935A2D6,SOKQSDH12AB0188B1A,AR20CFC1187B98A25D,Ray Charles,I Got a Woman,blues,TRDPGXU128F9339C2A,Beastie Boys - B-Boy Bouillabaisse: A.W.O.L. (2009 Digital Remaster),2251.0,TRFUJVJ128F426F2A2,Lauryn Hill - Interlude 5,2160.0,TRYCBLK12903CE6A0E,Twiztid - She Ain't Afraid,2066.0,TRDPGXU128F9339C2A,Beastie Boys - B-Boy Bouillabaisse: A.W.O.L. (2009 Digital Remaster),1961.7150000000004,TRYCBLK12903CE6A0E,Twiztid - She Ain't Afraid,1864.6049999999989,TRCHZXW128E079288A,Eminem - 8 Mile,1823.6850000000006,TRBDCAH128EF362D31,The Pharcyde - Passin' Me By,0.6087311125223542,TRVJFHH12903CA2811,Josh Turner - Haywire,0.6038000443257137,TRAPEZB128F92FEFBC,Gentleman - Empress,0.6030790764798434,TRBDCAH128EF362D31,The Pharcyde - Passin' Me By,0.6271014613120457,TRAPEZB128F92FEFBC,Gentleman - Empress,0.6211101328495388,TRVJFHH12903CA2811,Josh Turner - Haywire,0.6205870537019557,TRDPGXU128F9339C2A,Beastie Boys - B-Boy Bouillabaisse: A.W.O.L. (2009 Digital Remaster),221.39316875832867,TRPUUSG128E07953B7,Shaggy - Luv Me Up,179.6494375605286,TRJNANQ128F92D08C3,Four Tops - Ain't No Woman (Like The One I've Got),172.72057926336814,TRSWHDW128F14947CF,Gary Moore - Only Fool In Town (2002 Digital Remaster),146.7055818075272,TRJNANQ128F92D08C3,Four Tops - Ain't No Woman (Like The One I've Got),136.9043613202805,TRPUUSG128E07953B7,Shaggy - Luv Me Up,126.29967509948284,TRSWHDW128F14947CF,Gary Moore - Only Fool In Town (2002 Digital Remaster),0.4010407468110281,TRDTMEB128F92EFA68,The Fabulous Thunderbirds - Full-Time Lover,0.34381432033141834,TRIYNIM128F145F8FA,Ohio Players - It's All Over,0.33383660629368317,TRSWHDW128F14947CF,Gary Moore - Only Fool In Town (2002 Digital Remaster),0.4316836006551534,TRDTMEB128F92EFA68,The Fabulous Thunderbirds - Full-Time Lover,0.3798647058354822,TRIYNIM128F145F8FA,Ohio Players - It's All Over,0.37173208330659396
TRPMJOK128F92F317A,SOQWJXH12AAF3B5B0F,AR20CFC1187B98A25D,Ray Charles,The Sun's Gonna Shine Again,blues,TRFUJVJ128F426F2A2,Lauryn Hill - Interlude 5,2103.0,TRDPGXU128F9339C2A,Beastie Boys - B-Boy Bouillabaisse: A.W.O.L. (2009 Digital Remaster),1440.0,TRWSYHO128F4282346,Twista - I'm A Winner (Amended Album Version),1435.0,TRFUJVJ128F426F2A2,Lauryn Hill - Interlude 5,1904.2800000000002,TRWSYHO128F4282346,Twista - I'm A Winner (Amended Album Version),1305.1299999999997,TREBGAA128E078FC52,Erykah Badu - I Want You,1277.9650000000001,TRRDSTH12903CF37F7,Skip James - Devil Got My Woman,0.5526260631506806,TRFSOAL128F931B19F,Robben Ford - The Way You Treated Me (You're Gonna Be Sorry),0.543469737304919,TRYVYKU128F426F26F,Lauryn Hill - Interlude 1,0.5295659750403525,TRRDSTH12903CF37F7,Skip James - Devil Got My Woman,0.5696912691762414,TRFSOAL128F931B19F,Robben Ford - The Way You Treated Me (You're Gonna Be Sorry),0.5577570277273353,TRYVYKU128F426F26F,Lauryn Hill - Interlude 1,0.5491798622456296,TRHJRZH128F428BC86,Hayseed Dixie - Black Dog,138.57148134751674,TRWNLAK128C7196461,Warren G - Keepin' It Strong,128.00857569441874,TRTLIKK128E07862DA,Ja Rule - One of Us,124.8100515847761,TRHJRZH128F428BC86,Hayseed Dixie - Black Dog,117.38697410621359,TRJAPND128F42507C5,Simian Mobile Disco - I BELIEVE,96.8763277380338,TRPXKXB12903CB440A,Pepper - Davey Jones Locker,90.21257896454506,TRHJRZH128F428BC86,Hayseed Dixie - Black Dog,0.3004333497688122,TRJAPND128F42507C5,Simian Mobile Disco - I BELIEVE,0.29919760970521275,TRCANIV128F428062F,The Kingston Trio - When The Saints Go Marching In,0.27890141769694593,TRHJRZH128F428BC86,Hayseed Dixie - Black Dog,0.3357026124527508,TRJAPND128F42507C5,Simian Mobile Disco - I BELIEVE,0.33230887210274873,TRCANIV128F428062F,The Kingston Trio - When The Saints Go Marching In,0.30403978041413954
TRGXECP12903CDDC43,SOCLEEQ12D021B23E0,AR20CFC1187B98A25D,Ray Charles,Losing Hand,blues,TRFUJVJ128F426F2A2,Lauryn Hill - Interlude 5,3227.0,TRWSYHO128F4282346,Twista - I'm A Winner (Amended Album Version),2963.0,TREBGAA128E078FC52,Erykah Badu - I Want You,2841.0,TRFUJVJ128F426F2A2,Lauryn Hill - Interlude 5,2991.4800000000005,TRWSYHO128F4282346,Twista - I'm A Winner (Amended Album Version),2809.08,TREBGAA128E078FC52,Erykah Badu - I Want You,2754.440000000001,TRWBWCV12903CF1327,Wild Strawberries - Heroine,0.7490418712182675,TRNODEK128E07861DD,LL Cool J - Lollipop,0.7480762379464739,TRLTTDC128E079380E,Rufus Wainwright - Baby,0.7397508372346263,TRNODEK128E07861DD,LL Cool J - Lollipop,0.7561962839199741,TRWBWCV12903CF1327,Wild Strawberries - Heroine,0.756067027843703,TRLTTDC128E079380E,Rufus Wainwright - Baby,0.747349575969435,TRFUJVJ128F426F2A2,Lauryn Hill - Interlude 5,150.9591179839856,TRALKUS128F42384AC,Keith Sweat - Caught Up,148.8373280875691,TRDPGXU128F9339C2A,Beastie Boys - B-Boy Bouillabaisse: A.W.O.L. (2009 Digital Remaster),116.07342223157131,TRALKUS128F42384AC,Keith Sweat - Caught Up,119.87110520590969,TRMDJHR128F92F84FC,The Emotions - I Don't Wanna Lose Your Love,95.56190394712773,TREXHBK128F9312A37,Amerie - Higher,86.34461554632365,TRALKUS128F42384AC,Keith Sweat - Caught Up,0.28601031737394705,TRMDJHR128F92F84FC,The Emotions - I Don't Wanna Lose Your Love,0.2726574652953823,TREXHBK128F9312A37,Amerie - Higher,0.262759000754433,TRALKUS128F42384AC,Keith Sweat - Caught Up,0.329169849090275,TRMDJHR128F92F84FC,The Emotions - I Don't Wanna Lose Your Love,0.3111146676583439,TREXHBK128F9312A37,Amerie - Higher,0.3039388107958251
TREQYGT128E07859FA,SOZOJBP12A6701E425,ARV9LSS1187B98C471,Blake Shelton,Nobody But Me (Album Version),blues,TRFUJVJ128F426F2A2,Lauryn Hill - Interlude 5,4601.0,TRWSYHO128F4282346,Twista - I'm A Winner (Amended Album Version),3701.0,TREBGAA128E078FC52,Erykah Badu - I Want You,3608.0,TRFUJVJ128F426F2A2,Lauryn Hill - Interlude 5,4194.36,TREBGAA128E078FC52,Erykah Badu - I Want You,3458.548749999999,TRWSYHO128F4282346,Twista - I'm A Winner (Amended Album Version),3435.2475000000013,TRZFWHP12903D13D18,Webb Pierce - I Ain't Never,0.7001392651379817,TRIJWAB128F148AA50,En Vogue - Love Don't Love You (LP Version),0.6915751644784802,TRAEPAC12903CE5DC8,Ray Charles - Let's Go,0.6873740898651675,TRZFWHP12903D13D18,Webb Pierce - I Ain't Never,0.7093228630758824,TRIJWAB128F148AA50,En Vogue - Love Don't Love You (LP Version),0.700632809590511,TRAEPAC12903CE5DC8,Ray Charles - Let's Go,0.6958892324018713,TRFUJVJ128F426F2A2,Lauryn Hill - Interlude 5,188.72763441896328,TRDPGXU128F9339C2A,Beastie Boys - B-Boy Bouillabaisse: A.W.O.L. (2009 Digital Remaster),165.6806572258446,TRXKZZM128F9336E7C,Adina Howard - Nasty Grind,161.6104201861799,TRXKZZM128F9336E7C,Adina Howard - Nasty Grind,140.38443709335922,TRELUOS128F421EE24,Blind Willie McTell - Come On Around To My House Mama,115.3120319375317,TRGGPDR128F42A56FC,Ledisi - Joy,99.26430475193006,TRXKZZM128F9336E7C,Adina Howard - Nasty Grind,0.3604514794340274,TRUPYXJ128F9319774,Tina Dico - Nobody's Man,0.3292635571133808,TRIYNIM128F145F8FA,Ohio Players - It's All Over,0.31294272788880234,TRXKZZM128F9336E7C,Adina Howard - Nasty Grind,0.3934478501806994,TRUPYXJ128F9319774,Tina Dico - Nobody's Man,0.36187800862412023,TRIYNIM128F145F8FA,Ohio Players - It's All Over,0.3470702918465386
TROFEVE12903CD8AAA,SONQLUB12D02199FCD,AR66H0N1187B9AE91E,Etta James,A Sunday Kind of Love,blues,TRFUJVJ128F426F2A2,Lauryn Hill - Interlude 5,2268.0,TRDPGXU128F9339C2A,Beastie Boys - B-Boy Bouillabaisse: A.W.O.L. (2009 Digital Remaster),2092.0,TRCHZXW128E079288A,Eminem - 8 Mile,1772.0,TRFUJVJ128F426F2A2,Lauryn Hill - Interlude 5,2010.4000000000003,TRDPGXU128F9339C2A,Beastie Boys - B-Boy Bouillabaisse: A.W.O.L. (2009 Digital Remaster),1876.5750000000003,TRCHZXW128E079288A,Eminem - 8 Mile,1609.4250000000004,TRWWLCH128F9307E59,Astrud Gilberto - And Roses And Roses,0.638785748743474,TRSLGXM12903CE5B9C,Melissa Etheridge - Fearless Love,0.6243458212698526,TRNEDXS128EF347095,W.A.S.P. - Fistful Of Diamonds,0.6204365192080412,TRWWLCH128F9307E59,Astrud Gilberto - And Roses And Roses,0.6520805604100922,TRSLGXM12903CE5B9C,Melissa Etheridge - Fearless Love,0.6374657574594913,TRNEDXS128EF347095,W.A.S.P. - Fistful Of Diamonds,0.6311391808738567,TRFMKJY128F92E89F1,Big Brovaz - Find A Way,211.96369010441828,TRONPIZ128F1454219,Mariah Carey - Sprung,198.2383897484197,TRQMAUL12903CE91AC,Lyfe Jennings - She Got Kids,190.85303739883008,TRONPIZ128F1454219,Mariah Carey - Sprung,174.2890597344387,TRFMKJY128F92E89F1,Big Brovaz - Find A Way,160.67117285084242,TRFDCNQ128F1459669,Fats Domino - I'm Ready,157.4030762470633,TRONPIZ128F1454219,Mariah Carey - Sprung,0.3675959557359174,TRCCBDW128F92CD25E,T.Rex - London Boys,0.363856231295574,TRAAHBS128F429F76A,Reel Big Fish - I'm Cool,0.3298358263373414,TRONPIZ128F1454219,Mariah Carey - Sprung,0.39798701658819746,TRCCBDW128F92CD25E,T.Rex - London Boys,0.3828997838040731,TRAAHBS128F429F76A,Reel Big Fish - I'm Cool,0.357378210530358
TRCFPJF128F428A872,SOKCCML12D021B0FC6,AR66H0N1187B9AE91E,Etta James,I Just Want To Make Love To You,blues,TRFUJVJ128F426F2A2,Lauryn Hill - Interlude 5,7889.0,TRWSYHO128F4282346,Twista - I'm A Winner (Amended Album Version),7104.0,TREBGAA128E078FC52,Erykah Badu - I Want You,6291.0,TRFUJVJ128F426F2A2,Lauryn Hill - Interlude 5,7489.720000000003,TRWSYHO128F4282346,Twista - I'm A Winner (Amended Album Version),6843.057500000001,TREBGAA128E078FC52,Erykah Badu - I Want You,6144.253749999998,TRLVWXW128F4253365,Willie Dixon - I Just Want To Make Love To You,0.8572527623051507,TRNZPAS128F148D3EB,Jesse Johnson - Love Struck,0.8294796744438521,TRECXRG128F426AF2B,Jon Secada - Want You_ Miss You_ Love You,0.7970538844156051,TRLVWXW128F4253365,Willie Dixon - I Just Want To Make Love To You,0.8602212578815764,TRNZPAS128F148D3EB,Jesse Johnson - Love Struck,0.8335277879280489,TRECXRG128F426AF2B,Jon Secada - Want You_ Miss You_ Love You,0.8014557433217919,TRFUJVJ128F426F2A2,Lauryn Hill - Interlude 5,150.22731499091103,TROJBZR128F92F315E,Incognito - Blue (I'm Still Here With You),130.73627575323727,TRPUUSG128E07953B7,Shaggy - Luv Me Up,125.88843649885,TROJBZR128F92F315E,Incognito - Blue (I'm Still Here With You),109.71351555173025,TRLVWXW128F4253365,Willie Dixon - I Just Want To Make Love To You,109.27370127728639,TRMVGKO128E078552F,Keith Sweat - Give Me What I Want (LP Version),96.86111242812805,TRLVWXW128F4253365,Willie Dixon - I Just Want To Make Love To You,0.696046168514115,TRSGNZB128F424ECCA,Tristan Prettyman - You Got Me,0.3456365527136835,TRMVGKO128E078552F,Keith Sweat - Give Me What I Want (LP Version),0.33049304784600125,TRLVWXW128F4253365,Willie Dixon - I Just Want To Make Love To You,0.7093138579497328,TRSGNZB128F424ECCA,Tristan Prettyman - You Got Me,0.3821812375360419,TRMVGKO128E078552F,Keith Sweat - Give Me What I Want (LP Version),0.36757191179765425
TRBFTHL128C7196B42,SODJRCC12D02192374,AR66H0N1187B9AE91E,Etta James,My Dearest Darling,blues,TRFUJVJ128F426F2A2,Lauryn Hill - Interlude 5,1609.0,TRWSYHO128F4282346,Twista - I'm A Winner (Amended Album Version),1603.0,TRGLNKG128F9307689,Eminem - My Darling,1567.0,TRWSYHO128F4282346,Twista - I'm A Winner (Amended Album Version),1501.9899999999993,TRGLNKG128F9307689,Eminem - My Darling,1472.3949999999998,TRFUJVJ128F426F2A2,Lauryn Hill - Interlude 5,1454.4399999999996,TRXZNNF12903CA6F9B,Kenny Rogers - Endless love,0.6989731103223137,TRJXBDJ128F4292591,Angie Stone - Snowflakes,0.6900703783444943,TRSAKRH128F4247F79,Mint Condition - Breakin' My Heart (Pretty Brown Eyes),0.6869805448877182,TRXZNNF12903CA6F9B,Kenny Rogers - Endless love,0.7090147186016058,TRJXBDJ128F4292591,Angie Stone - Snowflakes,0.7016972764662263,TRSAKRH128F4247F79,Mint Condition - Breakin' My Heart (Pretty Brown Eyes),0.6981418553632347,TRGLNKG128F9307689,Eminem - My Darling,152.5164969190978,TROJYOU12903CBD2A8,Martin Jondo - Hold You,101.44192931450264,TROGOFF128F42827CE,Natalie Cole - Your Eyes,92.88704938162866,TRGLNKG128F9307689,Eminem - My Darling,110.92504260754477,TROJYOU12903CBD2A8,Martin Jondo - Hold You,79.80765596908418,TRZKBFF128EF357167,Sonya Kitchell - Too Beautiful,78.78734157635674,TRQLICG12903CBFAFD,UB40 - Come Back Darling,0.38824963885186237,TRPQUWE128F42B1B53,Johnny Nash - Stir It Up,0.3822930110479695,TRIYZBJ128F933D72E,Percy Sledge - My Special Prayer,0.36602336604672486,TRQLICG12903CBFAFD,UB40 - Come Back Darling,0.4076260866728643,TRPQUWE128F42B1B53,Johnny Nash - Stir It Up,0.4053314550560442,TRIYZBJ128F933D72E,Percy Sledge - My Special Prayer,0.3896993340669455
TRFEGGQ128E07898AA,SOMPSXS12D021B12D7,AR66H0N1187B9AE91E,Etta James,W.O.M.A.N.,blues,TRFUJVJ128F426F2A2,Lauryn Hill - Interlude 5,2237.0,TREAUAV128EF33FE50,Electrelane - Cut And Run,1879.0,TRWSYHO128F4282346,Twista - I'm A Winner (Amended Album Version),1744.0,TRFUJVJ128F426F2A2,Lauryn Hill - Interlude 5,2012.5199999999998,TREAUAV128EF33FE50,Electrelane - Cut And Run,1826.844999999999,TRWSYHO128F4282346,Twista - I'm A Winner (Amended Album Version),1597.295,TRKKSER128F4241C16,Pretty Maids - Perfect Stranger,0.7352704095327427,TRPNSHU128F428049F,The Darkness - Givin' Up (Clean Version),0.7313282315519746,TRUOWXS128F4232239,Little Anthony & The Imperials - Shimmy_ Shimmy_ Ko-Ko-Bop (Single Version),0.7258297353358554,TRKKSER128F4241C16,Pretty Maids - Perfect Stranger,0.7408304133687239,TRPNSHU128F428049F,The Darkness - Givin' Up (Clean Version),0.7350005406724144,TRUOWXS128F4232239,Little Anthony & The Imperials - Shimmy_ Shimmy_ Ko-Ko-Bop (Single Version),0.7317444599241864,TRRMFXK128F14841FD,Gyptian - Take My Money,152.32534121660066,TRQGLNM128F42618C6,The Isley Brothers - Touch Me,138.0647886861763,TRSZNIY128F14A437E,Shania Twain - Man! I Feel Like A Woman!,132.01513515969464,TRRMFXK128F14841FD,Gyptian - Take My Money,123.1224752747566,TRSZNIY128F14A437E,Shania Twain - Man! I Feel Like A Woman!,112.92338038793508,TRPUKOY128F42AC976,Bette Midler - I'm A Woman,105.87676733217464,TRZTQEP128E0792526,Nine Inch Nails - The Great Collapse,0.4043369236069298,TRPUKOY128F42AC976,Bette Midler - I'm A Woman,0.39291434656625235,TRQUJCP128F4238206,Eric Clapton - Kind Hearted Woman Blues (Album Version),0.37769830055584896,TRPUKOY128F42AC976,Bette Midler - I'm A Woman,0.4224368904492078,TRZTQEP128E0792526,Nine Inch Nails - The Great Collapse,0.4136833020132849,TRQUJCP128F4238206,Eric Clapton - Kind Hearted Woman Blues (Album Version),0.40427036347076034
TRDDDDX128E0793212,SOIOOIR12A58A7EBB8,ARLAUED1187B9ACEAF,Eric Clapton,Alberta,blues,TRFUJVJ128F426F2A2,Lauryn Hill - Interlude 5,1647.0,TRWSYHO128F4282346,Twista - I'm A Winner (Amended Album Version),1532.0,TRGLNKG128F9307689,Eminem - My Darling,1249.0,TRFUJVJ128F426F2A2,Lauryn Hill - Interlude 5,1496.12,TRWSYHO128F4282346,Twista - I'm A Winner (Amended Album Version),1433.395,TRGLNKG128F9307689,Eminem - My Darling,1156.6475,TRYOFCJ128F425A6B6,Bay City Rollers - Lovely To See You,0.6170007710107542,TRBEWAM128F145CA91,Shannon McNally - Down And Dirty,0.6132646651337131,TRXNKTE128F427F992,Jennifer Lopez - Theme From Mahagony (Do You Know Where You're Going To),0.6086252255072367,TRYOFCJ128F425A6B6,Bay City Rollers - Lovely To See You,0.626346080342961,TRBEWAM128F145CA91,Shannon McNally - Down And Dirty,0.623717588308047,TRXNKTE128F427F992,Jennifer Lopez - Theme From Mahagony (Do You Know Where You're Going To),0.6182644199064222,TROYGTB128F14564F4,Brian McKnight - Try Our Love Again,96.33294195918275,TRZHKXV128F428A22A,Connie Smith - Ain't Had No Lovin',84.89185849967309,TRCHZXW128E079288A,Eminem - 8 Mile,81.96100040334667,TROYGTB128F14564F4,Brian McKnight - Try Our Love Again,82.77794197766266,TRZHKXV128F428A22A,Connie Smith - Ain't Had No Lovin',76.75653251846985,TRSRTSN128F14564F6,Brian McKnight - Been So Long,69.6630451943262,TRZHKXV128F428A22A,Connie Smith - Ain't Had No Lovin',0.37482127818432764,TRSRTSN128F14564F6,Brian McKnight - Been So Long,0.35204477797302963,TROYGTB128F14564F4,Brian McKnight - Try Our Love Again,0.3277826544825819,TRZHKXV128F428A22A,Connie Smith - Ain't Had No Lovin',0.39845904902159585,TRSRTSN128F14564F6,Brian McKnight - Been So Long,0.38161751897302926,TROYGTB128F14564F4,Brian McKnight - Try Our Love Again,0.3599418499251933
TRWBAGY128F93034BF,SOXIVQT12AB0181061,ARLAUED1187B9ACEAF,Eric Clapton,Before You Accuse Me (Take A Look At Yourself),blues,TRFUJVJ128F426F2A2,Lauryn Hill - Interlude 5,1431.0,TRGLNKG128F9307689,Eminem - My Darling,1312.0,TRDPGXU128F9339C2A,Beastie Boys - B-Boy Bouillabaisse: A.W.O.L. (2009 Digital Remaster),1285.0,TRFUJVJ128F426F2A2,Lauryn Hill - Interlude 5,1254.3599999999997,TRGLNKG128F9307689,Eminem - My Darling,1203.8799999999997,TRWSYHO128F4282346,Twista - I'm A Winner (Amended Album Version),1163.56,TROIRUX128F92FC956,Bo Diddley - Before You Accuse Me,0.8800229295853711,TRVVIWJ128F42697BA,Fat Joe - Preacher On A Sunday Morning,0.6131911839346953,TRLKEFU128F422C555,Joss Stone - You Had Me (Live),0.6047578537285803,TROIRUX128F92FC956,Bo Diddley - Before You Accuse Me,0.885745926261553,TRVVIWJ128F42697BA,Fat Joe - Preacher On A Sunday Morning,0.6330220103140114,TRLKEFU128F422C555,Joss Stone - You Had Me (Live),0.6217482026427427,TROIRUX128F92FC956,Bo Diddley - Before You Accuse Me,195.342585706263,TRDPGXU128F9339C2A,Beastie Boys - B-Boy Bouillabaisse: A.W.O.L. (2009 Digital Remaster),134.7364309707027,TRFUJVJ128F426F2A2,Lauryn Hill - Interlude 5,119.33567925290177,TROIRUX128F92FC956,Bo Diddley - Before You Accuse Me,184.0972106297366,TRDFOXO128F42BBDCD,Clipse - Dirty Money,77.55217521317782,TRBEBJO128C719646B,Nelly - Splurge,77.06239535948237,TROIRUX128F92FC956,Bo Diddley - Before You Accuse Me,0.8209281184345182,TRZANQO128F934855D,Rancid - Up To No Good,0.3073885702867372,TRBYNEC12903CC0319,Metallic Falcons - four hearts,0.2576466024315511,TROIRUX128F92FC956,Bo Diddley - Before You Accuse Me,0.829475352819951,TRZANQO128F934855D,Rancid - Up To No Good,0.3396377737200749,TRHTURO128F92C2751,Gretchen Wilson - If You Want A Mother,0.28419799410805074
TRLWIBC128E0792E2C,SORMUAO12A6D4F9262,ARLAUED1187B9ACEAF,Eric Clapton,Early In The Morning,blues,TRFUJVJ128F426F2A2,Lauryn Hill - Interlude 5,2719.0,TRDPGXU128F9339C2A,Beastie Boys - B-Boy Bouillabaisse: A.W.O.L. (2009 Digital Remaster),2110.0,TRUGLTC128F4227B93,Danity Kane - Hold Me Down (Album Version),1773.0,TRFUJVJ128F426F2A2,Lauryn Hill - Interlude 5,2428.2799999999993,TRDPGXU128F9339C2A,Beastie Boys - B-Boy Bouillabaisse: A.W.O.L. (2009 Digital Remaster),1866.8775000000014,TRUGLTC128F4227B93,Danity Kane - Hold Me Down (Album Version),1638.3049999999998,TRZRBOX128EF3435A7,Seventh Day Slumber - Broken Buildings,0.5768927835311528,TRTKXNY12903CB661C,Gil Scott-Heron - Me And The Devil,0.5755248582468059,TRQFRJG128F4260199,Opeth - The Moor,0.561942102742824,TRTKXNY12903CB661C,Gil Scott-Heron - Me And The Devil,0.5968675616148561,TRZRBOX128EF3435A7,Seventh Day Slumber - Broken Buildings,0.5930414797492458,TRQFRJG128F4260199,Opeth - The Moor,0.5812763812852317,TRDPGXU128F9339C2A,Beastie Boys - B-Boy Bouillabaisse: A.W.O.L. (2009 Digital Remaster),177.3253408017631,TROOJPJ128F14A2A86,Brand Nubian - All For One (Explicit) (2006 Remastered LP Version),135.4114122843105,TRVDTEO128F14956CF,Eric B. & Rakim - What's On Your Mind,126.98308675170357,TRLIJMV128F42692AA,The Isley Brothers - Lay Lady Lay,88.35088124680063,TRMZSRG128F428BE3F,Usher - Roni,86.96977274258253,TRNXEME128F42AF458,Tyrese - Morning After,83.2703954998047,TRACBZQ128F425A848,Fleetwood Mac - Allow Me One More Show,0.27964959232878867,TRXPACY128F429D14E,Townes Van Zandt - If I Needed You,0.2672287668917422,TRUFPXE128F92F206B,Tab Benoit - Shining Moon,0.26456757461920866,TRACBZQ128F425A848,Fleetwood Mac - Allow Me One More Show,0.3173628368895968,TRXPACY128F429D14E,Townes Van Zandt - If I Needed You,0.300876624066005,TRUFPXE128F92F206B,Tab Benoit - Shining Moon,0.2952230874794379
TRAZQIG128F146372E,SOFZYKR12A6D4F72A5,ARLAUED1187B9ACEAF,Eric Clapton,Floating Bridge,blues,TRFUJVJ128F426F2A2,Lauryn Hill - Interlude 5,2423.0,TRDPGXU128F9339C2A,Beastie Boys - B-Boy Bouillabaisse: A.W.O.L. (2009 Digital Remaster),2285.0,TRCHZXW128E079288A,Eminem - 8 Mile,1863.0,TRFUJVJ128F426F2A2,Lauryn Hill - Interlude 5,2134.12,TRDPGXU128F9339C2A,Beastie Boys - B-Boy Bouillabaisse: A.W.O.L. (2009 Digital Remaster),2043.4162499999998,TRCHZXW128E079288A,Eminem - 8 Mile,1680.6837499999992,TRLURQM128F1484267,Lupe Fiasco - Hurt Me Soul (Explicit Album Version),0.649920828161681,TRLSHDW128E078A58A,Jackie Greene - About Cell Block #9,0.6376201798270498,TRZLNPM128F42B3BF5,Onyx - Feel Me,0.6374150792990884,TRLURQM128F1484267,Lupe Fiasco - Hurt Me Soul (Explicit Album Version),0.6664681902367555,TRZLNPM128F42B3BF5,Onyx - Feel Me,0.656911610446021,TRLSHDW128E078A58A,Jackie Greene - About Cell Block #9,0.653763644614063,TRDPGXU128F9339C2A,Beastie Boys - B-Boy Bouillabaisse: A.W.O.L. (2009 Digital Remaster),176.5857883088816,TRFUJVJ128F426F2A2,Lauryn Hill - Interlude 5,167.981337733683,TRHSMEG128F42BC646,Aaron Carter - That's How I Beat Shaq,161.7411780743346,TRHSMEG128F42BC646,Aaron Carter - That's How I Beat Shaq,108.03533970748214,TRAHZIL12903CF1DC2,Blind Willie Johnson - If I Had My Way I'd Tear This Building Down,102.62457426738489,TREMIDG128F92E5580,Billy Paul - Your Song,94.52601938508553,TRBPVOG128F427FF29,The Allman Brothers Band - Stormy Monday,0.2869692640110078,TRSEOHB128F14673A3,John Lee Hooker - Down At The Landing,0.24337488303531174,TRLYGWA128F429B2B9,Anatomy Of A Ghost - Since Yesterday,0.23284613488148476,TRBPVOG128F427FF29,The Allman Brothers Band - Stormy Monday,0.31500095678640405,TRLYGWA128F429B2B9,Anatomy Of A Ghost - Since Yesterday,0.2763772706992261,TRSEOHB128F14673A3,John Lee Hooker - Down At The Landing,0.2760864804031255
TRQUJCP128F4238206,SOICNJH12A81C22263,ARLAUED1187B9ACEAF,Eric Clapton,Kind Hearted Woman Blues (Album Version),blues,TRFUJVJ128F426F2A2,Lauryn Hill - Interlude 5,1804.0,TRDPGXU128F9339C2A,Beastie Boys - B-Boy Bouillabaisse: A.W.O.L. (2009 Digital Remaster),1711.0,TRWSYHO128F4282346,Twista - I'm A Winner (Amended Album Version),1577.0,TRFUJVJ128F426F2A2,Lauryn Hill - Interlude 5,1601.599999999999,TRDPGXU128F9339C2A,Beastie Boys - B-Boy Bouillabaisse: A.W.O.L. (2009 Digital Remaster),1541.7374999999993,TREBGAA128E078FC52,Erykah Badu - I Want You,1478.6124999999984,TRPMDDK12903D0D320,Robert Johnson - Kindhearted Woman Blues,0.9459268741555857,TRYYRLU12903D082FF,Jonny Lang - Breakin Me,0.6862688998070469,TRHJXVO128F9308F9F,The Mick Fleetwood Blues Band - Black Magic Woman,0.6838707621408127,TRPMDDK12903D0D320,Robert Johnson - Kindhearted Woman Blues,0.9482073883144873,TRYYRLU12903D082FF,Jonny Lang - Breakin Me,0.7003492917357614,TRZCHKB128F92CB740,Anastacia - Club Megamix,0.6961442495270542,TRPMDDK12903D0D320,Robert Johnson - Kindhearted Woman Blues,160.17813471173758,TRIPIMD128F92D3E12,Ryan Leslie - Just Right,110.6742305996227,TRFUJVJ128F426F2A2,Lauryn Hill - Interlude 5,106.07046847951304,TRPMDDK12903D0D320,Robert Johnson - Kindhearted Woman Blues,151.2307745991459,TRIPIMD128F92D3E12,Ryan Leslie - Just Right,86.97199144370913,TRCGAVX12903CFBC61,Ashanti - Rock Wit U (Awww Baby),85.95762610852053,TRPMDDK12903D0D320,Robert Johnson - Kindhearted Woman Blues,0.9162718752646959,TRFJIIB128F145E7A7,Ten Years After - Woman Trouble,0.415798879456617,TRFEGGQ128E07898AA,Etta James - W.O.M.A.N.,0.37769830055584896,TRPMDDK12903D0D320,Robert Johnson - Kindhearted Woman Blues,0.9205114386740808,TRFJIIB128F145E7A7,Ten Years After - Woman Trouble,0.44344685886782426,TRFEGGQ128E07898AA,Etta James - W.O.M.A.N.,0.40427036347076034
TRIDJMD128E078B984,SOWGAGY12A6701F305,ARN0YZ71187B9BA57B,Michael Bublé,That's All (Album Version),classical,TRFUJVJ128F426F2A2,Lauryn Hill - Interlude 5,4289.0,TRWSYHO128F4282346,Twista - I'm A Winner (Amended Album Version),2974.0,TRQAWKR128F425EEC3,Michael Jackson - Man In The Mirror,2837.0,TRFUJVJ128F426F2A2,Lauryn Hill - Interlude 5,4020.3599999999997,TRWSYHO128F4282346,Twista - I'm A Winner (Amended Album Version),2798.4349999999995,TRQAWKR128F425EEC3,Michael Jackson - Man In The Mirror,2606.6849999999995,TRHLQOF12903CDF360,Hindi Zahra - Fascination (Album Version),0.7790582980879663,TREXDDS128F4277776,Mayday Parade - One Man Drinking Games,0.7268641223323977,TRPJPVB128F930A092,KC And The Sunshine Band - All My Love,0.7260595305313345,TRHLQOF12903CDF360,Hindi Zahra - Fascination (Album Version),0.7865780716762889,TREXDDS128F4277776,Mayday Parade - One Man Drinking Games,0.7373932721322488,TRPJPVB128F930A092,KC And The Sunshine Band - All My Love,0.7342440698752284,TRFUJVJ128F426F2A2,Lauryn Hill - Interlude 5,119.45376472370819,TRDUSIG12903CA5FCB,Savatage - The Hourglass,112.46379417760906,TRDPGXU128F9339C2A,Beastie Boys - B-Boy Bouillabaisse: A.W.O.L. (2009 Digital Remaster),110.19498330600297,TRVHPUD128F145FE04,S Club - Straight From The Heart,81.60658141026668,TRVKWGK128F92E3BC2,Michelle Williams - Till The End Of The World,77.31206338821069,TRQMYAZ128F146672E,Jon Secada - Take Me,73.21293886868578,TRVHPUD128F145FE04,S Club - Straight From The Heart,0.313038166618734,TRITESU128F425F778,Paul Anka - Love Me Warm And Tender,0.29936880974010355,TRRXBIJ128F933F11D,Webb Pierce - Even Tho',0.2968609206391679,TRVHPUD128F145FE04,S Club - Straight From The Heart,0.3612785856716811,TRRXBIJ128F933F11D,Webb Pierce - Even Tho',0.33789735804776594,TRITESU128F425F778,Paul Anka - Love Me Warm And Tender,0.33456942975035703
TRYRCXF128F424183D,SOWXYFO12A8AE46AD3,ARGVJPK1187B9909EA,Josh Groban,America (Revised Live Version),classical,TRFUJVJ128F426F2A2,Lauryn Hill - Interlude 5,2325.0,TRDPGXU128F9339C2A,Beastie Boys - B-Boy Bouillabaisse: A.W.O.L. (2009 Digital Remaster),2240.0,TRCHZXW128E079288A,Eminem - 8 Mile,1876.0,TRFUJVJ128F426F2A2,Lauryn Hill - Interlude 5,2085.7999999999997,TRDPGXU128F9339C2A,Beastie Boys - B-Boy Bouillabaisse: A.W.O.L. (2009 Digital Remaster),2039.9625000000003,TRCHZXW128E079288A,Eminem - 8 Mile,1725.0375000000008,TRFWXOJ12903CED198,Simon & Garfunkel - America,0.9944536467064891,TROOJPJ128F14A2A86,Brand Nubian - All For One (Explicit) (2006 Remastered LP Version),0.7371923298814148,TRQCXUL128E078A9D6,The Streets - The Irony Of It All (Album Version),0.7230060150130584,TRFWXOJ12903CED198,Simon & Garfunkel - America,0.9947246396459665,TROOJPJ128F14A2A86,Brand Nubian - All For One (Explicit) (2006 Remastered LP Version),0.7508391938954497,TRQCXUL128E078A9D6,The Streets - The Irony Of It All (Album Version),0.7387241738395302,TRDPGXU128F9339C2A,Beastie Boys - B-Boy Bouillabaisse: A.W.O.L. (2009 Digital Remaster),216.26779078657188,TRFWXOJ12903CED198,Simon & Garfunkel - America,196.05663187288664,TRFUJVJ128F426F2A2,Lauryn Hill - Interlude 5,179.91127711739483,TRFWXOJ12903CED198,Simon & Garfunkel - America,180.76983965180426,TRDPGXU128F9339C2A,Beastie Boys - B-Boy Bouillabaisse: A.W.O.L. (2009 Digital Remaster),112.82051008554882,TRBWAGY128F4279771,Leonard Cohen - Death Of A Ladies' Man,94.95474109548067,TRFWXOJ12903CED198,Simon & Garfunkel - America,0.9924969031656131,TRBWAGY128F4279771,Leonard Cohen - Death Of A Ladies' Man,0.295810139604202,TROIANT128F428B7DB,Geggy Tah - I Forgot,0.29135040251372474,TRFWXOJ12903CED198,Simon & Garfunkel - America,0.9930742512462812,TRBWAGY128F4279771,Leonard Cohen - Death Of A Ladies' Man,0.3623117521888438,TROIANT128F428B7DB,Geggy Tah - I Forgot,0.3477847176137586
TRDQLTF128E0787809,SODUTDM12A67020476,ARGVJPK1187B9909EA,Josh Groban,Broken Vow (Album Version),classical,TRFUJVJ128F426F2A2,Lauryn Hill - Interlude 5,4866.0,TRWSYHO128F4282346,Twista - I'm A Winner (Amended Album Version),4115.0,TREBGAA128E078FC52,Erykah Badu - I Want You,3892.0,TRFUJVJ128F426F2A2,Lauryn Hill - Interlude 5,4527.439999999999,TRWSYHO128F4282346,Twista - I'm A Winner (Amended Album Version),3893.739999999998,TREBGAA128E078FC52,Erykah Badu - I Want You,3767.5699999999933,TRGDGKP128F42A34A7,G4 - Broken Vow,0.9990835607231906,TRDPNYI12903D0517A,Alexandra Burke - Overcome,0.8109955569163255,TRKLJAG128F42B31CF,Mario Vazquez - Everytime I...,0.7977621163644559,TRGDGKP128F42A34A7,G4 - Broken Vow,0.9991177766257915,TRDPNYI12903D0517A,Alexandra Burke - Overcome,0.8176179338967285,TRFSJRW128F4292A99,Il Divo - Mama,0.8027262142956695,TRGDGKP128F42A34A7,G4 - Broken Vow,283.26176445407987,TRDPGXU128F9339C2A,Beastie Boys - B-Boy Bouillabaisse: A.W.O.L. (2009 Digital Remaster),227.8280763210931,TRFUJVJ128F426F2A2,Lauryn Hill - Interlude 5,226.00654715112324,TRGDGKP128F42A34A7,G4 - Broken Vow,258.60896206276567,TRVVRNW128EF362423,The Brand New Heavies - Last to Know,107.08468103731741,TRDUSIG12903CA5FCB,Savatage - The Hourglass,106.3794321306431,TRGDGKP128F42A34A7,G4 - Broken Vow,0.9939747241305505,TRVWNMB128F425A368,Westlife - More Than Words,0.28556102200529804,TRZRBOX128EF3435A7,Seventh Day Slumber - Broken Buildings,0.2669272023325905,TRGDGKP128F42A34A7,G4 - Broken Vow,0.9944948253315915,TRVWNMB128F425A368,Westlife - More Than Words,0.338546173388738,TRRPJNC128F1472162,David Wilcox - Invisible Shield,0.33113558162546414
TRUAAEQ128F423C52D,SOGDUMI12A8AE45417,ARGVJPK1187B9909EA,Josh Groban,Gira Con Me Questa Notte (Album Version),classical,TRZZQIP128F92EFEAD,Abba - Move On,1407.0,TRDOJIR128F42840C0,Horace Andy - Horse With No Name,1321.0,TRKKUWM128F92E4E1C,Gemelli Diversi - Istruzioni Per L'(Ill)uso,1148.0,TRZZQIP128F92EFEAD,Abba - Move On,1362.5212500000018,TRDOJIR128F42840C0,Horace Andy - Horse With No Name,1280.9800000000005,TRKKUWM128F92E4E1C,Gemelli Diversi - Istruzioni Per L'(Ill)uso,1122.0087499999993,TRKKUWM128F92E4E1C,Gemelli Diversi - Istruzioni Per L'(Ill)uso,0.7512308791639764,TRGNRZC128F146D620,Vittorio Grigolo - Roma Sogna,0.7386685807760766,TRETSHC128F4232E14,Paolo Conte - Nord,0.7384056412490733,TRKKUWM128F92E4E1C,Gemelli Diversi - Istruzioni Per L'(Ill)uso,0.75529830179037,TRGNRZC128F146D620,Vittorio Grigolo - Roma Sogna,0.7421281052485834,TRETSHC128F4232E14,Paolo Conte - Nord,0.7413877951825896,TRKKUWM128F92E4E1C,Gemelli Diversi - Istruzioni Per L'(Ill)uso,502.3446325274821,TRRVXQX128F429A0C4,Fabrizio De Andrè - Sinan Capudan Pascià,425.0526736911639,TRZRTPI12903D0954A,Flaminio Maphia - Quelli Che,403.03308082046465,TRKKUWM128F92E4E1C,Gemelli Diversi - Istruzioni Per L'(Ill)uso,485.9388699542199,TRRVXQX128F429A0C4,Fabrizio De Andrè - Sinan Capudan Pascià,406.70618519459276,TRZRTPI12903D0954A,Flaminio Maphia - Quelli Che,387.6760716706148,TROXBKT128F9316690,Paul Potts - Piano (Memory),0.7537827965739208,TRKDIWP128F92F19AA,Lara Fabian - Caruso,0.7309865568449834,TRZITCI128F426837D,Sergio Cammariere - La Canzone Dell' Impossibile,0.7245461209958486,TROXBKT128F9316690,Paul Potts - Piano (Memory),0.7586782853418743,TRKDIWP128F92F19AA,Lara Fabian - Caruso,0.7360809436011486,TRZITCI128F426837D,Sergio Cammariere - La Canzone Dell' Impossibile,0.7301924554454451
TRYGDNA128E078780C,SOWLNSE12A67020479,ARGVJPK1187B9909EA,Josh Groban,Hymne A L'Amour (Album Version),classical,TRSABJR128F429C84B,Tryo - Yakamonéyé,923.0,TRMLZFP128F932290C,Fonky Family - L'Amour Du Risque,917.0,TRIAELA128F149EEE6,Sniper - Panam All Star,906.0,TRSABJR128F429C84B,Tryo - Yakamonéyé,882.7100000000012,TRMLZFP128F932290C,Fonky Family - L'Amour Du Risque,879.6000000000007,TRIAELA128F149EEE6,Sniper - Panam All Star,856.3599999999994,TRNERSA128F92E5B78,Amandine Bourgeois - L'Homme De La Situation,0.7661508738614379,TRTFZCQ128F1492159,Zazie - Tomber Le Masque,0.743495396193628,TRQPAUT128F148AFF8,Lokua Kanza - A Tes Côtés,0.7109584331368652,TRNERSA128F92E5B78,Amandine Bourgeois - L'Homme De La Situation,0.7702577482588894,TRTFZCQ128F1492159,Zazie - Tomber Le Masque,0.7484485448986042,TRQPAUT128F148AFF8,Lokua Kanza - A Tes Côtés,0.7160180143380986,TRIAELA128F149EEE6,Sniper - Panam All Star,583.6038496216969,TRSABJR128F429C84B,Tryo - Yakamonéyé,578.8538584738046,TRRHCLC128F427D727,Fonky Family - Sans Rémission,557.0187128098565,TRSABJR128F429C84B,Tryo - Yakamonéyé,546.5137109850659,TRIAELA128F149EEE6,Sniper - Panam All Star,544.1125327929471,TRRHCLC128F427D727,Fonky Family - Sans Rémission,523.9602237801179,TRNERSA128F92E5B78,Amandine Bourgeois - L'Homme De La Situation,0.7003391462524348,TRQPAUT128F148AFF8,Lokua Kanza - A Tes Côtés,0.6933665105605783,TRUHSOV128F93372C6,Grégory Lemarchal - Mon Ange,0.6815853367033016,TRNERSA128F92E5B78,Amandine Bourgeois - L'Homme De La Situation,0.7083673747139935,TRQPAUT128F148AFF8,Lokua Kanza - A Tes Côtés,0.7005620920030616,TRUHSOV128F93372C6,Grégory Lemarchal - Mon Ange,0.6891230873666018
TRDFTPP128F427550C,SOWOPHG12A8C13DB44,ARGVJPK1187B9909EA,Josh Groban,It Came Upon A Midnight Clear (Album Version),classical,TRTCOWO128F930C444,The Streets - Weak Become Heroes,1169.0,TRXXGET128F4259B88,Travis - Sing,949.0,TRRZNYJ128F42B8819,Jenny Lewis - Sing A Song,862.0,TRTCOWO128F930C444,The Streets - Weak Become Heroes,1085.481249999999,TRXXGET128F4259B88,Travis - Sing,924.5625000000002,TRRZNYJ128F42B8819,Jenny Lewis - Sing A Song,836.2687499999998,TRXXGET128F4259B88,Travis - Sing,0.543051726316216,TRMXMTG128F428CE24,Barry Manilow - Sing It,0.44851043563519155,TRYPKXM128F932A9EE,Cinderella Effect - Israel,0.3974293048565728,TRXXGET128F4259B88,Travis - Sing,0.5495001711304566,TRMXMTG128F428CE24,Barry Manilow - Sing It,0.45772139224764413,TRYPKXM128F932A9EE,Cinderella Effect - Israel,0.40971024655971094,TRPLWSA128F92D555C,Flipsyde - Angel,208.756119145819,TRNQSWR128EF34375F,Haste The Day - Chorus Of Angels,201.45265804122468,TRBJGDU128F425AA2F,Jon Anderson - My Sweet Jane,169.14204665517784,TRPLWSA128F92D555C,Flipsyde - Angel,179.37558080825008,TRNQSWR128EF34375F,Haste The Day - Chorus Of Angels,178.9732280317882,TRBJGDU128F425AA2F,Jon Anderson - My Sweet Jane,144.86461616750526,TRMOKYG128F429F3F4,The Waterboys - The Crash Of Angel Wings,0.3918743105463549,TRTATPW128F428D14E,Brooks & Dunn - You're My Angel,0.38357824041385713,TRPLWSA128F92D555C,Flipsyde - Angel,0.3276199277866965,TRMOKYG128F429F3F4,The Waterboys - The Crash Of Angel Wings,0.41016872355538464,TRTATPW128F428D14E,Brooks & Dunn - You're My Angel,0.4011534755404811,TRPLWSA128F92D555C,Flipsyde - Angel,0.35626631946129717
TRRBWRX128F423C535,SOBFGZA12A8AE4542A,ARGVJPK1187B9909EA,Josh Groban,Let Me Fall (From Cirque du Soleil) (Album Version),classical,TRFUJVJ128F426F2A2,Lauryn Hill - Interlude 5,2200.0,TRCHZXW128E079288A,Eminem - 8 Mile,2187.0,TRDPGXU128F9339C2A,Beastie Boys - B-Boy Bouillabaisse: A.W.O.L. (2009 Digital Remaster),2172.0,TRCHZXW128E079288A,Eminem - 8 Mile,2030.2312500000012,TRKLJAG128F42B31CF,Mario Vazquez - Everytime I...,2024.062500000003,TRDPGXU128F9339C2A,Beastie Boys - B-Boy Bouillabaisse: A.W.O.L. (2009 Digital Remaster),1964.2687500000006,TRMHLKD12903C98020,JET - Let Me Out,0.6617910751137873,TREWIVO128E0782339,Robbie Williams - Come Take Me Over,0.6458772537454028,TRFLMEK128F428D4D2,Charley Pride - Let The Chips Fall,0.6395527112980506,TRMHLKD12903C98020,JET - Let Me Out,0.6734951718494046,TREWIVO128E0782339,Robbie Williams - Come Take Me Over,0.6575239358312595,TRFLMEK128F428D4D2,Charley Pride - Let The Chips Fall,0.6524274900988363,TRDQIWP128F9342105,Company Flow - The Fire In Which You Burn (feat. J-Treds & The Brewin From The Juggaknots),102.26492903598653,TRRZFQA128F425F1A3,Newton Faulkner - Dream Catch Me,96.90794807856005,TRFFJLM128F148BCEF,Momus - Closer To You,96.80205866378391,TRRZFQA128F425F1A3,Newton Faulkner - Dream Catch Me,78.69575838595185,TRLFAII128F1494188,SUPREME BEINGS OF LEISURE - Catch Me,78.5669409565344,TRFLMEK128F428D4D2,Charley Pride - Let The Chips Fall,74.31536262636533,TRLFAII128F1494188,SUPREME BEINGS OF LEISURE - Catch Me,0.3397484303577023,TRFLMEK128F428D4D2,Charley Pride - Let The Chips Fall,0.31126615890509934,TRHQACC128F42AF43D,Ruben Studdard - If Only For One Night,0.2705499217891521,TRLFAII128F1494188,SUPREME BEINGS OF LEISURE - Catch Me,0.3668784056413571,TRFLMEK128F428D4D2,Charley Pride - Let The Chips Fall,0.34741019981699833,TRHQACC128F42AF43D,Ruben Studdard - If Only For One Night,0.3068955281658607
TRJSTLV128F4241832,SOHCDYF12A58A7C604,ARGVJPK1187B9909EA,Josh Groban,Mi Mancherai (Il Postino) (Revised Live Version),classical,TRPUUSG128E07953B7,Shaggy - Luv Me Up,663.0,TRRVXQX128F429A0C4,Fabrizio De Andrè - Sinan Capudan Pascià,500.0,TRYECON128F423ABA0,Jowell & Randy - Te Ando Buscando,478.0,TRPUUSG128E07953B7,Shaggy - Luv Me Up,621.1099999999999,TRRVXQX128F429A0C4,Fabrizio De Andrè - Sinan Capudan Pascià,483.7749999999983,TRYECON128F423ABA0,Jowell & Randy - Te Ando Buscando,459.0462499999993,TREPYPE128F92EB38C,Il Divo - Adagio,0.7096432856876085,TRWYIWJ128F42BC158,Il Divo - Musica,0.6900844975768127,TRUMJMF128F4276BEE,Vinicio Capossela - Il Pugile Sentimentale ( Live ),0.6711890965627467,TREPYPE128F92EB38C,Il Divo - Adagio,0.7146649400837465,TRWYIWJ128F42BC158,Il Divo - Musica,0.6953392321425388,TRUMJMF128F4276BEE,Vinicio Capossela - Il Pugile Sentimentale ( Live ),0.6764594891773381,TRZRTPI12903D0954A,Flaminio Maphia - Quelli Che,327.60768308953675,TRRVXQX128F429A0C4,Fabrizio De Andrè - Sinan Capudan Pascià,320.94618488536554,TRGOQOD128F14A2082,Caparezza - Limiti,316.8352281752897,TRZRTPI12903D0954A,Flaminio Maphia - Quelli Che,314.90680521508324,TRRVXQX128F429A0C4,Fabrizio De Andrè - Sinan Capudan Pascià,305.7728846973999,TRGOQOD128F14A2082,Caparezza - Limiti,304.8140806915445,TRXNYOZ128F42BC146,Il Divo - Come Primavera,0.7300384525900518,TRUMJMF128F4276BEE,Vinicio Capossela - Il Pugile Sentimentale ( Live ),0.7163742956612684,TRTFUTA128F426408A,Andrea Bocelli - Semplicemente (Canto Per Te),0.7025696769425728,TRXNYOZ128F42BC146,Il Divo - Come Primavera,0.7351143383532529,TRUMJMF128F4276BEE,Vinicio Capossela - Il Pugile Sentimentale ( Live ),0.7225305362850326,TRTFUTA128F426408A,Andrea Bocelli - Semplicemente (Canto Per Te),0.7095144601757207
TRBRHPE128E0787803,SOJCMKN12A67020471,ARGVJPK1187B9909EA,Josh Groban,My Confession (Album Version),classical,TRDPGXU128F9339C2A,Beastie Boys - B-Boy Bouillabaisse: A.W.O.L. (2009 Digital Remaster),3830.0,TRCHZXW128E079288A,Eminem - 8 Mile,3532.0,TRFUJVJ128F426F2A2,Lauryn Hill - Interlude 5,3498.0,TRDPGXU128F9339C2A,Beastie Boys - B-Boy Bouillabaisse: A.W.O.L. (2009 Digital Remaster),3546.870000000002,TRKLJAG128F42B31CF,Mario Vazquez - Everytime I...,3329.499999999995,TRCHZXW128E079288A,Eminem - 8 Mile,3318.3299999999967,TRVJKTB128F4262283,The Distillers - I Understand,0.7829224960132025,TREBQOW128F92C4549,Common - Book Of Life,0.7592618832784616,TRWILVQ128F42644B3,Ben Folds Five - Don't Change Your Plans,0.7591900611297406,TRVJKTB128F4262283,The Distillers - I Understand,0.7893759960732115,TREBQOW128F92C4549,Common - Book Of Life,0.7679380626950867,TRWILVQ128F42644B3,Ben Folds Five - Don't Change Your Plans,0.7678209252492962,TRFUJVJ128F426F2A2,Lauryn Hill - Interlude 5,176.33739805048177,TRQAWKR128F425EEC3,Michael Jackson - Man In The Mirror,149.6558117690361,TRDPGXU128F9339C2A,Beastie Boys - B-Boy Bouillabaisse: A.W.O.L. (2009 Digital Remaster),135.81328076552361,TRMGWBO128F428A374,Martina McBride - Blessed,103.35117137982466,TRQAWKR128F425EEC3,Michael Jackson - Man In The Mirror,95.4117078868689,TRWOGKB128F930D065,Axel Rudi Pell - Beautiful Day,88.71732017389486,TRMGWBO128F428A374,Martina McBride - Blessed,0.2832877444352188,TRWOGKB128F930D065,Axel Rudi Pell - Beautiful Day,0.2762838066549759,TRGDUNJ128F1472A44,Hot Chip - Careful,0.268563865382586,TRMGWBO128F428A374,Martina McBride - Blessed,0.328182885281443,TRWOGKB128F930D065,Axel Rudi Pell - Beautiful Day,0.3264820509808616,TRGDUNJ128F1472A44,Hot Chip - Careful,0.3126373971025795
TRLJSTZ128F4241831,SOTEXNI12A8AE46AAE,ARGVJPK1187B9909EA,Josh Groban,Oceano (Revised Live Version),classical,TRZRTPI12903D0954A,Flaminio Maphia - Quelli Che,765.0,TRRVXQX128F429A0C4,Fabrizio De Andrè - Sinan Capudan Pascià,631.0,TRKKUWM128F92E4E1C,Gemelli Diversi - Istruzioni Per L'(Ill)uso,587.0,TRZRTPI12903D0954A,Flaminio Maphia - Quelli Che,748.7574999999995,TRRVXQX128F429A0C4,Fabrizio De Andrè - Sinan Capudan Pascià,610.9249999999992,TRKKUWM128F92E4E1C,Gemelli Diversi - Istruzioni Per L'(Ill)uso,565.191250000001,TRYVOZZ128F42738F6,Bluvertigo - Niente Per Scontato,0.8169154145436262,TRBPDOM128F9316691,Paul Potts - Mamma,0.7934835846678172,TRPLIYP128F9316695,Paul Potts - Bellamore,0.7560820803505164,TRYVOZZ128F42738F6,Bluvertigo - Niente Per Scontato,0.8193238354908697,TRBPDOM128F9316691,Paul Potts - Mamma,0.7964779230746887,TRPLIYP128F9316695,Paul Potts - Bellamore,0.7583766446398089,TRZRTPI12903D0954A,Flaminio Maphia - Quelli Che,505.17712155067426,TRGOQOD128F14A2082,Caparezza - Limiti,502.92249291142474,TRWRDAM128F147232C,Caparezza - Gli Insetti Del Podere,501.0320465017283,TRZRTPI12903D0954A,Flaminio Maphia - Quelli Che,488.3013743517064,TRGOQOD128F14A2082,Caparezza - Limiti,486.9499083403032,TRWRDAM128F147232C,Caparezza - Gli Insetti Del Podere,484.39300097766204,TRYVOZZ128F42738F6,Bluvertigo - Niente Per Scontato,0.829301199046818,TRBPDOM128F9316691,Paul Potts - Mamma,0.8277286335406024,TRZQTDL128F92E2347,Giusy Ferreri - La Scala (The Ladder),0.8178316487647241,TRYVOZZ128F42738F6,Bluvertigo - Niente Per Scontato,0.8322304092818275,TRBPDOM128F9316691,Paul Potts - Mamma,0.8311166699120334,TRZQTDL128F92E2347,Giusy Ferreri - La Scala (The Ladder),0.8204634178767165
TRGURIJ128E078780B,SORUSFO12A67020478,ARGVJPK1187B9909EA,Josh Groban,Remember When It Rained (Album Version),classical,TRFUJVJ128F426F2A2,Lauryn Hill - Interlude 5,1644.0,TRQAWKR128F425EEC3,Michael Jackson - Man In The Mirror,1486.0,TRDPGXU128F9339C2A,Beastie Boys - B-Boy Bouillabaisse: A.W.O.L. (2009 Digital Remaster),1450.0,TRFUJVJ128F426F2A2,Lauryn Hill - Interlude 5,1430.5599999999995,TRQAWKR128F425EEC3,Michael Jackson - Man In The Mirror,1303.0099999999993,TRDPGXU128F9339C2A,Beastie Boys - B-Boy Bouillabaisse: A.W.O.L. (2009 Digital Remaster),1271.5050000000003,TRYKKOX128F4241839,Josh Groban - Remember When It Rained (Revised Live Version),0.9999999999999888,TRVIJFO128F92D7E38,Copeland - The Day I Lost My Voice (The Suitcase Song),0.5348766313315332,TRVZCMZ128F92F15D2,Steely Dan - I Can't Function,0.48131763358776,TRYKKOX128F4241839,Josh Groban - Remember When It Rained (Revised Live Version),1.0000000000000002,TRVIJFO128F92D7E38,Copeland - The Day I Lost My Voice (The Suitcase Song),0.5532172062804781,TRVZCMZ128F92F15D2,Steely Dan - I Can't Function,0.5002960267694229,TRYKKOX128F4241839,Josh Groban - Remember When It Rained (Revised Live Version),328.5295389007301,TRQAWKR128F425EEC3,Michael Jackson - Man In The Mirror,206.99040348991926,TROQUJK128F4254F90,Fun Lovin' Criminals - Blues For Suckers,165.97650630573193,TRYKKOX128F4241839,Josh Groban - Remember When It Rained (Revised Live Version),316.3173978514697,TRQAWKR128F425EEC3,Michael Jackson - Man In The Mirror,161.73473708515868,TROQUJK128F4254F90,Fun Lovin' Criminals - Blues For Suckers,139.697359945785,TRYKKOX128F4241839,Josh Groban - Remember When It Rained (Revised Live Version),1.0000000000000029,TRGANKE128F4275BFF,Sentidos Opuestos - Oh Na Na Na,0.41932698935959156,TRJRCCY128F930C12F,Kayah - Dla Niego,0.4181425725020605,TRYKKOX128F4241839,Josh Groban - Remember When It Rained (Revised Live Version),1.0000000000000002,TRGANKE128F4275BFF,Sentidos Opuestos - Oh Na Na Na,0.4217809096262355,TRJRCCY128F930C12F,Kayah - Dla Niego,0.4202537417329967
TRYKKOX128F4241839,SOEIAOV12A8AE46AC4,ARGVJPK1187B9909EA,Josh Groban,Remember When It Rained (Revised Live Version),classical,TRFUJVJ128F426F2A2,Lauryn Hill - Interlude 5,1644.0,TRQAWKR128F425EEC3,Michael Jackson - Man In The Mirror,1486.0,TRDPGXU128F9339C2A,Beastie Boys - B-Boy Bouillabaisse: A.W.O.L. (2009 Digital Remaster),1450.0,TRFUJVJ128F426F2A2,Lauryn Hill - Interlude 5,1430.5599999999995,TRQAWKR128F425EEC3,Michael Jackson - Man In The Mirror,1303.0099999999993,TRDPGXU128F9339C2A,Beastie Boys - B-Boy Bouillabaisse: A.W.O.L. (2009 Digital Remaster),1271.5050000000003,TRGURIJ128E078780B,Josh Groban - Remember When It Rained (Album Version),0.9999999999999888,TRVIJFO128F92D7E38,Copeland - The Day I Lost My Voice (The Suitcase Song),0.5348766313315332,TRVZCMZ128F92F15D2,Steely Dan - I Can't Function,0.48131763358776,TRGURIJ128E078780B,Josh Groban - Remember When It Rained (Album Version),1.0000000000000002,TRVIJFO128F92D7E38,Copeland - The Day I Lost My Voice (The Suitcase Song),0.5532172062804781,TRVZCMZ128F92F15D2,Steely Dan - I Can't Function,0.5002960267694229,TRGURIJ128E078780B,Josh Groban - Remember When It Rained (Album Version),328.5295389007301,TRQAWKR128F425EEC3,Michael Jackson - Man In The Mirror,206.99040348991926,TROQUJK128F4254F90,Fun Lovin' Criminals - Blues For Suckers,165.97650630573193,TRGURIJ128E078780B,Josh Groban - Remember When It Rained (Album Version),316.3173978514697,TRQAWKR128F425EEC3,Michael Jackson - Man In The Mirror,161.73473708515868,TROQUJK128F4254F90,Fun Lovin' Criminals - Blues For Suckers,139.697359945785,TRGURIJ128E078780B,Josh Groban - Remember When It Rained (Album Version),1.0000000000000029,TRGANKE128F4275BFF,Sentidos Opuestos - Oh Na Na Na,0.41932698935959156,TRJRCCY128F930C12F,Kayah - Dla Niego,0.4181425725020605,TRGURIJ128E078780B,Josh Groban - Remember When It Rained (Album Version),1.0000000000000002,TRGANKE128F4275BFF,Sentidos Opuestos - Oh Na Na Na,0.4217809096262355,TRJRCCY128F930C12F,Kayah - Dla Niego,0.4202537417329967
TRUVBEG128F92F0B48,SORJUAX12AB017CB28,ARGVJPK1187B9909EA,Josh Groban,Smile,classical,TRFUJVJ128F426F2A2,Lauryn Hill - Interlude 5,2716.0,TRWSYHO128F4282346,Twista - I'm A Winner (Amended Album Version),2258.0,TRQAWKR128F425EEC3,Michael Jackson - Man In The Mirror,1797.0,TRFUJVJ128F426F2A2,Lauryn Hill - Interlude 5,2454.72,TRWSYHO128F4282346,Twista - I'm A Winner (Amended Album Version),2087.2449999999994,TRLDRYJ128F930BBB4,Pain of Salvation - Spitfall,1666.3299999999995,TRRXGDP128F933AD43,a1 - Learn To Fly,0.6785633382915303,TRLDRYJ128F930BBB4,Pain of Salvation - Spitfall,0.652104524446618,TRSYOTR128E078E784,B.B. King - Jack_ You're Dead!,0.6304020480052956,TRRXGDP128F933AD43,a1 - Learn To Fly,0.6907654148388254,TRLDRYJ128F930BBB4,Pain of Salvation - Spitfall,0.6683181023375242,TRSYOTR128E078E784,B.B. King - Jack_ You're Dead!,0.6437249161036644,TROWYLI128F4263DB4,Gabrielle - Don't Need The Sun To Shine (To Make Me Smile),145.15776604992658,TRZGQPN128F933A94C,Jonny Lang - My Love Remains,138.8650186167113,TRDPGXU128F9339C2A,Beastie Boys - B-Boy Bouillabaisse: A.W.O.L. (2009 Digital Remaster),136.47778513528604,TROWYLI128F4263DB4,Gabrielle - Don't Need The Sun To Shine (To Make Me Smile),116.94195701625792,TRZGQPN128F933A94C,Jonny Lang - My Love Remains,111.94055424029762,TRSZGTQ128F42BBA74,Jamiroquai - Corner Of The Earth,88.22808243545883,TRZGQPN128F933A94C,Jonny Lang - My Love Remains,0.35687506285632214,TRTRYJM128F4284980,Mary Black - By The Time It Gets Dark,0.27136495341974115,TRYBBGR12903CB1675,Stoa - I Wish You Could Smile,0.26767736628415967,TRZGQPN128F933A94C,Jonny Lang - My Love Remains,0.4047722432508723,TROWYLI128F4263DB4,Gabrielle - Don't Need The Sun To Shine (To Make Me Smile),0.3109259241429827,TRTRYJM128F4284980,Mary Black - By The Time It Gets Dark,0.30989230675971347
TRJBNZG128EF35A1AA,SOMYGPN12A6D4F7E28,ARGVJPK1187B9909EA,Josh Groban,Solo Por Ti (Album Version),classical,TRZZQIP128F92EFEAD,Abba - Move On,1405.0,TRDOJIR128F42840C0,Horace Andy - Horse With No Name,1331.0,TRTHNFG12903D0CE54,Violadores del Verso - Dale tiempo al rumor,798.0,TRZZQIP128F92EFEAD,Abba - Move On,1367.6787499999982,TRDOJIR128F42840C0,Horace Andy - Horse With No Name,1297.4199999999998,TRTHNFG12903D0CE54,Violadores del Verso - Dale tiempo al rumor,751.7362500000008,TRVEYKM128F1482F51,Fey - Solo Por Bailar,0.6296382700753219,TRLCMGN128F92FFA2E,Sebastien Tellier - League Chicanos,0.6250653123544285,TRCBKYM128F424378A,Buena Vista Social Club - De Camino a la Vereda,0.615636100032961,TRVEYKM128F1482F51,Fey - Solo Por Bailar,0.6368036318282508,TRLCMGN128F92FFA2E,Sebastien Tellier - League Chicanos,0.6311773477025603,TRCBKYM128F424378A,Buena Vista Social Club - De Camino a la Vereda,0.6214542589736745,TRTHNFG12903D0CE54,Violadores del Verso - Dale tiempo al rumor,392.588026229006,TRSVRQN128F42722CC,Willie Colon - Gitana,351.8123331660009,TROOGTK128F421BBE5,Frank Reyes - Que Voy A hacer Sin Tí,350.44668088111337,TRTHNFG12903D0CE54,Violadores del Verso - Dale tiempo al rumor,355.17053210336894,TROOGTK128F421BBE5,Frank Reyes - Que Voy A hacer Sin Tí,327.50560016253854,TRSVRQN128F42722CC,Willie Colon - Gitana,323.0410757664156,TRFPBDS128F9317196,Puerto Rican Power - Solo Con Un Beso,0.5805987261116154,TRHZJKT128F92E20E9,Carlos Baute - En nuestro aniversario,0.5799203727959632,TROOGTK128F421BBE5,Frank Reyes - Que Voy A hacer Sin Tí,0.5706755640500574,TRFPBDS128F9317196,Puerto Rican Power - Solo Con Un Beso,0.5942838768246879,TRHZJKT128F92E20E9,Carlos Baute - En nuestro aniversario,0.5925813477690747,TROOGTK128F421BBE5,Frank Reyes - Que Voy A hacer Sin Tí,0.586012132370911
TRPJAPP128EF35A1AC,SOAGVMD12A6D4F7E2A,ARGVJPK1187B9909EA,Josh Groban,Un Giorno Per Noi (Album Version),classical,TRFLWJZ128F425C9E4,The Pharcyde - Otha Fish,378.0,TRZZQIP128F92EFEAD,Abba - Move On,373.0,TRRVXQX128F429A0C4,Fabrizio De Andrè - Sinan Capudan Pascià,368.0,TRRVXQX128F429A0C4,Fabrizio De Andrè - Sinan Capudan Pascià,358.37499999999983,TRZZQIP128F92EFEAD,Abba - Move On,355.1062499999998,TRFLWJZ128F425C9E4,The Pharcyde - Otha Fish,344.53124999999943,TRGGYCR128F426837F,Sergio Cammariere - Oggi,0.7177346849438765,TRWZTMS128F42AD03C,Frankie HI-NRG MC - Sana E Robusta,0.6646155564629683,TRZKRRE128F4264095,Andrea Bocelli - L'Attesa,0.6516753202104447,TRGGYCR128F426837F,Sergio Cammariere - Oggi,0.72109294214476,TRWZTMS128F42AD03C,Frankie HI-NRG MC - Sana E Robusta,0.6687940083445564,TRZKRRE128F4264095,Andrea Bocelli - L'Attesa,0.6560733875680482,TRXFJGZ128F1474655,Vinicio Capossela - L'uomo vivo (inno al gioia),275.6771103798506,TRYVOZZ128F42738F6,Bluvertigo - Niente Per Scontato,270.324839472387,TRCYIAT128F42A64DF,Edoardo Bennato - In Fila Per Tre,251.91654958512544,TRXFJGZ128F1474655,Vinicio Capossela - L'uomo vivo (inno al gioia),269.3448067455272,TRYVOZZ128F42738F6,Bluvertigo - Niente Per Scontato,265.62257163763314,TRCYIAT128F42A64DF,Edoardo Bennato - In Fila Per Tre,245.93515036205005,TRYVOZZ128F42738F6,Bluvertigo - Niente Per Scontato,0.7510156629359911,TRMCVNS128F422BCFB,RyanDan - Dentro Me,0.7395937454884581,TRZDSCG12903CDEB7D,Luciano Pavarotti - Che Gelida Manina,0.7344120892156516,TRYVOZZ128F42738F6,Bluvertigo - Niente Per Scontato,0.754107003853643,TRMCVNS128F422BCFB,RyanDan - Dentro Me,0.7428934301459661,TRZDSCG12903CDEB7D,Luciano Pavarotti - Che Gelida Manina,0.7378066331103266
TRUDTXB128F423C537,SOGQZMP12A8AE4542F,ARGVJPK1187B9909EA,Josh Groban,Vincent (Starry_ Starry Night) (Album Version),classical,TRFUJVJ128F426F2A2,Lauryn Hill - Interlude 5,4657.0,TRDPGXU128F9339C2A,Beastie Boys - B-Boy Bouillabaisse: A.W.O.L. (2009 Digital Remaster),2949.0,TRGLNKG128F9307689,Eminem - My Darling,2831.0,TRFUJVJ128F426F2A2,Lauryn Hill - Interlude 5,4276.119999999999,TRDPGXU128F9339C2A,Beastie Boys - B-Boy Bouillabaisse: A.W.O.L. (2009 Digital Remaster),2630.4787499999998,TRGLNKG128F9307689,Eminem - My Darling,2597.866250000001,TROSICW128F933ADB8,Damien Dempsey - Colony,0.668156883721268,TRZBPGN128F92EDF7E,HELLYEAH - Nausea,0.6621711601319583,TRFUJVJ128F426F2A2,Lauryn Hill - Interlude 5,0.6588950984079016,TROSICW128F933ADB8,Damien Dempsey - Colony,0.6861895412846089,TRFUJVJ128F426F2A2,Lauryn Hill - Interlude 5,0.6777439830339153,TRZBPGN128F92EDF7E,HELLYEAH - Nausea,0.6775570930475653,TRFUJVJ128F426F2A2,Lauryn Hill - Interlude 5,259.0608340302408,TRDPGXU128F9339C2A,Beastie Boys - B-Boy Bouillabaisse: A.W.O.L. (2009 Digital Remaster),237.35486247709756,TRLUXWO128F14618D6,Dilated Peoples - Expansion Team Theme,176.68048507476206,TRFUJVJ128F426F2A2,Lauryn Hill - Interlude 5,118.56935720476193,TRLUXWO128F14618D6,Dilated Peoples - Expansion Team Theme,115.2123733727884,TRKCGPH128F428EBB6,Rick Astley - I'll Never Set You Free,97.8626724763228,TRGCICJ128F4243CBF,Steve Lukather - Never Ending Nights,0.25229877283001506,TRWOYYY128F4267E9D,Kenny Loggins - Set It Free,0.25222559295459607,TRZRBOX128EF3435A7,Seventh Day Slumber - Broken Buildings,0.24852471062326953,TRGCICJ128F4243CBF,Steve Lukather - Never Ending Nights,0.3079905675189761,TRWOYYY128F4267E9D,Kenny Loggins - Set It Free,0.3046266061566936,TRZRBOX128EF3435A7,Seventh Day Slumber - Broken Buildings,0.298936328096305
TRMVVDP128E0787806,SOTQRPK12A67020473,ARGVJPK1187B9909EA,Josh Groban,When You Say You Love Me (Album Version),classical,TRFUJVJ128F426F2A2,Lauryn Hill - Interlude 5,7162.0,TRWSYHO128F4282346,Twista - I'm A Winner (Amended Album Version),6206.0,TREBGAA128E078FC52,Erykah Badu - I Want You,4726.0,TRFUJVJ128F426F2A2,Lauryn Hill - Interlude 5,6701.999999999998,TRWSYHO128F4282346,Twista - I'm A Winner (Amended Album Version),5905.374999999997,TREBGAA128E078FC52,Erykah Badu - I Want You,4556.9375000000055,TRHXTSH128F932472E,Lyle Lovett - North Dakota,0.7949397208293707,TRSDDPK128F146AF76,Liz Phair - Go On Ahead,0.7915556229330071,TRXXGPE128F42916C7,Monica - Hurts The Most,0.7883585346125483,TRHXTSH128F932472E,Lyle Lovett - North Dakota,0.80153950644782,TRSDDPK128F146AF76,Liz Phair - Go On Ahead,0.7994179058074643,TRXXGPE128F42916C7,Monica - Hurts The Most,0.7970711675926523,TRFUJVJ128F426F2A2,Lauryn Hill - Interlude 5,211.7715553763261,TRDPGXU128F9339C2A,Beastie Boys - B-Boy Bouillabaisse: A.W.O.L. (2009 Digital Remaster),206.14594134522522,TRCHZXW128E079288A,Eminem - 8 Mile,172.05563362327646,TRRVIRD128F42AED3E,T Bone Burnett - I'm Going On A Long Journey Never To Return,117.99698869192561,TRGTGJR128F92D2C42,Belinda Carlisle - Heaven Is A Place On Earth,102.38373263470424,TRZZQIP128F92EFEAD,Abba - Move On,98.99046484791964,TRCHLQK128F4261337,Ferry Corsten - It's Time,0.28833053233472544,TRZHYJX128F92EB952,New Order - Bizarre Love Triangle,0.28596427135281494,TRKKWXD128E078DB27,Deep Dish - Say Hello (Angello & Ingrosso Remix),0.2816851492881348,TRZHYJX128F92EB952,New Order - Bizarre Love Triangle,0.3415252432583346,TRCHLQK128F4261337,Ferry Corsten - It's Time,0.33564985230548966,TRNEGIP128F4296261,Britney Spears - When Your Eyes Say It,0.3323697510098559
TRIEQWR128E078780D,SOULFRO12A6702047A,ARGVJPK1187B9909EA,Josh Groban,You Raise Me Up (Album Version),classical,TRFUJVJ128F426F2A2,Lauryn Hill - Interlude 5,4545.0,TRWSYHO128F4282346,Twista - I'm A Winner (Amended Album Version),4530.0,TRDPGXU128F9339C2A,Beastie Boys - B-Boy Bouillabaisse: A.W.O.L. (2009 Digital Remaster),3980.0,TRWSYHO128F4282346,Twista - I'm A Winner (Amended Album Version),4302.727499999999,TRFUJVJ128F426F2A2,Lauryn Hill - Interlude 5,4197.240000000001,TRDPGXU128F9339C2A,Beastie Boys - B-Boy Bouillabaisse: A.W.O.L. (2009 Digital Remaster),3689.1762499999995,TRQBRPI12903D0FCFB,Russell Watson - You Raise Me Up,0.9949111152533205,TRGVTSO12903CABC19,David Crowder*Band - All Around Me,0.7043813639732516,TRUBZKT128F9307E53,All Time Low - Therapy,0.6975033815037787,TRQBRPI12903D0FCFB,Russell Watson - You Raise Me Up,0.9950341894694665,TRGVTSO12903CABC19,David Crowder*Band - All Around Me,0.7121688843972471,TRUBZKT128F9307E53,All Time Low - Therapy,0.7066703124759901,TRQBRPI12903D0FCFB,Russell Watson - You Raise Me Up,288.0138629613063,TRFLWJZ128F425C9E4,The Pharcyde - Otha Fish,143.359690105341,TRWNLAK128C7196461,Warren G - Keepin' It Strong,133.762816299844,TRQBRPI12903D0FCFB,Russell Watson - You Raise Me Up,277.73566574661703,TRGPQHR128F425769C,Nina Simone - Nobody,112.55938203485249,TRWRMJN128F428076B,Eighteen Visions - Bleed By Yourself,103.64308499652576,TRQBRPI12903D0FCFB,Russell Watson - You Raise Me Up,0.9983611365895395,TRHTAXK12903CC5397,Suicide Commando - Raise Your God,0.3636800350504272,TRSFNYE128F42AD8C6,Katatonia - This Punishment,0.3636020579892639,TRQBRPI12903D0FCFB,Russell Watson - You Raise Me Up,0.9984130353078998,TRSFNYE128F42AD8C6,Katatonia - This Punishment,0.38305360747223294,TRHTAXK12903CC5397,Suicide Commando - Raise Your God,0.37407872391898683
TRBEYYM128F1493C56,SOKMZQL12A58A76B19,ARGVJPK1187B9909EA,Josh Groban,Believe (Album Version),classical,TRFUJVJ128F426F2A2,Lauryn Hill - Interlude 5,2718.0,TRWSYHO128F4282346,Twista - I'm A Winner (Amended Album Version),2074.0,TRQAWKR128F425EEC3,Michael Jackson - Man In The Mirror,1737.0,TRFUJVJ128F426F2A2,Lauryn Hill - Interlude 5,2427.2799999999997,TRWSYHO128F4282346,Twista - I'm A Winner (Amended Album Version),1884.0050000000006,TRBKYVE128F93350D1,MIMS - Move (If You Wanna),1541.8075000000006,TRMIVIX128F42731D4,Beverley Craven - Phoenix From The Fire,0.6117977647093781,TRWRNNB128F429FE6B,Cilla Black - Alfie,0.6045658836197516,TRLDRYJ128F930BBB4,Pain of Salvation - Spitfall,0.5789936782914012,TRMIVIX128F42731D4,Beverley Craven - Phoenix From The Fire,0.626074851774407,TRWRNNB128F429FE6B,Cilla Black - Alfie,0.6253044259172873,TRLDRYJ128F930BBB4,Pain of Salvation - Spitfall,0.6002286115458932,TRDPGXU128F9339C2A,Beastie Boys - B-Boy Bouillabaisse: A.W.O.L. (2009 Digital Remaster),185.71197021597948,TRFUJVJ128F426F2A2,Lauryn Hill - Interlude 5,157.4547612183201,TRKHTKI128F92EA339,Matisyahu - Close My Eyes,142.283650578708,TRUFCYN128F93385FE,Tammy Wynette - I Believe,91.47997229100615,TRFFTBO128F92D8275,Between The Buried And Me - Ants Of The Sky,91.18561505496875,TRWVZBZ128F1462E08,Yellowcard - Believe,90.56743817505308,TRMGSLI128F93276B8,Andrea Bocelli - I Believe,0.30198529947140085,TRHXKMH128E0786BA3,Garbage - Stupid Girl,0.28487698389963795,TRNDLHW128F424EF6B,Jamie Cullum - Where Is Your Heart At?,0.28356270381770854,TRMGSLI128F93276B8,Andrea Bocelli - I Believe,0.35704130403920237,TRNDLHW128F424EF6B,Jamie Cullum - Where Is Your Heart At?,0.33116039218643367,TRUGIIC128F92C3219,Vern Gosdin - Do You Believe Me Now,0.32644809678332953
TRPITXR128F427FA1B,SOEEMLZ12A8C136C5C,ARH861H1187B9B799E,Johnny Cash,Away In A Manger,classical,TRFUJVJ128F426F2A2,Lauryn Hill - Interlude 5,824.0,TRDPGXU128F9339C2A,Beastie Boys - B-Boy Bouillabaisse: A.W.O.L. (2009 Digital Remaster),787.0,TRCHZXW128E079288A,Eminem - 8 Mile,604.0,TRFUJVJ128F426F2A2,Lauryn Hill - Interlude 5,669.4399999999997,TRDPGXU128F9339C2A,Beastie Boys - B-Boy Bouillabaisse: A.W.O.L. (2009 Digital Remaster),657.7450000000002,TRCHZXW128E079288A,Eminem - 8 Mile,506.455,TRYLIGF128F428CFBC,Kenny G - Away In A Manger,0.9851946117751929,TRKVITQ128F4271B31,Johnny Cash - Daddy Sang Bass,0.47176268238156366,TRRPLDV128F92D6086,Current 93 - Raio No Terrasu (Jesus Wept),0.4613590640693664,TRYLIGF128F428CFBC,Kenny G - Away In A Manger,0.9859194045679841,TRKVITQ128F4271B31,Johnny Cash - Daddy Sang Bass,0.49876140383270867,TRWMTYV128F9303212,Fiddler's Green - Matty Groves,0.47960640532661186,TRYLIGF128F428CFBC,Kenny G - Away In A Manger,250.8750151378946,TRTLIKK128E07862DA,Ja Rule - One of Us,141.06905466886687,TRDUSIG12903CA5FCB,Savatage - The Hourglass,134.79324967747198,TRYLIGF128F428CFBC,Kenny G - Away In A Manger,239.2775495693151,TRECWUU128F9329272,Momus - Little Lord Obedience,109.46616872334934,TRRPLDV128F92D6086,Current 93 - Raio No Terrasu (Jesus Wept),103.13700245703679,TRYLIGF128F428CFBC,Kenny G - Away In A Manger,0.9716862420571614,TRRPLDV128F92D6086,Current 93 - Raio No Terrasu (Jesus Wept),0.41792343476501903,TRECWUU128F9329272,Momus - Little Lord Obedience,0.333324861769189,TRYLIGF128F428CFBC,Kenny G - Away In A Manger,0.9729581386973988,TRRPLDV128F92D6086,Current 93 - Raio No Terrasu (Jesus Wept),0.43437696075010485,TRECWUU128F9329272,Momus - Little Lord Obedience,0.36551710044792357
TRGFMUJ128F423C52F,SOKABLD12D021991AC,ARGVJPK1187B9909EA,Josh Groban,Cinema Paradiso (Se) (Album Version),classical,TRKKUWM128F92E4E1C,Gemelli Diversi - Istruzioni Per L'(Ill)uso,311.0,TRZRTPI12903D0954A,Flaminio Maphia - Quelli Che,305.0,TRRVXQX128F429A0C4,Fabrizio De Andrè - Sinan Capudan Pascià,305.0,TRKKUWM128F92E4E1C,Gemelli Diversi - Istruzioni Per L'(Ill)uso,300.5437499999992,TRZRTPI12903D0954A,Flaminio Maphia - Quelli Che,297.21250000000026,TRRVXQX128F429A0C4,Fabrizio De Andrè - Sinan Capudan Pascià,295.37499999999994,TRMUOCQ128F92EB38B,Il Divo - La Promesa,0.7919585206062519,TRHEJBV128F146D61D,Vittorio Grigolo - Se Tu Non Sei Lei,0.7275411124303056,TRGGYCR128F426837F,Sergio Cammariere - Oggi,0.6879236235056051,TRMUOCQ128F92EB38B,Il Divo - La Promesa,0.7954084308108675,TRHEJBV128F146D61D,Vittorio Grigolo - Se Tu Non Sei Lei,0.7318229110975953,TRGGYCR128F426837F,Sergio Cammariere - Oggi,0.693043075881872,TRKKUWM128F92E4E1C,Gemelli Diversi - Istruzioni Per L'(Ill)uso,292.55200316419916,TRZRTPI12903D0954A,Flaminio Maphia - Quelli Che,287.81813331820035,TRWRDAM128F147232C,Caparezza - Gli Insetti Del Podere,272.38652570454013,TRKKUWM128F92E4E1C,Gemelli Diversi - Istruzioni Per L'(Ill)uso,282.62848272554777,TRZRTPI12903D0954A,Flaminio Maphia - Quelli Che,278.5289830275905,TRWRDAM128F147232C,Caparezza - Gli Insetti Del Podere,263.2276663815692,TRGGYCR128F426837F,Sergio Cammariere - Oggi,0.8028908689131382,TRMUOCQ128F92EB38B,Il Divo - La Promesa,0.7588527294732679,TRZKRRE128F4264095,Andrea Bocelli - L'Attesa,0.7560136616827202,TRGGYCR128F426837F,Sergio Cammariere - Oggi,0.8063033392396602,TRMUOCQ128F92EB38B,Il Divo - La Promesa,0.7630867127253085,TRZKRRE128F4264095,Andrea Bocelli - L'Attesa,0.7604026952063446
TRGVTSO12903CABC19,SOPPSEF12AB018ADD4,ARFM3UU1187B994C88,David Crowder*Band,All Around Me,classical,TRFUJVJ128F426F2A2,Lauryn Hill - Interlude 5,5833.0,TRWSYHO128F4282346,Twista - I'm A Winner (Amended Album Version),5385.0,TRDPGXU128F9339C2A,Beastie Boys - B-Boy Bouillabaisse: A.W.O.L. (2009 Digital Remaster),5004.0,TRFUJVJ128F426F2A2,Lauryn Hill - Interlude 5,5441.08,TRWSYHO128F4282346,Twista - I'm A Winner (Amended Album Version),5128.867499999999,TREBGAA128E078FC52,Erykah Badu - I Want You,4734.9587500000025,TRRDVQC128EF3495E4,Godsmack - Asleep,0.8567074364279856,TRGAGNZ128F42712C3,Room Eleven - Bitch,0.8038748392853617,TRPIGYF12903CC71FD,The Acacia Strain - Kraken,0.7992850251281376,TRRDVQC128EF3495E4,Godsmack - Asleep,0.8592162924345821,TRGAGNZ128F42712C3,Room Eleven - Bitch,0.8086388634157978,TRPIGYF12903CC71FD,The Acacia Strain - Kraken,0.8051199261958836,TRDGICW128F42963E2,Recoil - Curse,150.0878883838765,TREKDDG128F4298103,The Cat Empire - Days Like These,147.14342353393056,TRFUJVJ128F426F2A2,Lauryn Hill - Interlude 5,141.87515698815633,TRPVAMZ128F4286261,Hayley Westenra - My Heart Belongs To You,103.35247029560314,TROYIKV12903CB0B9C,Lo Fidelity Allstars - Will I Get Out Of Jail,93.80835107985301,TREKDDG128F4298103,The Cat Empire - Days Like These,92.94221695268398,TRFKUYE128F428AE02,Refused - Rather Be Dead,0.3140026626893959,TRRDVQC128EF3495E4,Godsmack - Asleep,0.30636136981915374,TROYIKV12903CB0B9C,Lo Fidelity Allstars - Will I Get Out Of Jail,0.29910829088040586,TROYIKV12903CB0B9C,Lo Fidelity Allstars - Will I Get Out Of Jail,0.3451370795156781,TRRDVQC128EF3495E4,Godsmack - Asleep,0.3385128265424583,TRPVAMZ128F4286261,Hayley Westenra - My Heart Belongs To You,0.33509738810095413
TRJGMSL128F4230A6C,SOWYWPP12A81C20850,ARPBTRI1187FB52457,The Game,Black Opera,classical,TRFUJVJ128F426F2A2,Lauryn Hill - Interlude 5,15262.0,TRWSYHO128F4282346,Twista - I'm A Winner (Amended Album Version),14936.0,TREBGAA128E078FC52,Erykah Badu - I Want You,11789.0,TRWSYHO128F4282346,Twista - I'm A Winner (Amended Album Version),14243.360000000002,TRFUJVJ128F426F2A2,Lauryn Hill - Interlude 5,14202.159999999996,TREBGAA128E078FC52,Erykah Badu - I Want You,11399.480000000007,TRNHSZN128F930FF03,Clawfinger - Revenge,0.7939266769314592,TRAJLRQ12903D0CD64,Wu-Tang Clan - Brooklyn Zoo,0.7912797376236377,TRAQOZG128F4263EE2,Level 42 - To Be With You Again,0.7823691771274291,TRNHSZN128F930FF03,Clawfinger - Revenge,0.8012772171146152,TRAJLRQ12903D0CD64,Wu-Tang Clan - Brooklyn Zoo,0.8002431245726551,TRAQOZG128F4263EE2,Level 42 - To Be With You Again,0.7898154388967737,TRQWDRK128F4241A32,Twista - Overdose (Album Version),687.7508086500245,TRBKQJB128F934EEF7,Ying Yang Twins - 1st Booty On Duty,684.2599473475988,TRMVPVK128F93462DE,Kurupt - Ho's A Housewife,610.7471459341753,TRBKQJB128F934EEF7,Ying Yang Twins - 1st Booty On Duty,490.80031024551056,TRMVPVK128F93462DE,Kurupt - Ho's A Housewife,434.4985779414745,TRQWDRK128F4241A32,Twista - Overdose (Album Version),432.2349920090671,TRMVPVK128F93462DE,Kurupt - Ho's A Housewife,0.410754578265294,TRNRSMW128F14624A1,N.W.A. - The Dayz Of Wayback,0.3908747666356394,TRIUYFJ128F421FBCA,Immortal Technique - Crossing the Boundary,0.3871145546083795,TRMVPVK128F93462DE,Kurupt - Ho's A Housewife,0.49482812814691834,TRIUYFJ128F421FBCA,Immortal Technique - Crossing the Boundary,0.47962279698105476,TRNRSMW128F14624A1,N.W.A. - The Dayz Of Wayback,0.47132128494612857
TRBGUUE128F1494FB6,SOGDJWU12A58A7DA10,ARJA1841187FB3A029,David Bowie,Baal's Hymn,classical,TRFUJVJ128F426F2A2,Lauryn Hill - Interlude 5,2626.0,TRDPGXU128F9339C2A,Beastie Boys - B-Boy Bouillabaisse: A.W.O.L. (2009 Digital Remaster),2184.0,TRGUCIR128F933D817,Vanilla Ice - Ice Is Workin' It,1936.0,TRFUJVJ128F426F2A2,Lauryn Hill - Interlude 5,2162.32,TRDPGXU128F9339C2A,Beastie Boys - B-Boy Bouillabaisse: A.W.O.L. (2009 Digital Remaster),1796.2349999999997,TRGUCIR128F933D817,Vanilla Ice - Ice Is Workin' It,1716.7599999999995,TRMFOTI128F931989A,King Geedorah - The Fine Print,0.6091824319418268,TRMQVEX128F92F29D1,MC Paul Barman - Anarchist Bookstore part 1,0.5956694101641525,TRVFFNK128F9336F8D,Sopor Aeternus & The Ensemble Of Shadows - Architecture II,0.5882815523691828,TRMFOTI128F931989A,King Geedorah - The Fine Print,0.6432554026190045,TRMQVEX128F92F29D1,MC Paul Barman - Anarchist Bookstore part 1,0.6272950822072653,TRVFFNK128F9336F8D,Sopor Aeternus & The Ensemble Of Shadows - Architecture II,0.6132052770450744,TRFUJVJ128F426F2A2,Lauryn Hill - Interlude 5,343.5186971779116,TRDPGXU128F9339C2A,Beastie Boys - B-Boy Bouillabaisse: A.W.O.L. (2009 Digital Remaster),307.8906117427847,TRDUSIG12903CA5FCB,Savatage - The Hourglass,287.5764415564448,TRBERRB128F932D534,Dar Williams - Mortal City,145.3830937425671,TRDUSIG12903CA5FCB,Savatage - The Hourglass,138.98249771467533,TRIFVKW128F145C141,Gang Starr - The Illest Brother,136.87025724466434,TROXPNE128F9337718,Anti-Flag - Captain Anarchy,0.25854578983908,TRFRXGD128F42717FF,Johnny Cash - A Thing Called Love,0.25853065656657187,TRXGJGX128F427E6CB,Charlotte Church - Joy To The World,0.25743492843603916,TRFRXGD128F42717FF,Johnny Cash - A Thing Called Love,0.3372507483242537,TRIFVKW128F145C141,Gang Starr - The Illest Brother,0.33125096022519596,TRBERRB128F932D534,Dar Williams - Mortal City,0.32813822348517896
TREPYPE128F92EB38C,SOBAQGA12AB017C9F2,ARNJ9LU1187B9A56A6,Il Divo,Adagio,classical,TRKKUWM128F92E4E1C,Gemelli Diversi - Istruzioni Per L'(Ill)uso,545.0,TRZRTPI12903D0954A,Flaminio Maphia - Quelli Che,487.0,TRRVXQX128F429A0C4,Fabrizio De Andrè - Sinan Capudan Pascià,476.0,TRKKUWM128F92E4E1C,Gemelli Diversi - Istruzioni Per L'(Ill)uso,527.6724999999996,TRZRTPI12903D0954A,Flaminio Maphia - Quelli Che,474.0950000000004,TRRVXQX128F429A0C4,Fabrizio De Andrè - Sinan Capudan Pascià,460.0499999999988,TRWYIWJ128F42BC158,Il Divo - Musica,0.9160747184901767,TRQXNGQ128F4266139,Amici Forever - Adagio,0.9080379585676617,TRBPDOM128F9316691,Paul Potts - Mamma,0.7945504816947301,TRWYIWJ128F42BC158,Il Divo - Musica,0.9176725071835744,TRQXNGQ128F4266139,Amici Forever - Adagio,0.9098364354359195,TRBPDOM128F9316691,Paul Potts - Mamma,0.7979626251385126,TRZRTPI12903D0954A,Flaminio Maphia - Quelli Che,420.90028901666244,TRKKUWM128F92E4E1C,Gemelli Diversi - Istruzioni Per L'(Ill)uso,414.2269890385519,TRWRDAM128F147232C,Caparezza - Gli Insetti Del Podere,401.7147575642363,TRZRTPI12903D0954A,Flaminio Maphia - Quelli Che,407.02163102731123,TRKKUWM128F92E4E1C,Gemelli Diversi - Istruzioni Per L'(Ill)uso,399.40053646650125,TRWRDAM128F147232C,Caparezza - Gli Insetti Del Podere,388.03076364236233,TRWYIWJ128F42BC158,Il Divo - Musica,0.9484833645809799,TRQXNGQ128F4266139,Amici Forever - Adagio,0.9474914374803001,TRWAWSC12903CF3CBC,Gianmaria Testa - Il meglio di te,0.8139596266968551,TRWYIWJ128F42BC158,Il Divo - Musica,0.9495538935594569,TRQXNGQ128F4266139,Amici Forever - Adagio,0.948596727566053,TRWAWSC12903CF3CBC,Gianmaria Testa - Il meglio di te,0.8174680091975923
TRGZRPJ128F92EF7E2,SOJBCHJ12A8C140942,ARNJ9LU1187B9A56A6,Il Divo,Adeste Fideles,classical,TREXCMT128F933D825,Vanilla Ice - It's A Party,666.0,TRBBVNR128E078E1E4,Black Eyed Peas - Tell Your Momma Come,391.0,TRKOMDL128F1499C7D,João Gilberto - Aguas De Marco,372.0,TREXCMT128F933D825,Vanilla Ice - It's A Party,636.5125000000005,TRBBVNR128E078E1E4,Black Eyed Peas - Tell Your Momma Come,373.10624999999976,TRKOMDL128F1499C7D,João Gilberto - Aguas De Marco,361.6750000000001,TRQWNOI128F92CFEF0,Markus Krunegård - Maria & Jag,0.4868648979421352,TRLVNQX128F42975E7,Rory Gallagher - Out On The Western Plain,0.42454888525329465,TRERQQR128F9312ADF,Siouxsie And The Banshees - Belladonna,0.42205843106062235,TRQWNOI128F92CFEF0,Markus Krunegård - Maria & Jag,0.49019783069304296,TRLVNQX128F42975E7,Rory Gallagher - Out On The Western Plain,0.4324602385462706,TRERQQR128F9312ADF,Siouxsie And The Banshees - Belladonna,0.4299960289311808,TRTLEVO128F425EA4F,Paul Potts - O Holy Night,111.1491107231244,TRKTFBP128F92DD391,Il Divo - O Holy Night,81.37853168105342,TRKOMDL128F1499C7D,João Gilberto - Aguas De Marco,80.11810015952226,TRTLEVO128F425EA4F,Paul Potts - O Holy Night,104.62511712140129,TRKOMDL128F1499C7D,João Gilberto - Aguas De Marco,76.82102951305258,TRKTFBP128F92DD391,Il Divo - O Holy Night,76.80761721001743,TRTLEVO128F425EA4F,Paul Potts - O Holy Night,0.5023030535901193,TRKTFBP128F92DD391,Il Divo - O Holy Night,0.4273032480124435,TRMCVSI12903CB6233,School Food Punishment - Flow,0.40215329616118184,TRTLEVO128F425EA4F,Paul Potts - O Holy Night,0.5116039351176066,TRKTFBP128F92DD391,Il Divo - O Holy Night,0.43921405242392725,TRMCVSI12903CB6233,School Food Punishment - Flow,0.40637947858635187
TRGXTYR128F42ACF5F,SOJILSK12A8C13F427,ARNJ9LU1187B9A56A6,Il Divo,All By Myself (Solo Otra Vez),classical,TRTJLTW12903CFF1E9,Los Van Van - El Negro Está Cocinando,666.0,TRSVRQN128F42722CC,Willie Colon - Gitana,657.0,TRDOJIR128F42840C0,Horace Andy - Horse With No Name,653.0,TRTJLTW12903CFF1E9,Los Van Van - El Negro Está Cocinando,635.3624999999998,TRSVRQN128F42722CC,Willie Colon - Gitana,621.7400000000007,TRDOJIR128F42840C0,Horace Andy - Horse With No Name,613.4399999999993,TRTYPUW128F42BC14C,Il Divo - La Vida Sin Amor,0.5914294182866676,TRXJXAE128F93174B5,Cristian Castro - Mi Vida Sin Tu Amor,0.5446364791786936,TRJYBDF128F9337B51,Rey Ruiz - Mienteme Otra Véz,0.5004269385304952,TRTYPUW128F42BC14C,Il Divo - La Vida Sin Amor,0.5988617490341908,TRXJXAE128F93174B5,Cristian Castro - Mi Vida Sin Tu Amor,0.5525911709742081,TRJYBDF128F9337B51,Rey Ruiz - Mienteme Otra Véz,0.5104334508883596,TRAWUCS128F92FAA8E,Gilberto Santa Rosa - Amor Mio No Te Vayas,419.34522950610284,TRJYBDF128F9337B51,Rey Ruiz - Mienteme Otra Véz,353.78701594018617,TRIKCWM128F92E54E7,Reik - Sin Conocerte,344.6275885184892,TRAWUCS128F92FAA8E,Gilberto Santa Rosa - Amor Mio No Te Vayas,401.62486359704104,TRJYBDF128F9337B51,Rey Ruiz - Mienteme Otra Véz,333.55688853586656,TRIKCWM128F92E54E7,Reik - Sin Conocerte,322.81539383127387,TRAWUCS128F92FAA8E,Gilberto Santa Rosa - Amor Mio No Te Vayas,0.6677300737001688,TRXNMKN128F4272DAE,Genitallica - Otra Vez,0.5307496113204239,TRIKCWM128F92E54E7,Reik - Sin Conocerte,0.5125435470848334,TRAWUCS128F92FAA8E,Gilberto Santa Rosa - Amor Mio No Te Vayas,0.675668642108389,TRXNMKN128F4272DAE,Genitallica - Otra Vez,0.540504319140318,TRIKCWM128F92E54E7,Reik - Sin Conocerte,0.5260470687471666
TRVXXVG128F933AB88,SOHGPTR12AB01874F5,ARNJ9LU1187B9A56A6,Il Divo,Amazing Grace,classical,TRFUJVJ128F426F2A2,Lauryn Hill - Interlude 5,2069.0,TRDPGXU128F9339C2A,Beastie Boys - B-Boy Bouillabaisse: A.W.O.L. (2009 Digital Remaster),1701.0,TRBEBJO128C719646B,Nelly - Splurge,1376.0,TRFUJVJ128F426F2A2,Lauryn Hill - Interlude 5,1844.5199999999998,TRDPGXU128F9339C2A,Beastie Boys - B-Boy Bouillabaisse: A.W.O.L. (2009 Digital Remaster),1513.2725,TRBEBJO128C719646B,Nelly - Splurge,1264.2175000000002,TRNLJWY128F1455FA9,Hayley Westenra - Amazing Grace,0.9352360411135281,TRFAIBW128F428B7A6,RKL - Heavily Sedated,0.6420973266552726,TRWWDQR128F149DADE,Robben Ford & The Blue Line - Rugged Road,0.636566070620852,TRNLJWY128F1455FA9,Hayley Westenra - Amazing Grace,0.9385832358180597,TRFAIBW128F428B7A6,RKL - Heavily Sedated,0.660524748914091,TRWWDQR128F149DADE,Robben Ford & The Blue Line - Rugged Road,0.654630010608049,TRNLJWY128F1455FA9,Hayley Westenra - Amazing Grace,215.9470818653461,TRDGICW128F42963E2,Recoil - Curse,152.05320916885196,TRTLIKK128E07862DA,Ja Rule - One of Us,132.96295656278676,TRNLJWY128F1455FA9,Hayley Westenra - Amazing Grace,201.40664132226183,TRDGICW128F42963E2,Recoil - Curse,89.3110876270734,TRRFGBA128F92F22E4,Greg Laswell - How The Day Sounds,77.86343651859367,TRNLJWY128F1455FA9,Hayley Westenra - Amazing Grace,0.9296111674057789,TRRZREZ128E078F7E4,Michael McDonald - Peace,0.3083673331358976,TRUVUPZ128F92FC88C,Snog - Playstation Blues,0.2812484220833971,TRNLJWY128F1455FA9,Hayley Westenra - Amazing Grace,0.934001181101158,TRRZREZ128E078F7E4,Michael McDonald - Peace,0.3554772471024249,TRUVUPZ128F92FC88C,Snog - Playstation Blues,0.30922473420429997
TRLFGML128F92EB391,SOMZKFD12AB017CA0C,ARNJ9LU1187B9A56A6,Il Divo,Angelina,classical,TRTHNFG12903D0CE54,Violadores del Verso - Dale tiempo al rumor,1313.0,TRIJHLY12903D0CE4D,Violadores del Verso - Cantando,1097.0,TRTJLTW12903CFF1E9,Los Van Van - El Negro Está Cocinando,944.0,TRTHNFG12903D0CE54,Violadores del Verso - Dale tiempo al rumor,1255.9625000000003,TRIJHLY12903D0CE4D,Violadores del Verso - Cantando,1046.7125,TRTJLTW12903CFF1E9,Los Van Van - El Negro Está Cocinando,911.9374999999986,TRBMILM128F42795A1,Héroes del Silencio - El Camino Del Exceso,0.6899152110650053,TRRUSZX128F1480C9F,El sueño de Morfeo - Sonrisa especial,0.6389071264115208,TRNRKRY128F147627E,Nach Scratch - Abre tu puerta (y cruza el universo),0.6333320060240262,TRBMILM128F42795A1,Héroes del Silencio - El Camino Del Exceso,0.6951570020964439,TRRUSZX128F1480C9F,El sueño de Morfeo - Sonrisa especial,0.6471482610213863,TRNRKRY128F147627E,Nach Scratch - Abre tu puerta (y cruza el universo),0.6427812990411076,TRIJHLY12903D0CE4D,Violadores del Verso - Cantando,542.5164713796886,TRTHNFG12903D0CE54,Violadores del Verso - Dale tiempo al rumor,483.2703856131882,TRMTPJG128F428F66B,Daddy Yankee - Todos Quieren A Raymond,414.5250755432951,TRIJHLY12903D0CE4D,Violadores del Verso - Cantando,496.463892140918,TRTHNFG12903D0CE54,Violadores del Verso - Dale tiempo al rumor,436.00094227887337,TRMTPJG128F428F66B,Daddy Yankee - Todos Quieren A Raymond,370.2410589184138,TRIJHLY12903D0CE4D,Violadores del Verso - Cantando,0.6082930674664335,TRRUSZX128F1480C9F,El sueño de Morfeo - Sonrisa especial,0.5940857173032639,TRNRKRY128F147627E,Nach Scratch - Abre tu puerta (y cruza el universo),0.5633497176388544,TRIJHLY12903D0CE4D,Violadores del Verso - Cantando,0.6268493454940528,TRRUSZX128F1480C9F,El sueño de Morfeo - Sonrisa especial,0.6068640446098288,TRNRKRY128F147627E,Nach Scratch - Abre tu puerta (y cruza el universo),0.583285201236517
TRVFSWI128F42ACE94,SOJZKPG12A8C13F9E0,ARNJ9LU1187B9A56A6,Il Divo,Ave Maria,classical,TRZZQIP128F92EFEAD,Abba - Move On,468.0,TRDOJIR128F42840C0,Horace Andy - Horse With No Name,434.0,TRKKUWM128F92E4E1C,Gemelli Diversi - Istruzioni Per L'(Ill)uso,407.0,TRZZQIP128F92EFEAD,Abba - Move On,450.1062499999998,TRDOJIR128F42840C0,Horace Andy - Horse With No Name,417.9000000000004,TRKKUWM128F92E4E1C,Gemelli Diversi - Istruzioni Per L'(Ill)uso,396.5437499999992,TRGNRZC128F146D620,Vittorio Grigolo - Roma Sogna,0.783447020967053,TRMUOCQ128F92EB38B,Il Divo - La Promesa,0.7765437410035207,TRJQRGK128F42A8AF9,Frankie HI-NRG MC - Fili,0.7362207740291837,TRGNRZC128F146D620,Vittorio Grigolo - Roma Sogna,0.786174672285308,TRMUOCQ128F92EB38B,Il Divo - La Promesa,0.7797835311013779,TRJQRGK128F42A8AF9,Frankie HI-NRG MC - Fili,0.7397016455482035,TRKKUWM128F92E4E1C,Gemelli Diversi - Istruzioni Per L'(Ill)uso,313.7455844525342,TRZRTPI12903D0954A,Flaminio Maphia - Quelli Che,297.99541299054926,TRRVXQX128F429A0C4,Fabrizio De Andrè - Sinan Capudan Pascià,287.0676372758408,TRKKUWM128F92E4E1C,Gemelli Diversi - Istruzioni Per L'(Ill)uso,303.88446374759025,TRZRTPI12903D0954A,Flaminio Maphia - Quelli Che,288.7646734734228,TRRVXQX128F429A0C4,Fabrizio De Andrè - Sinan Capudan Pascià,276.0399915465648,TRXNYOZ128F42BC146,Il Divo - Come Primavera,0.8028859890649377,TRJQRGK128F42A8AF9,Frankie HI-NRG MC - Fili,0.7682146198447919,TRGNRZC128F146D620,Vittorio Grigolo - Roma Sogna,0.7633716508365304,TRXNYOZ128F42BC146,Il Divo - Come Primavera,0.8058842547566607,TRJQRGK128F42A8AF9,Frankie HI-NRG MC - Fili,0.7718412323565418,TRGNRZC128F146D620,Vittorio Grigolo - Roma Sogna,0.7669142320225958
TRMKTUF128F42BC140,SOLHDOP12A8C13FB24,ARNJ9LU1187B9A56A6,Il Divo,Caruso,classical,TRKKUWM128F92E4E1C,Gemelli Diversi - Istruzioni Per L'(Ill)uso,690.0,TRRVXQX128F429A0C4,Fabrizio De Andrè - Sinan Capudan Pascià,518.0,TRZZQIP128F92EFEAD,Abba - Move On,507.0,TRKKUWM128F92E4E1C,Gemelli Diversi - Istruzioni Per L'(Ill)uso,674.4649999999998,TRRVXQX128F429A0C4,Fabrizio De Andrè - Sinan Capudan Pascià,503.69999999999834,TRZZQIP128F92EFEAD,Abba - Move On,480.41499999999996,TRKDIWP128F92F19AA,Lara Fabian - Caruso,0.9179863709908372,TRKKUWM128F92E4E1C,Gemelli Diversi - Istruzioni Per L'(Ill)uso,0.8266983567642731,TRZITCI128F426837D,Sergio Cammariere - La Canzone Dell' Impossibile,0.8020099597545729,TRKDIWP128F92F19AA,Lara Fabian - Caruso,0.9193250772511166,TRKKUWM128F92E4E1C,Gemelli Diversi - Istruzioni Per L'(Ill)uso,0.8298857841304109,TRZITCI128F426837D,Sergio Cammariere - La Canzone Dell' Impossibile,0.8055613588617299,TRKKUWM128F92E4E1C,Gemelli Diversi - Istruzioni Per L'(Ill)uso,461.35881604505175,TRRVXQX128F429A0C4,Fabrizio De Andrè - Sinan Capudan Pascià,423.06417584402413,TRWRDAM128F147232C,Caparezza - Gli Insetti Del Podere,389.68639642008304,TRKKUWM128F92E4E1C,Gemelli Diversi - Istruzioni Per L'(Ill)uso,447.9514272004456,TRRVXQX128F429A0C4,Fabrizio De Andrè - Sinan Capudan Pascià,408.0707548367312,TRWRDAM128F147232C,Caparezza - Gli Insetti Del Podere,377.312119662631,TRKDIWP128F92F19AA,Lara Fabian - Caruso,0.950571142565794,TRZITCI128F426837D,Sergio Cammariere - La Canzone Dell' Impossibile,0.7945753628813355,TRTHGQX128F422894C,Russell Watson - Nessun dorma!,0.7902424760202322,TRKDIWP128F92F19AA,Lara Fabian - Caruso,0.9514628332432756,TRZITCI128F426837D,Sergio Cammariere - La Canzone Dell' Impossibile,0.7985664860660135,TRTHGQX128F422894C,Russell Watson - Nessun dorma!,0.7928912576875771
TRXNYOZ128F42BC146,SOBTJJR12A8C13FB29,ARNJ9LU1187B9A56A6,Il Divo,Come Primavera,classical,TRZZQIP128F92EFEAD,Abba - Move On,1560.0,TRDOJIR128F42840C0,Horace Andy - Horse With No Name,1442.0,TREKUOP12903CD2BA7,Desmond Dekker - Mother Nature,760.0,TRZZQIP128F92EFEAD,Abba - Move On,1537.5049999999999,TRDOJIR128F42840C0,Horace Andy - Horse With No Name,1421.7599999999993,TREKUOP12903CD2BA7,Desmond Dekker - Mother Nature,751.9699999999987,TRNKSYE128F145C9C9,Emma Shapplin - Spente Le Stelle,0.7972877016601246,TRKKUWM128F92E4E1C,Gemelli Diversi - Istruzioni Per L'(Ill)uso,0.754167329739722,TRGNRZC128F146D620,Vittorio Grigolo - Roma Sogna,0.7224198266299307,TRNKSYE128F145C9C9,Emma Shapplin - Spente Le Stelle,0.7995198612873297,TRKKUWM128F92E4E1C,Gemelli Diversi - Istruzioni Per L'(Ill)uso,0.7571808488447995,TRGNRZC128F146D620,Vittorio Grigolo - Roma Sogna,0.725573753806455,TRKKUWM128F92E4E1C,Gemelli Diversi - Istruzioni Per L'(Ill)uso,356.14977675219086,TRZRTPI12903D0954A,Flaminio Maphia - Quelli Che,317.3821197523324,TRRVXQX128F429A0C4,Fabrizio De Andrè - Sinan Capudan Pascià,284.77293807275754,TRKKUWM128F92E4E1C,Gemelli Diversi - Istruzioni Per L'(Ill)uso,345.68221364378013,TRZRTPI12903D0954A,Flaminio Maphia - Quelli Che,307.5837052187401,TRGOQOD128F14A2082,Caparezza - Limiti,273.79713658758425,TRVFSWI128F42ACE94,Il Divo - Ave Maria,0.8028859890649377,TRJYZZK128F92E49F5,Raf - Passeggeri Distratti,0.7553772298611342,TRLJSVR128F9316694,Paul Potts - Tristesse,0.7542185447350563,TRVFSWI128F42ACE94,Il Divo - Ave Maria,0.8058842547566607,TRJYZZK128F92E49F5,Raf - Passeggeri Distratti,0.7597131133676573,TRLJSVR128F9316694,Paul Potts - Tristesse,0.757470650815233
TRYFLQK128F92EF7F1,SOOVZJZ12A8C1399B9,ARNJ9LU1187B9A56A6,Il Divo,Dentro Un Altro Si,classical,TRZRTPI12903D0954A,Flaminio Maphia - Quelli Che,353.0,TRKKUWM128F92E4E1C,Gemelli Diversi - Istruzioni Per L'(Ill)uso,344.0,TRRVXQX128F429A0C4,Fabrizio De Andrè - Sinan Capudan Pascià,308.0,TRZRTPI12903D0954A,Flaminio Maphia - Quelli Che,342.3200000000004,TRKKUWM128F92E4E1C,Gemelli Diversi - Istruzioni Per L'(Ill)uso,329.6599999999999,TRRVXQX128F429A0C4,Fabrizio De Andrè - Sinan Capudan Pascià,294.8000000000003,TRVIAUV128E0788AD4,Marlene Kuntz - L'Abbraccio,0.6972267565706681,TRTUKTS128F92D1044,Le Luci Della Centrale Elettrica - Per combattere l'acne,0.661722903537529,TRLJSTZ128F4241831,Josh Groban - Oceano (Revised Live Version),0.6614475128767462,TRVIAUV128E0788AD4,Marlene Kuntz - L'Abbraccio,0.7027642214999338,TRTUKTS128F92D1044,Le Luci Della Centrale Elettrica - Per combattere l'acne,0.6676322629936194,TRLJSTZ128F4241831,Josh Groban - Oceano (Revised Live Version),0.6669873915233538,TRWRDAM128F147232C,Caparezza - Gli Insetti Del Podere,417.6166282561685,TRZRTPI12903D0954A,Flaminio Maphia - Quelli Che,409.3616707430786,TRGOQOD128F14A2082,Caparezza - Limiti,375.03179361115286,TRWRDAM128F147232C,Caparezza - Gli Insetti Del Podere,403.7204181715011,TRZRTPI12903D0954A,Flaminio Maphia - Quelli Che,395.26777767250513,TRGOQOD128F14A2082,Caparezza - Limiti,361.69218284595814,TRLJSTZ128F4241831,Josh Groban - Oceano (Revised Live Version),0.7435419439329082,TRTUKTS128F92D1044,Le Luci Della Centrale Elettrica - Per combattere l'acne,0.7396457850513365,TROKOBT128F14A2088,Caparezza - L'Età Dei Figuranti,0.7358990980673981,TRLJSTZ128F4241831,Josh Groban - Oceano (Revised Live Version),0.7487291386000311,TRTUKTS128F92D1044,Le Luci Della Centrale Elettrica - Per combattere l'acne,0.7449116797707365,TROKOBT128F14A2088,Caparezza - L'Età Dei Figuranti,0.741945280711472
TRRWCOL128F42AD05D,SOOZNYR12A8C13D9F7,ARNJ9LU1187B9A56A6,Il Divo,En Aranjuez Con Tu Amor,classical,TRTHNFG12903D0CE54,Violadores del Verso - Dale tiempo al rumor,1672.0,TRIJHLY12903D0CE4D,Violadores del Verso - Cantando,1408.0,TRWQZXS128F92DB731,Victor Manuelle - Lloré Lloré,1254.0,TRTHNFG12903D0CE54,Violadores del Verso - Dale tiempo al rumor,1601.6537499999986,TRIJHLY12903D0CE4D,Violadores del Verso - Cantando,1345.9787499999993,TRWQZXS128F92DB731,Victor Manuelle - Lloré Lloré,1217.0925,TRZYVQE128F42660F7,Amici Forever - Aranjuez Ma Pensee,0.932114822352936,TRYFBLW128F428A81A,Joan Manuel Serrat - Mediterraneo,0.7437784077572424,TRNTYGF128F9302BD8,Juanes - Tu Y Yo,0.7269128451580077,TRZYVQE128F42660F7,Amici Forever - Aranjuez Ma Pensee,0.9335646034372748,TRYFBLW128F428A81A,Joan Manuel Serrat - Mediterraneo,0.750269999800567,TRNTYGF128F9302BD8,Juanes - Tu Y Yo,0.7335263532500625,TRIJHLY12903D0CE4D,Violadores del Verso - Cantando,512.5586910582268,TRTHNFG12903D0CE54,Violadores del Verso - Dale tiempo al rumor,499.16656816613255,TRDVUEH12903D0FAA9,Violadores del Verso - La ciudad nunca duerme,468.96252322325597,TRIJHLY12903D0CE4D,Violadores del Verso - Cantando,465.28489205848257,TRTHNFG12903D0CE54,Violadores del Verso - Dale tiempo al rumor,450.6436363357489,TRDVUEH12903D0FAA9,Violadores del Verso - La ciudad nunca duerme,427.89770928601,TRZYVQE128F42660F7,Amici Forever - Aranjuez Ma Pensee,0.8931605198130892,TRABPNV128F1476532,Loquillo Y Los Trogloditas - Hermanos de sangre (Rulot 05),0.5942496151841775,TRWMMJS128F4289073,Jorge Drexler - No te creas,0.590806039766837,TRZYVQE128F42660F7,Amici Forever - Aranjuez Ma Pensee,0.8958770753407821,TRABPNV128F1476532,Loquillo Y Los Trogloditas - Hermanos de sangre (Rulot 05),0.6044984317695127,TRWMMJS128F4289073,Jorge Drexler - No te creas,0.6020459800450251
TRVRPTI128F92EB390,SOCREBZ12AB017CA05,ARNJ9LU1187B9A56A6,Il Divo,Enamorado,classical,TRTHNFG12903D0CE54,Violadores del Verso - Dale tiempo al rumor,563.0,TRRKWPY12903CAAC5D,Johnny Prez - Te Vuelvo Loca,560.0,TRSVRQN128F42722CC,Willie Colon - Gitana,524.0,TRRKWPY12903CAAC5D,Johnny Prez - Te Vuelvo Loca,540.6800000000003,TRTHNFG12903D0CE54,Violadores del Verso - Dale tiempo al rumor,532.5799999999998,TRSVRQN128F42722CC,Willie Colon - Gitana,504.3200000000001,TRYYIRY128F93171A0,Maelo Ruiz - Te Amo,0.5971893382153615,TRNZIBT128F427CC40,Monica Naranjo - Mi Vida Por Un Hombre,0.593209783266527,TRQXUSM128F4223ED1,Terranova - De Oro,0.5830311984479118,TRYYIRY128F93171A0,Maelo Ruiz - Te Amo,0.6048569845242214,TRNZIBT128F427CC40,Monica Naranjo - Mi Vida Por Un Hombre,0.600584856955925,TRQXUSM128F4223ED1,Terranova - De Oro,0.5906755821949019,TRTHNFG12903D0CE54,Violadores del Verso - Dale tiempo al rumor,366.1651750689193,TRDFNLR12903CB0FE4,Camila - Alejate De Mi,345.99549634595604,TRUKWZW128F92CADC2,Daddy Yankee - Como Y Vete,304.99759333091436,TRTHNFG12903D0CE54,Violadores del Verso - Dale tiempo al rumor,336.7142571789413,TRDFNLR12903CB0FE4,Camila - Alejate De Mi,332.27723442458677,TRUKWZW128F92CADC2,Daddy Yankee - Como Y Vete,282.05532267805216,TRDFNLR12903CB0FE4,Camila - Alejate De Mi,0.7029116094570595,TRZVCFO128F9309204,Illya Kuryaki And The Valderramas - Virgen De Riña,0.6134230120451345,TRFCRKX128F421457B,Juanes - Volcan,0.561239942869459,TRDFNLR12903CB0FE4,Camila - Alejate De Mi,0.7107875507710657,TRZVCFO128F9309204,Illya Kuryaki And The Valderramas - Virgen De Riña,0.6226048291070387,TRFCRKX128F421457B,Juanes - Volcan,0.5730133744700155
TRGRNWU128F42AE46D,SOLRRGS12A8C13FD5A,ARNJ9LU1187B9A56A6,Il Divo,Esisti Dentro Me,classical,TRBPJQR128F9317942,Elvis Crespo - Tu Sonrisa,541.0,TRUKWZW128F92CADC2,Daddy Yankee - Como Y Vete,456.0,TRABAWI128F424F105,RBD - Tu Amor (Hecho En Madrid),431.0,TRBPJQR128F9317942,Elvis Crespo - Tu Sonrisa,532.6149999999998,TRUKWZW128F92CADC2,Daddy Yankee - Como Y Vete,434.93,TRABAWI128F424F105,RBD - Tu Amor (Hecho En Madrid),412.29499999999996,TRBPJQR128F9317942,Elvis Crespo - Tu Sonrisa,0.7334557295919117,TRMYOHL128F423D24B,Luis Miguel - Tú Sólo Tú,0.6913094202203003,TREUOVP128F146D616,Vittorio Grigolo - Tu Sei,0.6727634517307942,TRBPJQR128F9317942,Elvis Crespo - Tu Sonrisa,0.7364983154558858,TRMYOHL128F423D24B,Luis Miguel - Tú Sólo Tú,0.6946636272626638,TREUOVP128F146D616,Vittorio Grigolo - Tu Sei,0.6764893218882425,TRKKUWM128F92E4E1C,Gemelli Diversi - Istruzioni Per L'(Ill)uso,310.7679735405636,TRZRTPI12903D0954A,Flaminio Maphia - Quelli Che,287.8358880707291,TRAKUAM128F147872F,Tiziano Ferro - Salutandotiaffogo,256.2504323045662,TRKKUWM128F92E4E1C,Gemelli Diversi - Istruzioni Per L'(Ill)uso,300.84011215842173,TRZRTPI12903D0954A,Flaminio Maphia - Quelli Che,278.54267433542316,TRAKUAM128F147872F,Tiziano Ferro - Salutandotiaffogo,249.8251063943232,TRUVVCV128F425B46F,Paul Potts - Ognuno Soffre,0.8255298921070646,TRHEJBV128F146D61D,Vittorio Grigolo - Se Tu Non Sei Lei,0.7758893902556498,TRVFSWI128F42ACE94,Il Divo - Ave Maria,0.7530123219241126,TRUVVCV128F425B46F,Paul Potts - Ognuno Soffre,0.8284388412919858,TRHEJBV128F146D61D,Vittorio Grigolo - Se Tu Non Sei Lei,0.7796971778030176,TRVFSWI128F42ACE94,Il Divo - Ave Maria,0.7566493140514317
TRNXWLK128F92EC9A7,SOVINFL12A8C139286,ARNJ9LU1187B9A56A6,Il Divo,Everytime I Look At You,classical,TRFUJVJ128F426F2A2,Lauryn Hill - Interlude 5,4220.0,TRDPGXU128F9339C2A,Beastie Boys - B-Boy Bouillabaisse: A.W.O.L. (2009 Digital Remaster),3609.0,TRWSYHO128F4282346,Twista - I'm A Winner (Amended Album Version),3545.0,TRFUJVJ128F426F2A2,Lauryn Hill - Interlude 5,3897.9999999999964,TRDPGXU128F9339C2A,Beastie Boys - B-Boy Bouillabaisse: A.W.O.L. (2009 Digital Remaster),3339.718749999996,TRWSYHO128F4282346,Twista - I'm A Winner (Amended Album Version),3334.562499999998,TRGDGKP128F42A34A7,G4 - Broken Vow,0.7775174918346015,TRDQLTF128E0787809,Josh Groban - Broken Vow (Album Version),0.7772824984384767,TRXZNNF12903CA6F9B,Kenny Rogers - Endless love,0.7578529350414345,TRGDGKP128F42A34A7,G4 - Broken Vow,0.785685329769337,TRDQLTF128E0787809,Josh Groban - Broken Vow (Album Version),0.7854657595066026,TREIANS128F147AD97,The Puppini Sisters - I Will Survive,0.7666164037456286,TRFFJLM128F148BCEF,Momus - Closer To You,161.4423523299856,TRFUJVJ128F426F2A2,Lauryn Hill - Interlude 5,160.7579096872075,TRDPGXU128F9339C2A,Beastie Boys - B-Boy Bouillabaisse: A.W.O.L. (2009 Digital Remaster),155.26505906441216,TRXNMLB128F92ED60B,Keith Anderson - Lost In This Moment,113.15064907183944,TRPMSPD128F42747B1,Delta Goodrem - My Big Mistake,112.82084395628951,TRRVIRD128F42AED3E,T Bone Burnett - I'm Going On A Long Journey Never To Return,102.12487783442212,TRUVUPZ128F92FC88C,Snog - Playstation Blues,0.37039508128163917,TRFTQGY128F4262457,Agnostic Front - Blinded,0.2993623002616202,TRPMSPD128F42747B1,Delta Goodrem - My Big Mistake,0.29501463922918886,TRUVUPZ128F92FC88C,Snog - Playstation Blues,0.39349988388659773,TRPMSPD128F42747B1,Delta Goodrem - My Big Mistake,0.342131123277503,TRXNMLB128F92ED60B,Keith Anderson - Lost In This Moment,0.3367555464302271
TRITOVK128F92EC9A0,SOCVWFF12A8C13B6EE,ARNJ9LU1187B9A56A6,Il Divo,Feelings,classical,TRJCBGS128F14689B3,Dean Martin - I've Grown Accustomed To Her Face,806.0,TRBHYLK128F930160F,Us3 - Can U Feel It?,617.0,TRKKUWM128F92E4E1C,Gemelli Diversi - Istruzioni Per L'(Ill)uso,589.0,TRJCBGS128F14689B3,Dean Martin - I've Grown Accustomed To Her Face,782.0524999999998,TRBHYLK128F930160F,Us3 - Can U Feel It?,576.9587500000005,TRKKUWM128F92E4E1C,Gemelli Diversi - Istruzioni Per L'(Ill)uso,558.2287499999995,TROKHCW12903CD0148,Amari - 30 Anni Che Non Ci Vediamo,0.5551393354656282,TRYVOZZ128F42738F6,Bluvertigo - Niente Per Scontato,0.51157843602174,TRJCBGS128F14689B3,Dean Martin - I've Grown Accustomed To Her Face,0.5072315955167688,TROKHCW12903CD0148,Amari - 30 Anni Che Non Ci Vediamo,0.561627704599423,TRYVOZZ128F42738F6,Bluvertigo - Niente Per Scontato,0.5183294265427325,TRJCBGS128F14689B3,Dean Martin - I've Grown Accustomed To Her Face,0.5147679216268106,TRWRDAM128F147232C,Caparezza - Gli Insetti Del Podere,477.3675756669864,TRXFJGZ128F1474655,Vinicio Capossela - L'uomo vivo (inno al gioia),431.1222489071581,TRZRTPI12903D0954A,Flaminio Maphia - Quelli Che,419.075647526204,TRWRDAM128F147232C,Caparezza - Gli Insetti Del Podere,460.81058090010214,TRXFJGZ128F1474655,Vinicio Capossela - L'uomo vivo (inno al gioia),417.52975357770276,TRGOQOD128F14A2082,Caparezza - Limiti,402.91261362237424,TRYVOZZ128F42738F6,Bluvertigo - Niente Per Scontato,0.7035648263536739,TRTFUTA128F426408A,Andrea Bocelli - Semplicemente (Canto Per Te),0.6823031496546186,TROKOBT128F14A2088,Caparezza - L'Età Dei Figuranti,0.6761532304194469,TRYVOZZ128F42738F6,Bluvertigo - Niente Per Scontato,0.7086610974628857,TRTFUTA128F426408A,Andrea Bocelli - Semplicemente (Canto Per Te),0.6892520915120305,TROKOBT128F14A2088,Caparezza - L'Età Dei Figuranti,0.683258012918486
TRRLVOI128F92EB38D,SOKINKK12AB017C9F6,ARNJ9LU1187B9A56A6,Il Divo,Hallelujah (Aleluya),classical,TRTHNFG12903D0CE54,Violadores del Verso - Dale tiempo al rumor,1339.0,TRIJHLY12903D0CE4D,Violadores del Verso - Cantando,1195.0,TRWQZXS128F92DB731,Victor Manuelle - Lloré Lloré,1005.0,TRTHNFG12903D0CE54,Violadores del Verso - Dale tiempo al rumor,1293.3700000000008,TRIJHLY12903D0CE4D,Violadores del Verso - Cantando,1154.7699999999995,TRWQZXS128F92DB731,Victor Manuelle - Lloré Lloré,981.0600000000009,TRLLFVB128F92C3138,La Oreja de Van Gogh - El 28,0.8027166334162193,TRMAYJY128F4281A3C,Grupo Niche - Buenaventura Y Caney,0.7878915708190337,TRIJHLY12903D0CE4D,Violadores del Verso - Cantando,0.7839062020684353,TRLLFVB128F92C3138,La Oreja de Van Gogh - El 28,0.8069257041942584,TRMAYJY128F4281A3C,Grupo Niche - Buenaventura Y Caney,0.7925756164222795,TRIJHLY12903D0CE4D,Violadores del Verso - Cantando,0.7887020809143154,TRIJHLY12903D0CE4D,Violadores del Verso - Cantando,442.429543416537,TRTHNFG12903D0CE54,Violadores del Verso - Dale tiempo al rumor,426.4551386241692,TRNMIBF12903D1125E,Violadores del Verso - No Paseis Por Alto A Los Genios,350.4793606139207,TRIJHLY12903D0CE4D,Violadores del Verso - Cantando,409.6352898123765,TRTHNFG12903D0CE54,Violadores del Verso - Dale tiempo al rumor,392.7943504977148,TRNMIBF12903D1125E,Violadores del Verso - No Paseis Por Alto A Los Genios,326.2609590495485,TRMAYJY128F4281A3C,Grupo Niche - Buenaventura Y Caney,0.7004885905311747,TRZVPJH128F931D774,Love Of Lesbian - El ectoplasta,0.6282803405602265,TRQOHNT128F92FA8FB,Jerry Rivera - Amores Como El Nuestro,0.6255609121426084,TRMAYJY128F4281A3C,Grupo Niche - Buenaventura Y Caney,0.7099472325851968,TRZVPJH128F931D774,Love Of Lesbian - El ectoplasta,0.6402591632599267,TRQOHNT128F92FA8FB,Jerry Rivera - Amores Como El Nuestro,0.637196696957944
TRHPPNF128F42ACFA9,SOCXAJQ12A8C13FD4E,ARNJ9LU1187B9A56A6,Il Divo,Hasta Mi Final,classical,TRTHNFG12903D0CE54,Violadores del Verso - Dale tiempo al rumor,637.0,TRRKWPY12903CAAC5D,Johnny Prez - Te Vuelvo Loca,496.0,TRIJHLY12903D0CE4D,Violadores del Verso - Cantando,495.0,TRTHNFG12903D0CE54,Violadores del Verso - Dale tiempo al rumor,601.5100000000001,TRRKWPY12903CAAC5D,Johnny Prez - Te Vuelvo Loca,473.45999999999975,TRIJHLY12903D0CE4D,Violadores del Verso - Cantando,463.71000000000043,TRYYIRY128F93171A0,Maelo Ruiz - Te Amo,0.7453735730132738,TRQXUSM128F4223ED1,Terranova - De Oro,0.7171267505320406,TRKFYYC128F9342443,Ana Gabriel - Clemencia,0.7127110156339979,TRYYIRY128F93171A0,Maelo Ruiz - Te Amo,0.7518165289526645,TRQXUSM128F4223ED1,Terranova - De Oro,0.7238348508329221,TRKFYYC128F9342443,Ana Gabriel - Clemencia,0.7194831280019712,TRTHNFG12903D0CE54,Violadores del Verso - Dale tiempo al rumor,385.36028354875555,TRIJHLY12903D0CE4D,Violadores del Verso - Cantando,369.88529602038074,TRMTPJG128F428F66B,Daddy Yankee - Todos Quieren A Raymond,307.48610036354194,TRTHNFG12903D0CE54,Violadores del Verso - Dale tiempo al rumor,346.7033140587794,TRIJHLY12903D0CE4D,Violadores del Verso - Cantando,332.22347846993955,TREFKJL128F421C007,Tranzas - Mañana que más da,280.9564335778751,TRXCPFR128F9340824,KALIMBA - Llorar duele mas,0.6386382104809566,TRRWMIT12903CC9D38,Joe Arroyo - Tal Para Cual,0.632423062713536,TRRKRXC128F4242791,Café Quijano - Vete De Mi,0.6037820742926157,TRXCPFR128F9340824,KALIMBA - Llorar duele mas,0.651388284577954,TRRWMIT12903CC9D38,Joe Arroyo - Tal Para Cual,0.6460608867967967,TREPEYQ128F9334F30,Aventura - Todavía Me Amas,0.6186148978088802
TRUXYDP128F93234BD,SOYGKHG12AB01804C8,ARS54I31187FB46721,Taylor Swift,Crazier,country,TRFUJVJ128F426F2A2,Lauryn Hill - Interlude 5,5210.0,TRWSYHO128F4282346,Twista - I'm A Winner (Amended Album Version),4547.0,TRUGLTC128F4227B93,Danity Kane - Hold Me Down (Album Version),3817.0,TRFUJVJ128F426F2A2,Lauryn Hill - Interlude 5,4876.959999999999,TRWSYHO128F4282346,Twista - I'm A Winner (Amended Album Version),4329.347500000002,TRUGLTC128F4227B93,Danity Kane - Hold Me Down (Album Version),3662.697500000001,TREXHBK128F9312A37,Amerie - Higher,0.8218904041266749,TREUZWP128F421CBB7,Chely Wright - Between A Mother And A Child,0.7946808589311743,TRVDUQM128F42932E4,Clint Black - You Made Me Feel,0.7936992085754457,TREXHBK128F9312A37,Amerie - Higher,0.8285183629788707,TREUZWP128F421CBB7,Chely Wright - Between A Mother And A Child,0.802752120542994,TRVDUQM128F42932E4,Clint Black - You Made Me Feel,0.8016222610211802,TRFUJVJ128F426F2A2,Lauryn Hill - Interlude 5,182.31688892175325,TRDPGXU128F9339C2A,Beastie Boys - B-Boy Bouillabaisse: A.W.O.L. (2009 Digital Remaster),160.9341720861357,TRKHTKI128F92EA339,Matisyahu - Close My Eyes,156.4299187431156,TRKHTKI128F92EA339,Matisyahu - Close My Eyes,91.40308114779441,TRPZDHH128F9306037,Paul Anka - The Way You Make Me Feel,90.11999299943231,TRSFHPD128F149E8C1,Joni Mitchell - Paprika Plains  (Remix),86.7344297811508,TRTYYBE12903CC98EE,Plan B - Love Goes Down,0.2836092769703738,TRVDUQM128F42932E4,Clint Black - You Made Me Feel,0.26908655034404094,TRBLIJC128F428367F,Midtown - Manhattan,0.25890467890330365,TRTYYBE12903CC98EE,Plan B - Love Goes Down,0.3326170073835958,TRVDUQM128F42932E4,Clint Black - You Made Me Feel,0.3210586671651728,TRTPPKO128E0791E45,Powerman 5000 - Watch The Sky For Me,0.3003972154864645
TRKVVVK12903CB592C,SODUDUN12AB018CCAB,ARS54I31187FB46721,Taylor Swift,Fifteen,country,TRFUJVJ128F426F2A2,Lauryn Hill - Interlude 5,9661.0,TRWSYHO128F4282346,Twista - I'm A Winner (Amended Album Version),7351.0,TRGLNKG128F9307689,Eminem - My Darling,6194.0,TRFUJVJ128F426F2A2,Lauryn Hill - Interlude 5,9009.640000000001,TRWSYHO128F4282346,Twista - I'm A Winner (Amended Album Version),6925.314999999999,TRGLNKG128F9307689,Eminem - My Darling,5795.307499999999,TRTVKVY128E07953E4,Damian Marley - In 2 Deep,0.787368047892916,TRZBPGN128F92EDF7E,HELLYEAH - Nausea,0.7756037596087965,TRYGKRK128F9353545,Junior Boys - Double Shadow,0.7654663366520783,TRTVKVY128E07953E4,Damian Marley - In 2 Deep,0.7915295297454146,TRZBPGN128F92EDF7E,HELLYEAH - Nausea,0.7846891050344484,TRLXGLD128F931B4A1,Alison Krauss / Union Station - The Lucky One,0.7736999489115346,TRFUJVJ128F426F2A2,Lauryn Hill - Interlude 5,409.984546404819,TRDPGXU128F9339C2A,Beastie Boys - B-Boy Bouillabaisse: A.W.O.L. (2009 Digital Remaster),336.7766458828056,TRNVKOI128E0799173,Snoop Dogg - Snoopafella (Edited),267.1590628688064,TRFUJVJ128F426F2A2,Lauryn Hill - Interlude 5,195.45181019785716,TRIFVKW128F145C141,Gang Starr - The Illest Brother,140.82557640599686,TRQAWKR128F425EEC3,Michael Jackson - Man In The Mirror,130.20462948855644,TRENMSO128F42AF485,Fantasia - Bump What Your Friends Say,0.2192096686243497,TREOZMF128F92EAACD,Harry Connick_ Jr. - Someday,0.21849941495384098,TRDKQNI128F934636D,Me First And The Gimme Gimmes - Rainbow Connection,0.2176095418902889,TRFUJVJ128F426F2A2,Lauryn Hill - Interlude 5,0.34709387157986515,TRIFVKW128F145C141,Gang Starr - The Illest Brother,0.33065517678164397,TRJPNAE128F425FAFB,King Tee - Act A Fool,0.32554532356558447
TRUVVME12903CBA350,SORRBVQ12A58A7AA33,ARS54I31187FB46721,Taylor Swift,Change,country,TRFUJVJ128F426F2A2,Lauryn Hill - Interlude 5,4066.0,TRGUCIR128F933D817,Vanilla Ice - Ice Is Workin' It,2498.0,TRBVPVV128F425F14F,Daft Punk - Touch It / Technologic,2455.0,TRFUJVJ128F426F2A2,Lauryn Hill - Interlude 5,3602.32,TRGUCIR128F933D817,Vanilla Ice - Ice Is Workin' It,2278.7599999999993,TRBVPVV128F425F14F,Daft Punk - Touch It / Technologic,2271.9850000000006,TRAVDBM128EF35E257,Ella Fitzgerald - Manhattan,0.6896416646929383,TROCPYO128F92F9ADC,Modern Life Is War - Destination: Death or Better Days,0.6784816334852288,TRPCNVU128F931389D,Dean Martin - Side By Side,0.6523434053863215,TRAVDBM128EF35E257,Ella Fitzgerald - Manhattan,0.7060299871271949,TROCPYO128F92F9ADC,Modern Life Is War - Destination: Death or Better Days,0.6951206402644413,TRJIBBZ128F425149A,Dead Kennedys - Kinky Sex Makes the World Go 'Round,0.6751143643931528,TRFUJVJ128F426F2A2,Lauryn Hill - Interlude 5,336.6116280069092,TRUWTMI128F92E3892,Binary Star - Indy 500,226.5926489440802,TRDPGXU128F9339C2A,Beastie Boys - B-Boy Bouillabaisse: A.W.O.L. (2009 Digital Remaster),223.64766871746042,TRFUJVJ128F426F2A2,Lauryn Hill - Interlude 5,163.1240840615295,TRUWTMI128F92E3892,Binary Star - Indy 500,130.66032898387857,TREKDDG128F4298103,The Cat Empire - Days Like These,126.32219982687434,TRWLKWQ128F92F93D0,Ayreon - Prologue,0.26006824622856595,TRNIMRY128E0793303,Steel Pulse - Handsworth Revolution,0.24445260402839028,TREKDDG128F4298103,The Cat Empire - Days Like These,0.23584141318102889,TREKDDG128F4298103,The Cat Empire - Days Like These,0.3346692350482318,TRFUJVJ128F426F2A2,Lauryn Hill - Interlude 5,0.31848655432494966,TRNIMRY128E0793303,Steel Pulse - Handsworth Revolution,0.3085955354100417
TRZGWCY12903CEF521,SOVMMRT12D021B2E6E,ARHATLI1187FB52C76,Toby Keith,You Can't Read My Mind,country,TRFUJVJ128F426F2A2,Lauryn Hill - Interlude 5,5014.0,TRDPGXU128F9339C2A,Beastie Boys - B-Boy Bouillabaisse: A.W.O.L. (2009 Digital Remaster),3924.0,TRWSYHO128F4282346,Twista - I'm A Winner (Amended Album Version),3840.0,TRFUJVJ128F426F2A2,Lauryn Hill - Interlude 5,4552.16,TRWSYHO128F4282346,Twista - I'm A Winner (Amended Album Version),3538.1724999999997,TRDPGXU128F9339C2A,Beastie Boys - B-Boy Bouillabaisse: A.W.O.L. (2009 Digital Remaster),3537.7737500000003,TRZCHKB128F92CB740,Anastacia - Club Megamix,0.7715347166060159,TRLOMAF128F92DF3DB,Amanda Jenssen - Don't Worry,0.748627285451023,TRZHYJX128F92EB952,New Order - Bizarre Love Triangle,0.7298497870849721,TRZCHKB128F92CB740,Anastacia - Club Megamix,0.7850343722677622,TRLOMAF128F92DF3DB,Amanda Jenssen - Don't Worry,0.7600207058389225,TRZHYJX128F92EB952,New Order - Bizarre Love Triangle,0.7419302606018228,TRDPGXU128F9339C2A,Beastie Boys - B-Boy Bouillabaisse: A.W.O.L. (2009 Digital Remaster),300.95607568290416,TRFUJVJ128F426F2A2,Lauryn Hill - Interlude 5,245.60440143769395,TRCHZXW128E079288A,Eminem - 8 Mile,195.6065354232655,TRDPGXU128F9339C2A,Beastie Boys - B-Boy Bouillabaisse: A.W.O.L. (2009 Digital Remaster),150.33854616275644,TRPJBLC128F933B748,Daryl Hall - Help Me Find A Way To Your Heart,111.73240231942165,TRMQQGH128F9301E4B,Mutya Buena - Not Your Baby,110.42369224731799,TRMQQGH128F9301E4B,Mutya Buena - Not Your Baby,0.2827982249270353,TRREGLL128E078E740,B.B. King - All Over Again,0.2746206220495886,TRVPPSC128F92EC9C2,Colbie Caillat - Midnight Bottle,0.27000036717155573,TRMQQGH128F9301E4B,Mutya Buena - Not Your Baby,0.3449416952596124,TRXPMCA128F421A28C,Dance Hall Crashers - DHC,0.32800405915850256,TRPJBLC128F933B748,Daryl Hall - Help Me Find A Way To Your Heart,0.3278980312450283
TRMAVQT128F4270DBF,SOLJTVT12A58A79F96,ARH861H1187B9B799E,Johnny Cash,Man In White,country,TRFUJVJ128F426F2A2,Lauryn Hill - Interlude 5,6988.0,TRDPGXU128F9339C2A,Beastie Boys - B-Boy Bouillabaisse: A.W.O.L. (2009 Digital Remaster),6505.0,TRCHZXW128E079288A,Eminem - 8 Mile,4945.0,TRFUJVJ128F426F2A2,Lauryn Hill - Interlude 5,6259.360000000001,TRDPGXU128F9339C2A,Beastie Boys - B-Boy Bouillabaisse: A.W.O.L. (2009 Digital Remaster),5895.655,TRCHZXW128E079288A,Eminem - 8 Mile,4485.1449999999995,TRYLVAV128F931F5AF,Faron Young - Riverboat,0.7716132672660075,TRNVKOI128E0799173,Snoop Dogg - Snoopafella (Edited),0.7629610403632263,TRGXGMH128F92F5B48,John Denver - El Paso,0.7608241346319571,TRYLVAV128F931F5AF,Faron Young - Riverboat,0.7816857758870969,TRNVKOI128E0799173,Snoop Dogg - Snoopafella (Edited),0.7777342903652562,TRGXGMH128F92F5B48,John Denver - El Paso,0.7755227431363245,TRDPGXU128F9339C2A,Beastie Boys - B-Boy Bouillabaisse: A.W.O.L. (2009 Digital Remaster),455.19074079626074,TRFUJVJ128F426F2A2,Lauryn Hill - Interlude 5,405.6607311757501,TRDUSIG12903CA5FCB,Savatage - The Hourglass,394.74121215390034,TRDUSIG12903CA5FCB,Savatage - The Hourglass,198.55659199502034,TRNVKOI128E0799173,Snoop Dogg - Snoopafella (Edited),189.11916357372988,TRBERRB128F932D534,Dar Williams - Mortal City,176.90198341192306,TROMZVL128F427E270,The Psychedelic Furs - Flowers,0.27408341493413485,TRBCCXT128F9341987,Hank Williams - I Saw the Light,0.26309966191677253,TRUJQWL128F4293557,Brooks & Dunn - Born And Raised In Black And White,0.2577054075165263,TRNVKOI128E0799173,Snoop Dogg - Snoopafella (Edited),0.358302603880162,TRDUSIG12903CA5FCB,Savatage - The Hourglass,0.3491845335086865,TRQPUTX128F4262438,Billy Gilman - Oklahoma,0.34226866045691373
TRWVEDL128F4293EA3,SOOVRMN12AF72A0933,AR7ZFLN1187FB4830A,Rascal Flatts,Holes,country,TRFUJVJ128F426F2A2,Lauryn Hill - Interlude 5,4084.0,TRDPGXU128F9339C2A,Beastie Boys - B-Boy Bouillabaisse: A.W.O.L. (2009 Digital Remaster),3243.0,TRWSYHO128F4282346,Twista - I'm A Winner (Amended Album Version),3005.0,TRFUJVJ128F426F2A2,Lauryn Hill - Interlude 5,3758.32,TRDPGXU128F9339C2A,Beastie Boys - B-Boy Bouillabaisse: A.W.O.L. (2009 Digital Remaster),2970.6412499999983,TRWSYHO128F4282346,Twista - I'm A Winner (Amended Album Version),2792.1575000000016,TRXAQDZ128F14B0EDA,Joni Mitchell - Lesson In Survival  (LP Version),0.715834228370048,TRFAIBW128F428B7A6,RKL - Heavily Sedated,0.7027140977083928,TRDPGXU128F9339C2A,Beastie Boys - B-Boy Bouillabaisse: A.W.O.L. (2009 Digital Remaster),0.7006472589628937,TRXAQDZ128F14B0EDA,Joni Mitchell - Lesson In Survival  (LP Version),0.7300440017706726,TRFAIBW128F428B7A6,RKL - Heavily Sedated,0.7170517807545665,TRDPGXU128F9339C2A,Beastie Boys - B-Boy Bouillabaisse: A.W.O.L. (2009 Digital Remaster),0.7168010021690715,TRFUJVJ128F426F2A2,Lauryn Hill - Interlude 5,213.60421931584892,TRDPGXU128F9339C2A,Beastie Boys - B-Boy Bouillabaisse: A.W.O.L. (2009 Digital Remaster),163.4150845835973,TRQWDRK128F4241A32,Twista - Overdose (Album Version),156.0255507191231,TRFUJVJ128F426F2A2,Lauryn Hill - Interlude 5,95.04913904232265,TRTBJON128F428EC09,Dr. Alban - One Love,81.41983169553052,TRZCJFR128F42A12E8,KRS-One - The Truth,79.59476887533273,TRSEFKT128F932C54F,Violet Indiana - Safe Word,0.2656209487959595,TRMYWIJ12903D0165D,Ulver - The Truth,0.2524839746772344,TRRBTBK128F92F8F42,Nick Lowe - Indian Queens,0.2307192591530173,TRSEFKT128F932C54F,Violet Indiana - Safe Word,0.29836589361675725,TRRBTBK128F92F8F42,Nick Lowe - Indian Queens,0.2801293017790271,TRMYWIJ12903D0165D,Ulver - The Truth,0.27706952796538936
TRTVVYX128F9328DBA,SOMKEYV12AF72A20B2,ARFL99B1187B9A2A45,Sugarland,Baby Girl,country,TRFUJVJ128F426F2A2,Lauryn Hill - Interlude 5,5955.0,TRDPGXU128F9339C2A,Beastie Boys - B-Boy Bouillabaisse: A.W.O.L. (2009 Digital Remaster),5550.0,TRWSYHO128F4282346,Twista - I'm A Winner (Amended Album Version),4906.0,TRFUJVJ128F426F2A2,Lauryn Hill - Interlude 5,5270.5199999999995,TRDPGXU128F9339C2A,Beastie Boys - B-Boy Bouillabaisse: A.W.O.L. (2009 Digital Remaster),4977.584999999997,TRWSYHO128F4282346,Twista - I'm A Winner (Amended Album Version),4458.670000000002,TRFUJLG128F4255312,Michael Bublé - Stuck In The Middle With You (Non-Album Track),0.749314842365338,TRCRZZQ128F4286AF2,Gary Allan - Promise Broken,0.7431070002705629,TRBWKZD128F428AAEB,A Tribe Called Quest - Hot Sex,0.7297992515246945,TRFUJLG128F4255312,Michael Bublé - Stuck In The Middle With You (Non-Album Track),0.7615568958346628,TRCRZZQ128F4286AF2,Gary Allan - Promise Broken,0.7558746520014389,TRBWKZD128F428AAEB,A Tribe Called Quest - Hot Sex,0.7468510971169703,TRDPGXU128F9339C2A,Beastie Boys - B-Boy Bouillabaisse: A.W.O.L. (2009 Digital Remaster),348.11252549882136,TRFFJLM128F148BCEF,Momus - Closer To You,283.4860337578714,TRFUJVJ128F426F2A2,Lauryn Hill - Interlude 5,281.7611900889582,TRQYLYP12903CC26F6,Barry White - Never Gonna Give You Up,161.5261248307675,TRFFJLM128F148BCEF,Momus - Closer To You,155.83715636400967,TREVPPT128F14A43CD,The Dramatics - Be My Girl,148.77596602421133,TRQYLYP12903CC26F6,Barry White - Never Gonna Give You Up,0.28029160561590655,TRPUIHY128F4268BF3,Dusty Springfield - Send It To Me,0.27856401792344454,TRBUDSY128F428D976,Lonestar - Please Come Home For Christmas,0.276625796890453,TRQYLYP12903CC26F6,Barry White - Never Gonna Give You Up,0.3493052721536808,TRPUIHY128F4268BF3,Dusty Springfield - Send It To Me,0.3364470276073454,TRBUDSY128F428D976,Lonestar - Please Come Home For Christmas,0.3287982772594875
TRTGPPK128F1459DD4,SOIHEED12A6D4F5E36,AR4DW2Q1187FB44DB6,Billy Currington,Growin' Up Down There,country,TRFUJVJ128F426F2A2,Lauryn Hill - Interlude 5,2515.0,TRDPGXU128F9339C2A,Beastie Boys - B-Boy Bouillabaisse: A.W.O.L. (2009 Digital Remaster),2423.0,TRWSYHO128F4282346,Twista - I'm A Winner (Amended Album Version),1961.0,TRFUJVJ128F426F2A2,Lauryn Hill - Interlude 5,2152.5199999999995,TRDPGXU128F9339C2A,Beastie Boys - B-Boy Bouillabaisse: A.W.O.L. (2009 Digital Remaster),2119.866250000001,TRWSYHO128F4282346,Twista - I'm A Winner (Amended Album Version),1724.1074999999994,TRQCXUL128E078A9D6,The Streets - The Irony Of It All (Album Version),0.5919794308295271,TRMTSMP128F92F621B,N-Dubz - Sex,0.585336656820129,TRJUJAH128F425A752,Westlife - That's Life,0.5784479132598238,TRQCXUL128E078A9D6,The Streets - The Irony Of It All (Album Version),0.6201209486854647,TRMTSMP128F92F621B,N-Dubz - Sex,0.6136865487323041,TRTHFTG128F42550BC,Lil Wyte - Ten Toes Tall,0.6060691722277157,TRFUJVJ128F426F2A2,Lauryn Hill - Interlude 5,230.98524921550066,TRDPGXU128F9339C2A,Beastie Boys - B-Boy Bouillabaisse: A.W.O.L. (2009 Digital Remaster),219.7141767765138,TRDUSIG12903CA5FCB,Savatage - The Hourglass,213.58536592177546,TRSELSR128E078FB30,Lost Boyz - Summer Time,104.22273270201364,TRDUSIG12903CA5FCB,Savatage - The Hourglass,103.99182473055578,TRFGVSE128F1466472,"Digable Planets - Pacifics (Sdtrk ""N.Y. Is Red Hot"")",102.58353526603265,TRCHNMZ128F421BD61,Confederate Railroad - Summer In Dixie (Remastered Album Version),0.25007508053712485,TROJSBM128F9326CF0,Julie Ruin - Aerobicide,0.2483029296488393,TRPGULX12903D05178,Alexandra Burke - Dumb,0.24525504196565054,TRPGULX12903D05178,Alexandra Burke - Dumb,0.3026770690857638,TRCHNMZ128F421BD61,Confederate Railroad - Summer In Dixie (Remastered Album Version),0.2995683872052706,TRPFZQP128F92ED639,Dido - Summer,0.28649341817726515
TRHUIRM128F426BFD5,SOMDWHQ12A6D4F5E30,AR4DW2Q1187FB44DB6,Billy Currington,Hangin' Around,country,TRFUJVJ128F426F2A2,Lauryn Hill - Interlude 5,5022.0,TRWSYHO128F4282346,Twista - I'm A Winner (Amended Album Version),4542.0,TREBGAA128E078FC52,Erykah Badu - I Want You,3645.0,TRFUJVJ128F426F2A2,Lauryn Hill - Interlude 5,4707.36,TRWSYHO128F4282346,Twista - I'm A Winner (Amended Album Version),4336.372499999998,TREBGAA128E078FC52,Erykah Badu - I Want You,3529.361249999998,TRKLAOB12903C9A1CD,Kevin Devine - Fever Moon,0.775353132023481,TRVXESF128E0787315,The Corrs - Irresistible ( LP Version ),0.7564148458224617,TRSFQTA128F426690E,Ricky Skaggs - I Wouldn't Change You If I Could,0.744598319507841,TRKLAOB12903C9A1CD,Kevin Devine - Fever Moon,0.7820229244846428,TRVXESF128E0787315,The Corrs - Irresistible ( LP Version ),0.7622138448986552,TRSFQTA128F426690E,Ricky Skaggs - I Wouldn't Change You If I Could,0.7510067808107522,TRDPGXU128F9339C2A,Beastie Boys - B-Boy Bouillabaisse: A.W.O.L. (2009 Digital Remaster),167.1469018091852,TRFUJVJ128F426F2A2,Lauryn Hill - Interlude 5,135.21827188100914,TRTCOWO128F930C444,The Streets - Weak Become Heroes,130.34035286224665,TRKSSMT128E07948E7,Billie Piper - Day And Night,87.95152828107835,TRCCMND128E0792EB5,Aaron Neville - Don't Fall Apart On Me Tonight,87.72394875948096,TRTCOWO128F930C444,The Streets - Weak Become Heroes,81.89966798736675,TRQTGOG128F92EBAB0,Blacklisted - Wish,0.3110903178351283,TRETCSD128F425A3B9,The Coral - I Forgot My Name,0.3011201428893817,TRBIVSX128F145C183,Incognito - Chase The Clouds Away,0.28150779672754245,TRQTGOG128F92EBAB0,Blacklisted - Wish,0.34300327061903746,TRETCSD128F425A3B9,The Coral - I Forgot My Name,0.31480246372992504,TRBIVSX128F145C183,Incognito - Chase The Clouds Away,0.31313701606742667
TRJNTQQ128F426BFD0,SOVXWMI12A8C13B667,AR4DW2Q1187FB44DB6,Billy Currington,Here I Am,country,TRFUJVJ128F426F2A2,Lauryn Hill - Interlude 5,3109.0,TRDPGXU128F9339C2A,Beastie Boys - B-Boy Bouillabaisse: A.W.O.L. (2009 Digital Remaster),2835.0,TRWSYHO128F4282346,Twista - I'm A Winner (Amended Album Version),2564.0,TRFUJVJ128F426F2A2,Lauryn Hill - Interlude 5,2781.4799999999996,TRDPGXU128F9339C2A,Beastie Boys - B-Boy Bouillabaisse: A.W.O.L. (2009 Digital Remaster),2561.1025000000004,TRWSYHO128F4282346,Twista - I'm A Winner (Amended Album Version),2349.9550000000013,TRODGUE128F429E5E0,Aesop Rock - Shovel,0.6528919046537449,TRFUJLG128F4255312,Michael Bublé - Stuck In The Middle With You (Non-Album Track),0.6479928948893526,TRFFJLM128F148BCEF,Momus - Closer To You,0.6414116964125718,TRODGUE128F429E5E0,Aesop Rock - Shovel,0.6728972979458699,TRFUJLG128F4255312,Michael Bublé - Stuck In The Middle With You (Non-Album Track),0.6639332944888543,TRFFJLM128F148BCEF,Momus - Closer To You,0.660941877842382,TRDPGXU128F9339C2A,Beastie Boys - B-Boy Bouillabaisse: A.W.O.L. (2009 Digital Remaster),188.4089832780148,TRFUJVJ128F426F2A2,Lauryn Hill - Interlude 5,164.90125671945296,TRRJQIQ128F429A974,Petey Pablo - Fool For Love,155.77488604234443,TRGAFJY128F1464C16,Houston - Twizala,113.44745575293504,TRULIIL128F4228AC8,Jackson 5 - Lookin' Through The Windows,109.02549903562128,TRQYDIY128F4214A1A,G-Unit - Beg For Mercy,100.74968320908545,TRIHDZB128E0791C61,Remy Shand - Looking Back On Vanity,0.2987140086277542,TRULIIL128F4228AC8,Jackson 5 - Lookin' Through The Windows,0.2595240874798272,TRGAFJY128F1464C16,Houston - Twizala,0.25115875282797134,TRIHDZB128E0791C61,Remy Shand - Looking Back On Vanity,0.3370294899017328,TRGAFJY128F1464C16,Houston - Twizala,0.2933864906158084,TRULIIL128F4228AC8,Jackson 5 - Lookin' Through The Windows,0.29285580025123875
TRZJCNT128F426BFCC,SOWNWBW12A8C13B65E,AR4DW2Q1187FB44DB6,Billy Currington,She's Got A Way With Me,country,TRFUJVJ128F426F2A2,Lauryn Hill - Interlude 5,2809.0,TRDPGXU128F9339C2A,Beastie Boys - B-Boy Bouillabaisse: A.W.O.L. (2009 Digital Remaster),2606.0,TRYCBLK12903CE6A0E,Twiztid - She Ain't Afraid,2436.0,TRFUJVJ128F426F2A2,Lauryn Hill - Interlude 5,2468.5999999999995,TRDPGXU128F9339C2A,Beastie Boys - B-Boy Bouillabaisse: A.W.O.L. (2009 Digital Remaster),2321.3312499999993,TRANAPL128F42BA7D6,Young Jeezy - By The Way,2251.1624999999995,TRVJFHH12903CA2811,Josh Turner - Haywire,0.6759041373871917,TRLVRJP128F93519FB,Atmosphere - Hair,0.6666930975095183,TROZEMN128F4262CCA,James Taylor - Something In The Way She Moves,0.6477124268162378,TRVJFHH12903CA2811,Josh Turner - Haywire,0.6877574022043238,TRLVRJP128F93519FB,Atmosphere - Hair,0.6805413610899474,TROZEMN128F4262CCA,James Taylor - Something In The Way She Moves,0.661205222193382,TRDPGXU128F9339C2A,Beastie Boys - B-Boy Bouillabaisse: A.W.O.L. (2009 Digital Remaster),182.59790793888988,TRFUJVJ128F426F2A2,Lauryn Hill - Interlude 5,177.99800098426266,TRYCBLK12903CE6A0E,Twiztid - She Ain't Afraid,169.3601540537673,TRQYLYP12903CC26F6,Barry White - Never Gonna Give You Up,110.44821639319676,TRXJTJZ128F4295464,The Corrs - Queen Of Hollywood ( LP Version ),103.53107144846884,TRYCBLK12903CE6A0E,Twiztid - She Ain't Afraid,101.79663034724364,TRPUQZI128F42932C6,Clint Black - Half The Man,0.41955252809134114,TRQYLYP12903CC26F6,Barry White - Never Gonna Give You Up,0.33494261855301904,TRTWIAM128F9304C30,Teenage Bottlerocket - She's Not the One,0.3137041904745114,TRPUQZI128F42932C6,Clint Black - Half The Man,0.4542153300606121,TRQYLYP12903CC26F6,Barry White - Never Gonna Give You Up,0.3874436263189469,TRFRXGD128F42717FF,Johnny Cash - A Thing Called Love,0.35437639552200606
TRPZEWS128F92F585E,SOOSFVL12AB018253F,AR4DW2Q1187FB44DB6,Billy Currington,That's How Country Boys Roll,country,TRFUJVJ128F426F2A2,Lauryn Hill - Interlude 5,3190.0,TRQAWKR128F425EEC3,Michael Jackson - Man In The Mirror,2087.0,TRDPGXU128F9339C2A,Beastie Boys - B-Boy Bouillabaisse: A.W.O.L. (2009 Digital Remaster),2038.0,TRFUJVJ128F426F2A2,Lauryn Hill - Interlude 5,2840.3999999999996,TRQAWKR128F425EEC3,Michael Jackson - Man In The Mirror,1787.2749999999996,TRDPGXU128F9339C2A,Beastie Boys - B-Boy Bouillabaisse: A.W.O.L. (2009 Digital Remaster),1745.6375000000003,TRBJDUF128F92D74D1,The Dubliners - The Molly Maguires,0.6494427371512204,TRDNAVT128F428A246,Dropkick Murphys - Good Rats (Live),0.6411415645622979,TRIAGUC12903CE3DA2,Valient Thorr - False Profits,0.6093621931119308,TRBJDUF128F92D74D1,The Dubliners - The Molly Maguires,0.6627476516448516,TRDNAVT128F428A246,Dropkick Murphys - Good Rats (Live),0.657535505639407,TRIAGUC12903CE3DA2,Valient Thorr - False Profits,0.6270120708038567,TRDPGXU128F9339C2A,Beastie Boys - B-Boy Bouillabaisse: A.W.O.L. (2009 Digital Remaster),213.69381587585536,TRFUJVJ128F426F2A2,Lauryn Hill - Interlude 5,176.62935323212346,TRDUSIG12903CA5FCB,Savatage - The Hourglass,175.13648419706192,TREAUPB128F4266117,Nivea - Indian Dance,136.28059776266028,TRGIBQG128F9335E63,Alabama - Roll On (Eighteen Wheeler),129.13057495686965,TRTSGEL128EF34F8BA,Ferlin Husky - Convoy,112.38948003607035,TRHXTSH128F932472E,Lyle Lovett - North Dakota,0.2639353566251512,TRGIBQG128F9335E63,Alabama - Roll On (Eighteen Wheeler),0.2595833476988243,TREAUPB128F4266117,Nivea - Indian Dance,0.25693038550560543,TRHXTSH128F932472E,Lyle Lovett - North Dakota,0.3092469605338193,TRGIBQG128F9335E63,Alabama - Roll On (Eighteen Wheeler),0.30853908992188234,TREAUPB128F4266117,Nivea - Indian Dance,0.3049238535446387
TRYPBLE128F1459DD1,SOKHXYG12A6D4F5E33,AR4DW2Q1187FB44DB6,Billy Currington,Where The Girls Are,country,TRFUJVJ128F426F2A2,Lauryn Hill - Interlude 5,3566.0,TRDPGXU128F9339C2A,Beastie Boys - B-Boy Bouillabaisse: A.W.O.L. (2009 Digital Remaster),2353.0,TRGLNKG128F9307689,Eminem - My Darling,1938.0,TRFUJVJ128F426F2A2,Lauryn Hill - Interlude 5,3227.4400000000005,TRDPGXU128F9339C2A,Beastie Boys - B-Boy Bouillabaisse: A.W.O.L. (2009 Digital Remaster),2069.87,TRGLNKG128F9307689,Eminem - My Darling,1730.7700000000004,TRWREZO128F1458FAC,Public Image Ltd - Where Are You?,0.6110328052812751,TRRHARM128F9327ADE,Antimatter - Legions,0.573271620874992,TRQJRCN12903CAF915,Leo Sayer - Wondering Where The Lions Are,0.5726762495305358,TRWREZO128F1458FAC,Public Image Ltd - Where Are You?,0.615703793608475,TRRHARM128F9327ADE,Antimatter - Legions,0.5868124042218467,TRQJRCN12903CAF915,Leo Sayer - Wondering Where The Lions Are,0.5845351665659776,TRDPGXU128F9339C2A,Beastie Boys - B-Boy Bouillabaisse: A.W.O.L. (2009 Digital Remaster),223.2602455142744,TRCHZXW128E079288A,Eminem - 8 Mile,178.56151843098573,TRYHHPK128F42A4CAF,Murs - The Dance,162.83680941797664,TRUADOK12903CCDB56,Cyndi Lauper - Girls Just Want To Have Fun,133.23009257034042,TRCLGZL128F14629E3,Kurtis Blow - AJ Scratch,104.02517938415436,TRDPGXU128F9339C2A,Beastie Boys - B-Boy Bouillabaisse: A.W.O.L. (2009 Digital Remaster),102.38035487311602,TRUADOK12903CCDB56,Cyndi Lauper - Girls Just Want To Have Fun,0.3062901359985678,TRLXTVZ128F92E5047,Greg Laswell - Girls Just Want To Have Fun (Demo),0.2972209353593578,TRIYAFO128F933BB44,Jamie Cullum - Music Is Through,0.23360390776273826,TRUADOK12903CCDB56,Cyndi Lauper - Girls Just Want To Have Fun,0.33926047013349814,TRLXTVZ128F92E5047,Greg Laswell - Girls Just Want To Have Fun (Demo),0.3317790515139425,TRXFYNS128E07824A6,Thomas Dolby - Screen Kiss,0.28235398613387386
TRKVITQ128F4271B31,SOVALXP12D021B3DA8,ARH861H1187B9B799E,Johnny Cash,Daddy Sang Bass,country,TRFUJVJ128F426F2A2,Lauryn Hill - Interlude 5,2915.0,TRDPGXU128F9339C2A,Beastie Boys - B-Boy Bouillabaisse: A.W.O.L. (2009 Digital Remaster),2559.0,TRFLWJZ128F425C9E4,The Pharcyde - Otha Fish,2200.0,TRFUJVJ128F426F2A2,Lauryn Hill - Interlude 5,2534.12,TRDPGXU128F9339C2A,Beastie Boys - B-Boy Bouillabaisse: A.W.O.L. (2009 Digital Remaster),2240.4787500000016,TRFLWJZ128F425C9E4,The Pharcyde - Otha Fish,2002.0562499999994,TRDBCEL128F932105C,Pentangle - Will the Circle Be Unbroken?,0.6355808356741115,TRORMHQ128F92CB796,Opera IX - Immortal Chant,0.5952875527376086,TRDVELE128F932810A,Bruce Springsteen - Brothers Under The Bridges ('83),0.5874314502412192,TRDBCEL128F932105C,Pentangle - Will the Circle Be Unbroken?,0.6466624512983471,TRORMHQ128F92CB796,Opera IX - Immortal Chant,0.6124981666150326,TRDVELE128F932810A,Bruce Springsteen - Brothers Under The Bridges ('83),0.6116343519536278,TRFUJVJ128F426F2A2,Lauryn Hill - Interlude 5,215.58942424447557,TRCHZXW128E079288A,Eminem - 8 Mile,212.13607791338615,TRFQNWX128F428531C,Dolly Parton - Daddy's Moonshine Still,210.99818876469513,TRFQNWX128F428531C,Dolly Parton - Daddy's Moonshine Still,157.93806223009543,TRXMACV128F421CDC1,Merle Haggard - Daddy Frank,141.7652278356069,TRLJZGB128F1461B70,Triumvirat - Sing Me A Song (Non Album Track),136.41565897157054,TRCKPMF128F92EBEF6,Cross Canadian Ragweed - Lawrence,0.36832898054936064,TRXMACV128F421CDC1,Merle Haggard - Daddy Frank,0.3286368091712138,TRHTFTI128F9345B3D,Lefty Frizzell - Mom And Dad's Waltz,0.31797298084774794,TRCKPMF128F92EBEF6,Cross Canadian Ragweed - Lawrence,0.4112183181366746,TRXMACV128F421CDC1,Merle Haggard - Daddy Frank,0.3757294420746338,TRFQNWX128F428531C,Dolly Parton - Daddy's Moonshine Still,0.3621773734842598
TRGZDBB128F4270A4C,SOLWDNH12D021B2402,ARH861H1187B9B799E,Johnny Cash,I Don't Know Where I'm Bound,country,TRDPGXU128F9339C2A,Beastie Boys - B-Boy Bouillabaisse: A.W.O.L. (2009 Digital Remaster),4199.0,TRCHZXW128E079288A,Eminem - 8 Mile,4173.0,TROIJDA128F9341E70,R. Kelly - I Mean (I Don't Mean It),3998.0,TRCHZXW128E079288A,Eminem - 8 Mile,3966.2975,TRDPGXU128F9339C2A,Beastie Boys - B-Boy Bouillabaisse: A.W.O.L. (2009 Digital Remaster),3925.1025000000013,TROIJDA128F9341E70,R. Kelly - I Mean (I Don't Mean It),3859.382499999999,TRFSQXF128F9311B25,LMFAO - I Am Not A Whore,0.8118491209507603,TRXBHJP128F42B8FF1,Sylver - Fallin',0.8026720753057147,TRSXWSL128F933DFE5,Sneaky Sound System - 16,0.7868293085160709,TRFSQXF128F9311B25,LMFAO - I Am Not A Whore,0.8141630205966732,TRXBHJP128F42B8FF1,Sylver - Fallin',0.8067178260046389,TRSXWSL128F933DFE5,Sneaky Sound System - 16,0.7922371132428139,TRDPGXU128F9339C2A,Beastie Boys - B-Boy Bouillabaisse: A.W.O.L. (2009 Digital Remaster),145.04287224994246,TRWOADE128F9310106,Louis Logic - Dos Factotum,139.19214608755485,TRFUJVJ128F426F2A2,Lauryn Hill - Interlude 5,137.2166285735369,TRWOADE128F9310106,Louis Logic - Dos Factotum,96.54921239683574,TRZCHKB128F92CB740,Anastacia - Club Megamix,75.78502087681068,TRSHPCJ128F4277C37,Soulfly - One Nation (Album Version),71.7079672310152,TRSHPCJ128F4277C37,Soulfly - One Nation (Album Version),0.2437410152917675,TRWETHX128F421ABA5,Darden Smith - Swept Away,0.2402923848318932,TRWOADE128F9310106,Louis Logic - Dos Factotum,0.23889816306616565,TRWOADE128F9310106,Louis Logic - Dos Factotum,0.30956487502080265,TRSHPCJ128F4277C37,Soulfly - One Nation (Album Version),0.29681916430823546,TRUTSYG128F92DEE3E,Bessie Smith - Back water blues,0.29278702410390506
TRMBNRH12903D02C23,SOWLYYP12D0219044F,ARH861H1187B9B799E,Johnny Cash,I Was There When It Happened,country,TRFUJVJ128F426F2A2,Lauryn Hill - Interlude 5,4157.0,TRDPGXU128F9339C2A,Beastie Boys - B-Boy Bouillabaisse: A.W.O.L. (2009 Digital Remaster),3696.0,TRCHZXW128E079288A,Eminem - 8 Mile,3431.0,TRFUJVJ128F426F2A2,Lauryn Hill - Interlude 5,3788.9999999999955,TRDPGXU128F9339C2A,Beastie Boys - B-Boy Bouillabaisse: A.W.O.L. (2009 Digital Remaster),3388.2499999999964,TRCHZXW128E079288A,Eminem - 8 Mile,3198.750000000005,TREBQOW128F92C4549,Common - Book Of Life,0.7336026365731166,TRJIONO128F1452C88,Bananarama - Lovebite,0.7322172275288622,TRLURQM128F1484267,Lupe Fiasco - Hurt Me Soul (Explicit Album Version),0.723350132290084,TREBQOW128F92C4549,Common - Book Of Life,0.7439474803569341,TRJIONO128F1452C88,Bananarama - Lovebite,0.7432422527106193,TRLURQM128F1484267,Lupe Fiasco - Hurt Me Soul (Explicit Album Version),0.7350361130647047,TRFUJVJ128F426F2A2,Lauryn Hill - Interlude 5,214.58201563347913,TRHKJVR128F42857EA,DJ Quik - Safe + Sound,185.26762036818934,TRDPGXU128F9339C2A,Beastie Boys - B-Boy Bouillabaisse: A.W.O.L. (2009 Digital Remaster),180.7147029408051,TRLLYKL128F426F270,Lauryn Hill - Oh Jerusalem,109.91621690336393,TRRLLUQ128F147D9F2,Nothingface - Villains (Full-Length),109.1932976678103,TRHKJVR128F42857EA,DJ Quik - Safe + Sound,102.79290462021594,TRRLLUQ128F147D9F2,Nothingface - Villains (Full-Length),0.3049601661320142,TRZGXNM128F1451ADF,Iron Maiden - Lord Of The Flies (Live In Dortmund),0.25054404994376683,TRRNJVY128F93312B7,Ginuwine - Ginuwine 4 ur Mind,0.24121618498824374,TRRLLUQ128F147D9F2,Nothingface - Villains (Full-Length),0.3509954489749915,TRZGXNM128F1451ADF,Iron Maiden - Lord Of The Flies (Live In Dortmund),0.29077330918098715,TRRNJVY128F93312B7,Ginuwine - Ginuwine 4 ur Mind,0.2833144789309867
TRBXYKU128F427915D,SOEXZQP12D021B0F1D,ARH861H1187B9B799E,Johnny Cash,The Big Battle,country,TRFUJVJ128F426F2A2,Lauryn Hill - Interlude 5,3952.0,TRDPGXU128F9339C2A,Beastie Boys - B-Boy Bouillabaisse: A.W.O.L. (2009 Digital Remaster),3028.0,TRGLNKG128F9307689,Eminem - My Darling,2502.0,TRFUJVJ128F426F2A2,Lauryn Hill - Interlude 5,3539.8399999999992,TRDPGXU128F9339C2A,Beastie Boys - B-Boy Bouillabaisse: A.W.O.L. (2009 Digital Remaster),2683.3200000000006,TRGLNKG128F9307689,Eminem - My Darling,2249.7199999999993,TRHZGWZ128F424F477,Solefald - Loki Trickster God,0.688680960925403,TRUVVFR128F4248609,KRS ONE - I'm On The Mic,0.6805643412469565,TRHPKWO128F92E01D5,Snow Patrol - The Lightning Strike,0.6753140731104057,TRHZGWZ128F424F477,Solefald - Loki Trickster God,0.7077191201951414,TRUVVFR128F4248609,KRS ONE - I'm On The Mic,0.7025329622074038,TRHPKWO128F92E01D5,Snow Patrol - The Lightning Strike,0.6990435157457604,TRDPGXU128F9339C2A,Beastie Boys - B-Boy Bouillabaisse: A.W.O.L. (2009 Digital Remaster),270.32827777011624,TRQWDRK128F4241A32,Twista - Overdose (Album Version),225.05753182727605,TRFUJVJ128F426F2A2,Lauryn Hill - Interlude 5,218.61112830058386,TRIFVKW128F145C141,Gang Starr - The Illest Brother,122.25611915211772,TRBTUML12903CE6ACF,Esham - Killin' Spree,118.83668221443662,TRWVHON128F42639BA,Fugees (Tranzlator Crew) - Temple,116.92405899043564,TRBTUML12903CE6ACF,Esham - Killin' Spree,0.25303200091113903,TRNDPHC128F4280652,Bellamy Brothers - Livin In The West,0.2435416020944452,TRPHJTC128F92D2883,Jolie Holland - Mexico City,0.2335148646037689,TRBTUML12903CE6ACF,Esham - Killin' Spree,0.3297682978272405,TRIFVKW128F145C141,Gang Starr - The Illest Brother,0.3238503671789651,TRGXGMH128F92F5B48,John Denver - El Paso,0.3188474839872365
TRFRXGD128F42717FF,SOHCAKG12A8BED7973,ARH861H1187B9B799E,Johnny Cash,A Thing Called Love,country,TRFUJVJ128F426F2A2,Lauryn Hill - Interlude 5,2983.0,TRQAWKR128F425EEC3,Michael Jackson - Man In The Mirror,2310.0,TRDPGXU128F9339C2A,Beastie Boys - B-Boy Bouillabaisse: A.W.O.L. (2009 Digital Remaster),2168.0,TRFUJVJ128F426F2A2,Lauryn Hill - Interlude 5,2611.3200000000006,TRQAWKR128F425EEC3,Michael Jackson - Man In The Mirror,1991.3450000000003,TRDPGXU128F9339C2A,Beastie Boys - B-Boy Bouillabaisse: A.W.O.L. (2009 Digital Remaster),1857.1725000000004,TRAURYK128F92C490D,Pete Murray - My Time,0.6056473753693288,TRUQTEZ128F9314E5D,Reckless Kelly - Broken Heart,0.601366595081689,TRPWCMZ128F9300B63,Aesop Rock - Mars Attacks,0.6013502505448011,TRPWCMZ128F9300B63,Aesop Rock - Mars Attacks,0.6354993566190082,TRDQIWP128F9342105,Company Flow - The Fire In Which You Burn (feat. J-Treds & The Brewin From The Juggaknots),0.628286960495905,TRAURYK128F92C490D,Pete Murray - My Time,0.6243052045826373,TRFUJVJ128F426F2A2,Lauryn Hill - Interlude 5,248.28833863966614,TRDPGXU128F9339C2A,Beastie Boys - B-Boy Bouillabaisse: A.W.O.L. (2009 Digital Remaster),237.9506391066945,TRDUSIG12903CA5FCB,Savatage - The Hourglass,233.6580201429956,TRQAWKR128F425EEC3,Michael Jackson - Man In The Mirror,132.37486678289534,TRDUSIG12903CA5FCB,Savatage - The Hourglass,127.1549859820716,TRQRAKE128F9322866,Jay-Z - Soon You'll Understand,124.06667826223374,TRZJCNT128F426BFCC,Billy Currington - She's Got A Way With Me,0.29659964727000687,TRBGUUE128F1494FB6,David Bowie - Baal's Hymn,0.25853065656657187,TRRVZZX128F1464F0C,Erasure - Intro: Guess I'm Into Feeling,0.2528390261307703,TRZJCNT128F426BFCC,Billy Currington - She's Got A Way With Me,0.35437639552200606,TRBGUUE128F1494FB6,David Bowie - Baal's Hymn,0.3372507483242537,TRHYGME128F92FCC03,Dixie Chicks - Travelin' Soldier,0.32138371866292526
TRYIYFG128F42603CC,SOOUGLY12A8BEE954A,ARH861H1187B9B799E,Johnny Cash,You Dreamer You,country,TRFUJVJ128F426F2A2,Lauryn Hill - Interlude 5,4434.0,TRWSYHO128F4282346,Twista - I'm A Winner (Amended Album Version),3783.0,TREBGAA128E078FC52,Erykah Badu - I Want You,3295.0,TRFUJVJ128F426F2A2,Lauryn Hill - Interlude 5,4102.800000000001,TRWSYHO128F4282346,Twista - I'm A Winner (Amended Album Version),3566.55,TREBGAA128E078FC52,Erykah Badu - I Want You,3173.274999999998,TRIXAYK128F427F151,Heavenly - Tool,0.7286355859195878,TRKVZXR128F429035D,Jay-Jay Johanson - I fantasize of you,0.7221200548834438,TRLQBZP12903CECC4A,Hello Saferide - Get Sick Soon,0.7167680783185922,TRIXAYK128F427F151,Heavenly - Tool,0.73902950200792,TRKVZXR128F429035D,Jay-Jay Johanson - I fantasize of you,0.732366781996161,TRLQBZP12903CECC4A,Hello Saferide - Get Sick Soon,0.7259206311014332,TRDPGXU128F9339C2A,Beastie Boys - B-Boy Bouillabaisse: A.W.O.L. (2009 Digital Remaster),199.2383605249176,TRAYFJC128F936134C,Joe Bonamassa - Asking Around For You,178.2963416894867,TRDGICW128F42963E2,Recoil - Curse,164.95736940477968,TRAYFJC128F936134C,Joe Bonamassa - Asking Around For You,152.47633060317048,TRDFTPP128F427550C,Josh Groban - It Came Upon A Midnight Clear (Album Version),111.29365312984913,TRPLWSA128F92D555C,Flipsyde - Angel,106.59811783763475,TRAYFJC128F936134C,Joe Bonamassa - Asking Around For You,0.3674160664648925,TRTATPW128F428D14E,Brooks & Dunn - You're My Angel,0.3029074548527106,TRDFTPP128F427550C,Josh Groban - It Came Upon A Midnight Clear (Album Version),0.2976864973422631,TRAYFJC128F936134C,Joe Bonamassa - Asking Around For You,0.4042444585166719,TRQZWCA128F429B082,Gatsbys American Dream - Just Like Heaven,0.34700290624351504,TRTATPW128F428D14E,Brooks & Dunn - You're My Angel,0.33581097563075996
TRQHDNY128F92E3A01,SOOFVUE12AB017B824,ARH861H1187B9B799E,Johnny Cash,I Walk The Line,country,TRFUJVJ128F426F2A2,Lauryn Hill - Interlude 5,3771.0,TRWSYHO128F4282346,Twista - I'm A Winner (Amended Album Version),3353.0,TRDPGXU128F9339C2A,Beastie Boys - B-Boy Bouillabaisse: A.W.O.L. (2009 Digital Remaster),3267.0,TRFUJVJ128F426F2A2,Lauryn Hill - Interlude 5,3471.0800000000013,TRWSYHO128F4282346,Twista - I'm A Winner (Amended Album Version),3156.9925000000007,TRDPGXU128F9339C2A,Beastie Boys - B-Boy Bouillabaisse: A.W.O.L. (2009 Digital Remaster),3016.1837500000015,TRNPSMI128F14A8E06,Brian McKnight - Holdin' On [Missin' U] (Album Version),0.7390007204118408,TRWILVQ128F42644B3,Ben Folds Five - Don't Change Your Plans,0.7314184945530635,TRKLJAG128F42B31CF,Mario Vazquez - Everytime I...,0.729179011123212,TRNPSMI128F14A8E06,Brian McKnight - Holdin' On [Missin' U] (Album Version),0.7462065159147478,TRWILVQ128F42644B3,Ben Folds Five - Don't Change Your Plans,0.7415873503133033,TRQAOWZ128F93000A4,Clint Black - Killin' Time,0.7375417500873664,TRDPGXU128F9339C2A,Beastie Boys - B-Boy Bouillabaisse: A.W.O.L. (2009 Digital Remaster),173.62382778394092,TRFUJVJ128F426F2A2,Lauryn Hill - Interlude 5,166.09966077463937,TRGUBSR128E0786082,DMX - Keep Your Shit The Hardest,161.21030356660367,TRGUBSR128E0786082,DMX - Keep Your Shit The Hardest,99.3827433033831,TRVAXHF128F931FB04,Demi Lovato - Until You're Mine,93.11900839707921,TRLUXWO128F14618D6,Dilated Peoples - Expansion Team Theme,84.6643731814058,TRONSNL12903D025C7,Tony Bennett - Close Your Eyes,0.28580561440689617,TRVAXHF128F931FB04,Demi Lovato - Until You're Mine,0.26761398045132423,TRYJHFZ128E0784706,Big Bad Voodoo Daddy - Still In Love With You,0.26523798936395254,TRVAXHF128F931FB04,Demi Lovato - Until You're Mine,0.3156989401110696,TRONSNL12903D025C7,Tony Bennett - Close Your Eyes,0.31375189303108075,TRYJHFZ128E0784706,Big Bad Voodoo Daddy - Still In Love With You,0.3075673196217741
TRGCHXM128F429CBB9,SOKDAHN12A8C13F938,ARH861H1187B9B799E,Johnny Cash,Life's Railway To Heaven,country,TRFUJVJ128F426F2A2,Lauryn Hill - Interlude 5,629.0,TRQAWKR128F425EEC3,Michael Jackson - Man In The Mirror,486.0,TRFLWJZ128F425C9E4,The Pharcyde - Otha Fish,459.0,TRFUJVJ128F426F2A2,Lauryn Hill - Interlude 5,535.1599999999999,TRFLWJZ128F425C9E4,The Pharcyde - Otha Fish,410.2312499999999,TRQAWKR128F425EEC3,Michael Jackson - Man In The Mirror,405.5475000000001,TRFVTWH128F932768E,Andrea Bocelli - The Lords Prayer,0.5108215952909319,TRXPLNT128F42660F4,Amici Forever - The Prayer,0.4791594826780463,TRJAPCW128F930BBC8,Pain of Salvation - Kingdom of Loss,0.43192543563044794,TRFVTWH128F932768E,Andrea Bocelli - The Lords Prayer,0.5290289628252949,TRXPLNT128F42660F4,Amici Forever - The Prayer,0.49985125687607795,TRJAPCW128F930BBC8,Pain of Salvation - Kingdom of Loss,0.4571726706119074,TRPLWSA128F92D555C,Flipsyde - Angel,100.1675296251813,TRFUJVJ128F426F2A2,Lauryn Hill - Interlude 5,77.66254968343665,TRZSUSN128F4240FCE,Will.I.Am - She's A Star,76.47905120582985,TRPLWSA128F92D555C,Flipsyde - Angel,83.3373348155715,TRKTWVZ12903CCE60D,Gentleman - Different Places,61.2941471754624,TRZSUSN128F4240FCE,Will.I.Am - She's A Star,59.08725223447699,TRTGWNP128F426FFFE,Disgorge - Parallels Of Infinite Torture,0.31148778946711553,TRPLWSA128F92D555C,Flipsyde - Angel,0.2844207996772468,TRONCDA128F42387D9,Scapegoat - Monster,0.2557527788600343,TRTGWNP128F426FFFE,Disgorge - Parallels Of Infinite Torture,0.33055710283050305,TRPLWSA128F92D555C,Flipsyde - Angel,0.31887852130213556,TRONCDA128F42387D9,Scapegoat - Monster,0.2843473589168619
TRSJGNV128F92F4124,SODVCJH12AF72A4A08,AR3ETJY1187B98ED15,Darius Rucker,If I Had Wings,country,TRDPGXU128F9339C2A,Beastie Boys - B-Boy Bouillabaisse: A.W.O.L. (2009 Digital Remaster),3022.0,TRFUJVJ128F426F2A2,Lauryn Hill - Interlude 5,3006.0,TRCHZXW128E079288A,Eminem - 8 Mile,2863.0,TRDPGXU128F9339C2A,Beastie Boys - B-Boy Bouillabaisse: A.W.O.L. (2009 Digital Remaster),2755.796250000001,TRKLJAG128F42B31CF,Mario Vazquez - Everytime I...,2714.687500000001,TRFUJVJ128F426F2A2,Lauryn Hill - Interlude 5,2687.6800000000003,TRFLRFH12903CB021D,Unsung Zeros - Intermission,0.7585475465480114,TRGLGNR128F1487A6F,Manafest - Runaway,0.7186512271556121,TRZKNSG128F9326727,Alice Peacock - Here I Go Again,0.7048628584472366,TRFLRFH12903CB021D,Unsung Zeros - Intermission,0.7678579905899893,TRGLGNR128F1487A6F,Manafest - Runaway,0.7288463950344173,TRZKNSG128F9326727,Alice Peacock - Here I Go Again,0.7147333221352921,TRFUJVJ128F426F2A2,Lauryn Hill - Interlude 5,179.30833741110933,TRDPGXU128F9339C2A,Beastie Boys - B-Boy Bouillabaisse: A.W.O.L. (2009 Digital Remaster),155.148111399458,TRDUSIG12903CA5FCB,Savatage - The Hourglass,149.93279645940535,TRVBRPP128F4294251,Jazzamor - fly,107.43955725605775,TRKEHBK128F92F2780,Will.I.Am - The Traveling Song,88.78218005740247,TRCOXLL128F427B2C0,Kurt Elling - Resolution,88.34823158962911,TRVBRPP128F4294251,Jazzamor - fly,0.29930226932792964,TRIYZBJ128F933D72E,Percy Sledge - My Special Prayer,0.2745411389490058,TRSJVQJ128F9309132,Newcleus - Why,0.2561932697739878,TRVBRPP128F4294251,Jazzamor - fly,0.34559192253602034,TRIYZBJ128F933D72E,Percy Sledge - My Special Prayer,0.31082275711930335,TRSJVQJ128F9309132,Newcleus - Why,0.30364994125848593
TRHTOYT128F429FEF4,SOVZHIK12A8C1349BD,ARNNM56119B86686EA,Luke Bryan,Pray About Everything,country,TREIODJ128F9337033,Mindless Self Indulgence - Never Wanted to Dance,2125.0,TRFUJVJ128F426F2A2,Lauryn Hill - Interlude 5,2120.0,TROIJDA128F9341E70,R. Kelly - I Mean (I Don't Mean It),1998.0,TREIODJ128F9337033,Mindless Self Indulgence - Never Wanted to Dance,2026.0650000000007,TROIJDA128F9341E70,R. Kelly - I Mean (I Don't Mean It),1851.594999999999,TRFUJVJ128F426F2A2,Lauryn Hill - Interlude 5,1774.0800000000006,TRWDZIO128F92EF1BB,Diamond Rio - One More Day,0.6172788263769347,TRRXJSQ128F149054A,Savoy Brown - Stay While The Night Is Young,0.5532239337557786,TRPUZPN128F4232193,Chicago - Life It What It Is (Remastered LP Version),0.5245035346466186,TRWDZIO128F92EF1BB,Diamond Rio - One More Day,0.6298372370782167,TRRXJSQ128F149054A,Savoy Brown - Stay While The Night Is Young,0.5729797706813592,TRPUZPN128F4232193,Chicago - Life It What It Is (Remastered LP Version),0.5480171904245404,TRDUSIG12903CA5FCB,Savatage - The Hourglass,200.0261879089735,TRQQLZD128F425E9BC,Alicia Keys - Tell You Something (Nana's Reprise),170.85215452089477,TRBEBJO128C719646B,Nelly - Splurge,167.5267428168558,TRJOFTE128F4278CA8,Billy Ray Cyrus - Crazy 'Bout You Baby,132.40106540917787,TRDWGIG128F42862FC,Curtis Mayfield - Don't Worry (ReMastered),131.47391810262437,TRETWII128F42503D0,Will.I.Am - Fantastic,128.96636889759472,TRDWGIG128F42862FC,Curtis Mayfield - Don't Worry (ReMastered),0.3190077821667441,TRMQHUX128F428B252,Carolyn Dawn Johnson - One Day Closer to You,0.29688913550243856,TRZOWKJ128F149D2DD,RJD2 - Work It Out,0.2846460959265054,TRDWGIG128F42862FC,Curtis Mayfield - Don't Worry (ReMastered),0.3493913366133375,TRMQHUX128F428B252,Carolyn Dawn Johnson - One Day Closer to You,0.3368733379676445,TRJOFTE128F4278CA8,Billy Ray Cyrus - Crazy 'Bout You Baby,0.31804438422789333
TRCFFVR128F145D6DF,SOYPMDY12A6D4F77DE,AR95IYB1187FB3FE0B,Keith Urban,Your Everything,country,TRFUJVJ128F426F2A2,Lauryn Hill - Interlude 5,6064.0,TRDPGXU128F9339C2A,Beastie Boys - B-Boy Bouillabaisse: A.W.O.L. (2009 Digital Remaster),4590.0,TRWSYHO128F4282346,Twista - I'm A Winner (Amended Album Version),4571.0,TRFUJVJ128F426F2A2,Lauryn Hill - Interlude 5,5618.720000000002,TRWSYHO128F4282346,Twista - I'm A Winner (Amended Album Version),4279.995000000001,TRDPGXU128F9339C2A,Beastie Boys - B-Boy Bouillabaisse: A.W.O.L. (2009 Digital Remaster),4217.622500000001,TRWKDZE128F1451EAC,The Dells - It's All Up To You,0.7611259490383985,TRQQXAH128F429146D,Amici Forever - Whisper of Angels,0.6982091345446262,TRFFJLM128F148BCEF,Momus - Closer To You,0.6941897679290906,TRWKDZE128F1451EAC,The Dells - It's All Up To You,0.7678901566477074,TRFFJLM128F148BCEF,Momus - Closer To You,0.7059135987895176,TRQQXAH128F429146D,Amici Forever - Whisper of Angels,0.7057303429263277,TRFUJVJ128F426F2A2,Lauryn Hill - Interlude 5,191.1397482177889,TRDPGXU128F9339C2A,Beastie Boys - B-Boy Bouillabaisse: A.W.O.L. (2009 Digital Remaster),181.75734056733904,TRDUSIG12903CA5FCB,Savatage - The Hourglass,181.602205914536,TRBKYVE128F93350D1,MIMS - Move (If You Wanna),100.56766280116865,TRDUSIG12903CA5FCB,Savatage - The Hourglass,100.53725202455736,TRQAWKR128F425EEC3,Michael Jackson - Man In The Mirror,97.9239041748816,TRFRWCW128F9316687,Paul Potts - La Prima Volta (First Time Ever I Saw Your Face),0.32519955367752357,TRCWWGS128F9339D7A,Maximilian Hecker - Snow,0.2731926380985296,TRKPOZC128F42622F6,HorrorPops - Trapped,0.2537109493490011,TRFRWCW128F9316687,Paul Potts - La Prima Volta (First Time Ever I Saw Your Face),0.3624453522949436,TRCWWGS128F9339D7A,Maximilian Hecker - Snow,0.30476868092721277,TRKPOZC128F42622F6,HorrorPops - Trapped,0.2970113931282653
TRQSGEL128F4242DFC,SOAXCEO12CF5F873BF,ARHATLI1187FB52C76,Toby Keith,A Little Too Late,country,TRFUJVJ128F426F2A2,Lauryn Hill - Interlude 5,2668.0,TRQAWKR128F425EEC3,Michael Jackson - Man In The Mirror,1994.0,TRXHFMI128F429B2F2,Rufio - Over It (Acoustic),1876.0,TRFUJVJ128F426F2A2,Lauryn Hill - Interlude 5,2257.6800000000003,TRXHFMI128F429B2F2,Rufio - Over It (Acoustic),1736.9037499999959,TRQAWKR128F425EEC3,Michael Jackson - Man In The Mirror,1642.2174999999995,TRAIWMN128F93422AC,Smokie - Little Lucy,0.5026902029454312,TRSIKJZ128F92E2FCF,Zeromancer - My Little Tragedy,0.4672659098562705,TRTJQZD128F92EF881,Little Walter - Too Late,0.41901128176707314,TRAIWMN128F93422AC,Smokie - Little Lucy,0.5202315706346798,TRSIKJZ128F92E2FCF,Zeromancer - My Little Tragedy,0.48304258290331054,TRTJQZD128F92EF881,Little Walter - Too Late,0.43343563734591717,TRCHZXW128E079288A,Eminem - 8 Mile,220.52370643940537,TRFUJVJ128F426F2A2,Lauryn Hill - Interlude 5,209.90836873216514,TRDPGXU128F9339C2A,Beastie Boys - B-Boy Bouillabaisse: A.W.O.L. (2009 Digital Remaster),209.50425835087,TRTJQZD128F92EF881,Little Walter - Too Late,125.89934085433977,TRKGDML12903CE453D,Sophie Milman - Undun,117.32240443900827,TRVZZRI128F14650C4,Keri Noble - Piece Of My Heart,116.04346111831538,TRTJQZD128F92EF881,Little Walter - Too Late,0.37669151790154226,TRAEJKZ128F4280CA5,The Quireboys - Misled,0.28566318795579326,TRMMUMK12903CA7B75,SOJA - Here I Am,0.2752042957000614,TRTJQZD128F92EF881,Little Walter - Too Late,0.398312103602652,TRAEJKZ128F4280CA5,The Quireboys - Misled,0.3336761038888032,TRMMUMK12903CA7B75,SOJA - Here I Am,0.32397848979837846
TRAIMRN128E0791E72,SOAOYPN12CF52D3231,ARHATLI1187FB52C76,Toby Keith,Who's Your Daddy?,country,TRFUJVJ128F426F2A2,Lauryn Hill - Interlude 5,3735.0,TRWSYHO128F4282346,Twista - I'm A Winner (Amended Album Version),3243.0,TRGLNKG128F9307689,Eminem - My Darling,3238.0,TRFUJVJ128F426F2A2,Lauryn Hill - Interlude 5,3357.8,TRLCWTH128F92C7F82,Marques Houston - Cancel (Album Version),3008.61875,TRGLNKG128F9307689,Eminem - My Darling,3007.1187499999996,TROSVHF128F4282676,Aretha Franklin - Who's Zoomin' Who?,0.6469346127396277,TRLCWTH128F92C7F82,Marques Houston - Cancel (Album Version),0.6217219044172904,TRRCJWJ128F93335F8,Dar Williams - Your Fire Your Soul,0.6042823128761629,TROSVHF128F4282676,Aretha Franklin - Who's Zoomin' Who?,0.654082332274138,TRLCWTH128F92C7F82,Marques Houston - Cancel (Album Version),0.6313135852066396,TRRCJWJ128F93335F8,Dar Williams - Your Fire Your Soul,0.6166592570147155,TRCHZXW128E079288A,Eminem - 8 Mile,197.09691477411837,TRDPGXU128F9339C2A,Beastie Boys - B-Boy Bouillabaisse: A.W.O.L. (2009 Digital Remaster),185.51757217305095,TRFUJVJ128F426F2A2,Lauryn Hill - Interlude 5,183.7186728709439,TRVZZRI128F14650C4,Keri Noble - Piece Of My Heart,136.09276056770287,TRBHTIG128F92F4B81,Rehab - Chest Pain,110.31857447068829,TRCRROI128F9351DEC,Chuck Jackson - (You Can't Let The Boy Overpower) The Man In You,100.45530961081829,TRCRROI128F9351DEC,Chuck Jackson - (You Can't Let The Boy Overpower) The Man In You,0.2825442576693249,TRVIZXD12903CC54AF,T-Bone Walker - Evening,0.2777656038392362,TRVZZRI128F14650C4,Keri Noble - Piece Of My Heart,0.2621746198750019,TRCRROI128F9351DEC,Chuck Jackson - (You Can't Let The Boy Overpower) The Man In You,0.33093231732135686,TRVZZRI128F14650C4,Keri Noble - Piece Of My Heart,0.3225624010827809,TRBHTIG128F92F4B81,Rehab - Chest Pain,0.3105961856283265
TRRSVGD128F4242DDC,SORPIQY12A8C13632E,ARHATLI1187FB52C76,Toby Keith,A Woman's Touch,country,TRFUJVJ128F426F2A2,Lauryn Hill - Interlude 5,1783.0,TRDPGXU128F9339C2A,Beastie Boys - B-Boy Bouillabaisse: A.W.O.L. (2009 Digital Remaster),1706.0,TRQAWKR128F425EEC3,Michael Jackson - Man In The Mirror,1346.0,TRFUJVJ128F426F2A2,Lauryn Hill - Interlude 5,1472.0399999999993,TRDPGXU128F9339C2A,Beastie Boys - B-Boy Bouillabaisse: A.W.O.L. (2009 Digital Remaster),1445.9512499999994,TRCHZXW128E079288A,Eminem - 8 Mile,1090.7487499999995,TRRKYWZ128E078B55B,Moxy Fruvous - The Greatest Man In America,0.5065414082447284,TRMQVEX128F92F29D1,MC Paul Barman - Anarchist Bookstore part 1,0.49382264258559255,TRQPUTX128F4262438,Billy Gilman - Oklahoma,0.493261298617492,TRRKYWZ128E078B55B,Moxy Fruvous - The Greatest Man In America,0.5358087570140317,TRMQVEX128F92F29D1,MC Paul Barman - Anarchist Bookstore part 1,0.5290166856468272,TRQPUTX128F4262438,Billy Gilman - Oklahoma,0.5256962327859174,TRFUJVJ128F426F2A2,Lauryn Hill - Interlude 5,271.9284434837046,TRQGLNM128F42618C6,The Isley Brothers - Touch Me,227.9196722042728,TRDPGXU128F9339C2A,Beastie Boys - B-Boy Bouillabaisse: A.W.O.L. (2009 Digital Remaster),215.43269325127872,TRQGLNM128F42618C6,The Isley Brothers - Touch Me,146.69778045569686,TRFUJVJ128F426F2A2,Lauryn Hill - Interlude 5,127.61326150440664,TRDXZYL128E0791E8D,The Isley Brothers - Contagious,124.20951683831855,TRAPEZB128F92FEFBC,Gentleman - Empress,0.2888431289783484,TRZTQEP128E0792526,Nine Inch Nails - The Great Collapse,0.28444412099016164,TRFEGGQ128E07898AA,Etta James - W.O.M.A.N.,0.28376422986277194,TRAPEZB128F92FEFBC,Gentleman - Empress,0.3442534233266889,TRHUNZT128C719654E,Amy Winehouse - I Heard Love Is Blind,0.3327259719333493,TRQORYN128F92FA355,The Specials - Stupid Marriage,0.32626749755594614
TRTXHKL128F4242DD9,SOROSTR12A8C136324,ARHATLI1187FB52C76,Toby Keith,Big Ol' Truck,country,TRDPGXU128F9339C2A,Beastie Boys - B-Boy Bouillabaisse: A.W.O.L. (2009 Digital Remaster),3201.0,TRFUJVJ128F426F2A2,Lauryn Hill - Interlude 5,3016.0,TRQAWKR128F425EEC3,Michael Jackson - Man In The Mirror,2922.0,TRDPGXU128F9339C2A,Beastie Boys - B-Boy Bouillabaisse: A.W.O.L. (2009 Digital Remaster),2847.0874999999996,TRFUJVJ128F426F2A2,Lauryn Hill - Interlude 5,2592.7999999999993,TRYCBLK12903CE6A0E,Twiztid - She Ain't Afraid,2577.6124999999997,TRWVXWR128F92CF848,Mark Wills - She's In Love,0.6832871857418235,TRAFBIV128F93321D4,Ben Kweller - Magic,0.637712650823069,TRLEOAU128F932B646,Ben E. King - Spanish Harlem (LP Version),0.6163465380041698,TRWVXWR128F92CF848,Mark Wills - She's In Love,0.6945434263916861,TRAFBIV128F93321D4,Ben Kweller - Magic,0.6454462161065362,TRLEOAU128F932B646,Ben E. King - Spanish Harlem (LP Version),0.6299119776016854,TRDPGXU128F9339C2A,Beastie Boys - B-Boy Bouillabaisse: A.W.O.L. (2009 Digital Remaster),270.03057198366946,TRCHZXW128E079288A,Eminem - 8 Mile,220.71546255572315,TRYCBLK12903CE6A0E,Twiztid - She Ain't Afraid,215.27675112150294,TRYCBLK12903CE6A0E,Twiztid - She Ain't Afraid,128.8267151606307,TRDPGXU128F9339C2A,Beastie Boys - B-Boy Bouillabaisse: A.W.O.L. (2009 Digital Remaster),127.75627382311754,TRRRRDU128E0785197,Less Than Jake - She's Gonna Break Soon (Radio Edit) (w/o Horns),122.61760776990255,TRUBVQZ12903CF5E7C,Joe Bonamassa - One of these Days,0.2656254582370598,TRIZQUH128F92C21CA,Lil' Chris - Figure It Out,0.2548549551691632,TRNZKSQ12903CC598C,Bo Diddley - Diddy Wah Diddy,0.25154640496004343,TRUBVQZ12903CF5E7C,Joe Bonamassa - One of these Days,0.30238934623168157,TRHYOOF12903CE46EB,Big Bill Broonzy - Big Bill Blues,0.2967748160654729,TRUOWXS128F4232239,Little Anthony & The Imperials - Shimmy_ Shimmy_ Ko-Ko-Bop (Single Version),0.29501401657292875
TRADETN128F148CF19,SOEKKYB12A6D4F81D4,ARHATLI1187FB52C76,Toby Keith,Blue Bedroom,country,TRFUJVJ128F426F2A2,Lauryn Hill - Interlude 5,4244.0,TRWSYHO128F4282346,Twista - I'm A Winner (Amended Album Version),3642.0,TRGLNKG128F9307689,Eminem - My Darling,3111.0,TRFUJVJ128F426F2A2,Lauryn Hill - Interlude 5,3942.2399999999993,TRWSYHO128F4282346,Twista - I'm A Winner (Amended Album Version),3444.789999999999,TRGLNKG128F9307689,Eminem - My Darling,2926.295,TRSTDLM128EF3431B6,Ayo - Only You,0.8025507284868407,TRJIQFW128F428DE49,7L & Esoteric - Boxcutter Rap,0.7692676771309689,TRUASRT12903CEFCDD,Stuck Mojo - Suburban Ranger,0.7642991974896552,TRSTDLM128EF3431B6,Ayo - Only You,0.8089345253908576,TRJIQFW128F428DE49,7L & Esoteric - Boxcutter Rap,0.7786658191366166,TRUASRT12903CEFCDD,Stuck Mojo - Suburban Ranger,0.7744312988988016,TRQMION128E078F6F6,Jodeci - My Phone,162.15298295625837,TRDPGXU128F9339C2A,Beastie Boys - B-Boy Bouillabaisse: A.W.O.L. (2009 Digital Remaster),138.41109847100168,TRFUJVJ128F426F2A2,Lauryn Hill - Interlude 5,131.61542289966002,TRQMION128E078F6F6,Jodeci - My Phone,127.09264728137255,TRCLCNX128F1466731,Jon Secada - Where Do I Go From You,89.2833209691088,TROFJXZ128F93069FE,Katie Melua - Blue Shoes,87.27891607837265,TRQOXXY128EF351AA1,Nina Simone - After You've Gone (live),0.2929847659759278,TRZOOGX128F42AD931,Roy Orbison - California Blue,0.28433399343021354,TRQMION128E078F6F6,Jodeci - My Phone,0.28406226307101534,TRQOXXY128EF351AA1,Nina Simone - After You've Gone (live),0.3366891751787662,TRQMION128E078F6F6,Jodeci - My Phone,0.3359693551510553,TRZOOGX128F42AD931,Roy Orbison - California Blue,0.3256012367449335
TRKKXKG128E0791E74,SOJRPQW12B0B808689,ARHATLI1187FB52C76,Toby Keith,It's All Good,country,TRFUJVJ128F426F2A2,Lauryn Hill - Interlude 5,3697.0,TRDPGXU128F9339C2A,Beastie Boys - B-Boy Bouillabaisse: A.W.O.L. (2009 Digital Remaster),3044.0,TRGUCIR128F933D817,Vanilla Ice - Ice Is Workin' It,2401.0,TRFUJVJ128F426F2A2,Lauryn Hill - Interlude 5,3257.239999999998,TRDPGXU128F9339C2A,Beastie Boys - B-Boy Bouillabaisse: A.W.O.L. (2009 Digital Remaster),2676.23875,TRGUCIR128F933D817,Vanilla Ice - Ice Is Workin' It,2193.0699999999997,TRXWSOU128F42662B0,Above The Law - Flow On (Move Me No Mountain),0.703016783831345,TRNMFHV128F92EF2A1,Set Your Goals - our ethos: a legacy to pass on,0.671866616711286,TRCNQIU128F1469E36,Mack 10 - LBC And The ING (Explicit),0.6635790160291588,TRXWSOU128F42662B0,Above The Law - Flow On (Move Me No Mountain),0.7257120292164673,TRNMFHV128F92EF2A1,Set Your Goals - our ethos: a legacy to pass on,0.6950123233311677,TRCNQIU128F1469E36,Mack 10 - LBC And The ING (Explicit),0.6884230592779957,TRFUJVJ128F426F2A2,Lauryn Hill - Interlude 5,283.51551214684383,TRDPGXU128F9339C2A,Beastie Boys - B-Boy Bouillabaisse: A.W.O.L. (2009 Digital Remaster),244.56339108431715,TRLVRJP128F93519FB,Atmosphere - Hair,222.5047174849897,TRRYCLJ128F42A56FF,Ledisi - Alright,142.6212427600874,TRLDJMI128E078F6F9,Jodeci - It's Alright,138.82803026243192,TRZSUSN128F4240FCE,Will.I.Am - She's A Star,133.09909274297144,TRRYCLJ128F42A56FF,Ledisi - Alright,0.30225321055854076,TRWVZBZ128F1462E08,Yellowcard - Believe,0.26842658923153406,TRINNQX128F425AD26,The Derek Trucks Band - Revolution,0.261500995578111,TRRYCLJ128F42A56FF,Ledisi - Alright,0.35845297311222957,TRWVZBZ128F1462E08,Yellowcard - Believe,0.33352088838109534,TRZSUSN128F4240FCE,Will.I.Am - She's A Star,0.3290288777106587
TRSSUAV128F148D60F,SOLBJPX12A6D4F901D,ARHATLI1187FB52C76,Toby Keith,Sweet,country,TRFUJVJ128F426F2A2,Lauryn Hill - Interlude 5,6004.0,TRDPGXU128F9339C2A,Beastie Boys - B-Boy Bouillabaisse: A.W.O.L. (2009 Digital Remaster),5723.0,TRWSYHO128F4282346,Twista - I'm A Winner (Amended Album Version),5029.0,TRFUJVJ128F426F2A2,Lauryn Hill - Interlude 5,5437.280000000001,TRDPGXU128F9339C2A,Beastie Boys - B-Boy Bouillabaisse: A.W.O.L. (2009 Digital Remaster),5249.0650000000005,TRWSYHO128F4282346,Twista - I'm A Winner (Amended Album Version),4658.629999999999,TREBQOW128F92C4549,Common - Book Of Life,0.8528984320076194,TRKXFLD128F1479BC0,Remy Ma - I'm,0.8423214063757677,TRFOGZN128F42882B5,OutKast - Claimin' True,0.8415004276059809,TREBQOW128F92C4549,Common - Book Of Life,0.8594451990301829,TRFOGZN128F42882B5,OutKast - Claimin' True,0.8508988415463777,TRKXFLD128F1479BC0,Remy Ma - I'm,0.8492301658859397,TRFUJVJ128F426F2A2,Lauryn Hill - Interlude 5,331.8943830419391,TRQWDRK128F4241A32,Twista - Overdose (Album Version),318.1728257628172,TRDPGXU128F9339C2A,Beastie Boys - B-Boy Bouillabaisse: A.W.O.L. (2009 Digital Remaster),308.25828841971764,TRKKWMQ128F4266186,Mobb Deep - Live Foul,164.09404775297685,TRJGMSL128F4230A6C,The Game - Black Opera,157.8592739008383,TRQWDRK128F4241A32,Twista - Overdose (Album Version),154.71801316765902,TRKKWMQ128F4266186,Mobb Deep - Live Foul,0.2645514462342744,TRUSLVG128F930A59C,Beastie Boys - Futterman's Rule (2009 Digital Remaster),0.2585090718559413,TRLGWGC128EF34DBAB,Bone Thugs-N-Harmony - 9mm,0.25805177226914194,TRKKWMQ128F4266186,Mobb Deep - Live Foul,0.36604145314193115,TRLGWGC128EF34DBAB,Bone Thugs-N-Harmony - 9mm,0.36498724299069024,TRCNQIU128F1469E36,Mack 10 - LBC And The ING (Explicit),0.3578946205188215
TRFROET128F148CF1F,SOPBTRI12A6D4F81DA,ARHATLI1187FB52C76,Toby Keith,You Shouldn't Kiss Me Like This,country,TRFUJVJ128F426F2A2,Lauryn Hill - Interlude 5,5745.0,TRWSYHO128F4282346,Twista - I'm A Winner (Amended Album Version),4144.0,TRDPGXU128F9339C2A,Beastie Boys - B-Boy Bouillabaisse: A.W.O.L. (2009 Digital Remaster),3735.0,TRFUJVJ128F426F2A2,Lauryn Hill - Interlude 5,5297.879999999999,TRWSYHO128F4282346,Twista - I'm A Winner (Amended Album Version),3851.7924999999996,TRDPGXU128F9339C2A,Beastie Boys - B-Boy Bouillabaisse: A.W.O.L. (2009 Digital Remaster),3361.08375,TRFUJVJ128F426F2A2,Lauryn Hill - Interlude 5,0.7189756077845476,TRJKREO128E07821BB,Kenickie - I Never Complain,0.715922434078633,TRFYGMB128F425A7A2,Natasha Bedingfield - Stumble,0.7124575910656297,TRFUJVJ128F426F2A2,Lauryn Hill - Interlude 5,0.7350399228983442,TRJKREO128E07821BB,Kenickie - I Never Complain,0.7278782236379071,TROWDOO128F9361D3E,Souls Of Mischief - One,0.7255718294255774,TRFUJVJ128F426F2A2,Lauryn Hill - Interlude 5,224.13625094732618,TRDPGXU128F9339C2A,Beastie Boys - B-Boy Bouillabaisse: A.W.O.L. (2009 Digital Remaster),222.87758720789043,TRFFJLM128F148BCEF,Momus - Closer To You,198.34619474513337,TRGDBXO128F1480976,Paris Hilton - Not Leaving Without You (Album Version),146.81644730264722,TRGHYGG12903CAC100,R. Kelly - Kickin' It With Your Girlfriend,128.8882774994059,TRAJVCL128F932A6F3,Louise - One Kiss From Heaven,122.57786270645715,TRGDBXO128F1480976,Paris Hilton - Not Leaving Without You (Album Version),0.290385487408245,TRGADJR12903CB1002,New Found Glory - Kiss Me,0.2870518055775711,TRAJVCL128F932A6F3,Louise - One Kiss From Heaven,0.28488800391424596,TRAJVCL128F932A6F3,Louise - One Kiss From Heaven,0.3451489610124344,TRGDBXO128F1480976,Paris Hilton - Not Leaving Without You (Album Version),0.34373106199377834,TRQMZTE128F42B5074,OutKast - The Way You Move,0.34206794099962895
TRFHVTT12903CF7CD9,SOBAAFP12D02198DCD,ARFR3E51187B9A0A85,Sara Evans,A Real Fine Place To Start,country,TRFUJVJ128F426F2A2,Lauryn Hill - Interlude 5,3085.0,TRWSYHO128F4282346,Twista - I'm A Winner (Amended Album Version),2497.0,TRQAWKR128F425EEC3,Michael Jackson - Man In The Mirror,2206.0,TRFUJVJ128F426F2A2,Lauryn Hill - Interlude 5,2731.7199999999993,TRWSYHO128F4282346,Twista - I'm A Winner (Amended Album Version),2266.1200000000003,TREBGAA128E078FC52,Erykah Badu - I Want You,1953.1600000000003,TRKSXRS128F14AA089,Natalie Cole - I'm Catching Hell (Living Here Alone) (Digitally Remastered 02),0.5974637708639173,TRUXRZH128F92F703B,Black Sabbath - Sweet Leaf,0.5966517870801815,TRYXYFR128E078C6B5,Digital Underground - Sex Packets (LP Version),0.5928117920857654,TRKSXRS128F14AA089,Natalie Cole - I'm Catching Hell (Living Here Alone) (Digitally Remastered 02),0.624425897727655,TRYXYFR128E078C6B5,Digital Underground - Sex Packets (LP Version),0.6149362439930187,TRUXRZH128F92F703B,Black Sabbath - Sweet Leaf,0.6137182963203741,TRQAWKR128F425EEC3,Michael Jackson - Man In The Mirror,232.46666817765532,TRFUJVJ128F426F2A2,Lauryn Hill - Interlude 5,211.20113668370712,TRGUBSR128E0786082,DMX - Keep Your Shit The Hardest,179.6083402427474,TRQAWKR128F425EEC3,Michael Jackson - Man In The Mirror,161.1935546153813,TRUGLTC128F4227B93,Danity Kane - Hold Me Down (Album Version),113.09433535886019,TRWXSWA128F1456793,Shai - Waiting For The Day,111.14382397539943,TRLTFVP128E0782B34,Duran Duran - Electric Barbarella (Radio Edit),0.2746420167126039,TRMRAFF128F92FB7D1,Little Walter - You're So Fine,0.2702453279509032,TRWXSWA128F1456793,Shai - Waiting For The Day,0.25668074440858696,TRWXSWA128F1456793,Shai - Waiting For The Day,0.3216580999148367,TRLTFVP128E0782B34,Duran Duran - Electric Barbarella (Radio Edit),0.32074741980256594,TRMRAFF128F92FB7D1,Little Walter - You're So Fine,0.31411174559331523
TRXZNNF12903CA6F9B,SOWEIIN12AB018066C,ARO4WQR1187B9B9825,Kenny Rogers,Endless love,country,TRFUJVJ128F426F2A2,Lauryn Hill - Interlude 5,4698.0,TRWSYHO128F4282346,Twista - I'm A Winner (Amended Album Version),3862.0,TRDPGXU128F9339C2A,Beastie Boys - B-Boy Bouillabaisse: A.W.O.L. (2009 Digital Remaster),3466.0,TRFUJVJ128F426F2A2,Lauryn Hill - Interlude 5,4403.5999999999985,TRWSYHO128F4282346,Twista - I'm A Winner (Amended Album Version),3669.6000000000004,TREBGAA128E078FC52,Erykah Badu - I Want You,3283.800000000003,TRLQBZP12903CECC4A,Hello Saferide - Get Sick Soon,0.8252726382151901,TRCTLQY128F92F1539,Next - I Still Love You,0.8240806273792668,TRABMIY128F426EA8F,Babyface - Seven Seas,0.8146744329988959,TRLQBZP12903CECC4A,Hello Saferide - Get Sick Soon,0.8306055308925484,TRCTLQY128F92F1539,Next - I Still Love You,0.8292650210010611,TRABMIY128F426EA8F,Babyface - Seven Seas,0.8197302991983271,TRFUJVJ128F426F2A2,Lauryn Hill - Interlude 5,141.4266058889233,TRPCRHL128F4274CFE,Aceyalone - Mic Check,128.9184395943236,TRGLNKG128F9307689,Eminem - My Darling,118.24072949881402,TRCTLQY128F92F1539,Next - I Still Love You,90.36649947622104,TRPVAMZ128F4286261,Hayley Westenra - My Heart Belongs To You,87.67224920739594,TRBGUJV128E078FE5D,Dru Hill - Share My World,85.70307819478013,TRPVAMZ128F4286261,Hayley Westenra - My Heart Belongs To You,0.3275334204851859,TRJLMIR128F4291348,Dottie West - Forever Yours,0.32637939121790177,TRBGUJV128E078FE5D,Dru Hill - Share My World,0.31919411862266994,TRPVAMZ128F4286261,Hayley Westenra - My Heart Belongs To You,0.3785731793774883,TRBGUJV128E078FE5D,Dru Hill - Share My World,0.3705771207737816,TRCTLQY128F92F1539,Next - I Still Love You,0.3678337178062303
TRTSAUB128E07859FC,SOGBBSX12A6701E426,ARV9LSS1187B98C471,Blake Shelton,Love Gets In The Way (Album Version),country,TRFUJVJ128F426F2A2,Lauryn Hill - Interlude 5,3847.0,TRDPGXU128F9339C2A,Beastie Boys - B-Boy Bouillabaisse: A.W.O.L. (2009 Digital Remaster),3846.0,TRWSYHO128F4282346,Twista - I'm A Winner (Amended Album Version),3807.0,TRWSYHO128F4282346,Twista - I'm A Winner (Amended Album Version),3520.8049999999985,TRDPGXU128F9339C2A,Beastie Boys - B-Boy Bouillabaisse: A.W.O.L. (2009 Digital Remaster),3479.777499999999,TRFUJVJ128F426F2A2,Lauryn Hill - Interlude 5,3409.079999999998,TRJAJTB128F42A63EA,Fairground Attraction - Whispers,0.724920332079627,TRJEJXZ128F9321015,The Supremes - Stranger In Paradise,0.7106971724492585,TRKOBMA12903CA8574,Nguru - The Way It Is,0.7051937753777979,TRJAJTB128F42A63EA,Fairground Attraction - Whispers,0.7393595774642931,TRJEJXZ128F9321015,The Supremes - Stranger In Paradise,0.7212734865577317,TRKOBMA12903CA8574,Nguru - The Way It Is,0.7208883275875546,TRDPGXU128F9339C2A,Beastie Boys - B-Boy Bouillabaisse: A.W.O.L. (2009 Digital Remaster),242.0702797833353,TRCHZXW128E079288A,Eminem - 8 Mile,207.94369878184511,TRRJQIQ128F429A974,Petey Pablo - Fool For Love,204.9633929620987,TRMZSRG128F428BE3F,Usher - Roni,129.503307118666,TRBDCAH128EF362D31,The Pharcyde - Passin' Me By,125.50789887143651,TRIVUXU128F145A60B,Jeru The Damaja - Me Or The Papes,123.3553786519346,TRNZKSQ12903CC598C,Bo Diddley - Diddy Wah Diddy,0.32680850507742,TRUFDLK128E078EE4C,Blink-182 - TV,0.2583734577179243,TRXRINO128F4264CCB,Wade Hayes - I'm Still Dancin' With You,0.24764435265168108,TRNZKSQ12903CC598C,Bo Diddley - Diddy Wah Diddy,0.36873062575052656,TRBDCAH128EF362D31,The Pharcyde - Passin' Me By,0.3236772196822073,TRUFDLK128E078EE4C,Blink-182 - TV,0.31346155436996254
TRFMGIO128F42591F0,SOBCKDM12D021B3D99,ARK4ZEK1187B990A4F,George Strait,I'd Like To Have That One Back,country,TRFUJVJ128F426F2A2,Lauryn Hill - Interlude 5,3479.0,TRDPGXU128F9339C2A,Beastie Boys - B-Boy Bouillabaisse: A.W.O.L. (2009 Digital Remaster),3393.0,TRCHZXW128E079288A,Eminem - 8 Mile,3098.0,TRFUJVJ128F426F2A2,Lauryn Hill - Interlude 5,3081.560000000001,TRDPGXU128F9339C2A,Beastie Boys - B-Boy Bouillabaisse: A.W.O.L. (2009 Digital Remaster),3060.629999999999,TRCHZXW128E079288A,Eminem - 8 Mile,2847.169999999999,TRFLRFH12903CB021D,Unsung Zeros - Intermission,0.720605014558595,TRALZXZ128F92E26EF,The Jeff Healey Band - My Little Girl,0.7053896461729873,TRIGERV128F1478764,Con Funk Shun - Electric Lady,0.702272956019447,TRFLRFH12903CB021D,Unsung Zeros - Intermission,0.7329268484732367,TRALZXZ128F92E26EF,The Jeff Healey Band - My Little Girl,0.7178060087572243,TRIGERV128F1478764,Con Funk Shun - Electric Lady,0.7172697428045745,TRDPGXU128F9339C2A,Beastie Boys - B-Boy Bouillabaisse: A.W.O.L. (2009 Digital Remaster),273.47033704203983,TRFUJVJ128F426F2A2,Lauryn Hill - Interlude 5,264.198805962947,TRNVKOI128E0799173,Snoop Dogg - Snoopafella (Edited),223.33210220427057,TRRJQIQ128F429A974,Petey Pablo - Fool For Love,133.44563312173926,TRLZVNA128F1474A16,Javier - Slow Motion,127.24007788524115,TRNVKOI128E0799173,Snoop Dogg - Snoopafella (Edited),127.08686979394213,TRNGIXM128F148D3E6,Jesse Johnson - I Want My Girl,0.33322088940505173,TRBBVJP128F92FF19C,Willie Nelson - I Feel Sorry For Him,0.30950214853109725,TRFXHZR128F92F6BFF,Emanon - She Thinks,0.3037947979813106,TRNGIXM128F148D3E6,Jesse Johnson - I Want My Girl,0.3845358278501144,TRFXHZR128F92F6BFF,Emanon - She Thinks,0.36306026904273486,TRBBVJP128F92FF19C,Willie Nelson - I Feel Sorry For Him,0.3521012555484309
TRDYUVI128E078F725,SOEJDOV12D021B3BD5,ARK4ZEK1187B990A4F,George Strait,Marina Del Rey,country,TRFUJVJ128F426F2A2,Lauryn Hill - Interlude 5,2010.0,TRDPGXU128F9339C2A,Beastie Boys - B-Boy Bouillabaisse: A.W.O.L. (2009 Digital Remaster),1690.0,TRFLWJZ128F425C9E4,The Pharcyde - Otha Fish,1438.0,TRFUJVJ128F426F2A2,Lauryn Hill - Interlude 5,1761.6000000000006,TRDPGXU128F9339C2A,Beastie Boys - B-Boy Bouillabaisse: A.W.O.L. (2009 Digital Remaster),1482.268750000001,TRFLWJZ128F425C9E4,The Pharcyde - Otha Fish,1308.9062500000011,TRGJJTY12903CF8E82,Strung Out - Dead Spaces,0.5804213294158034,TRCQTAG128F4260E18,Cyndi Lauper - Sally's Pigeons,0.5751007267239465,TRLEOAU128F932B646,Ben E. King - Spanish Harlem (LP Version),0.5399669961494016,TRGJJTY12903CF8E82,Strung Out - Dead Spaces,0.6004376258723121,TRCQTAG128F4260E18,Cyndi Lauper - Sally's Pigeons,0.5948603239449886,TRDVELE128F932810A,Bruce Springsteen - Brothers Under The Bridges ('83),0.5608716071395795,TRDPGXU128F9339C2A,Beastie Boys - B-Boy Bouillabaisse: A.W.O.L. (2009 Digital Remaster),162.06996233809582,TROYKQM128F428CCED,OutKast - Mainstream,128.22367338790067,TRNVKOI128E0799173,Snoop Dogg - Snoopafella (Edited),128.20011467242497,TRRSRXG128E07888AF,Mariah Carey - Joy Ride,90.59330615043613,TRWVXWR128F92CF848,Mark Wills - She's In Love,84.85503669609496,TRJWUYF12903CF5635,Rupert Hine - The Curious Kind,82.35561153070717,TRXFGLZ128F425ECAB,Gerry Rafferty - The Royal Mile,0.2422193624387265,TRWVXWR128F92CF848,Mark Wills - She's In Love,0.24141653211118447,TRJTIVP128F426AB91,Gipsy Kings - El Mauro,0.24121415344831168,TRWVXWR128F92CF848,Mark Wills - She's In Love,0.2912196698353615,TRXFGLZ128F425ECAB,Gerry Rafferty - The Royal Mile,0.28862618672149526,TRJWUYF12903CF5635,Rupert Hine - The Curious Kind,0.2738274502384675
TRPNLLB128F14956A5,SOPBLAJ12D02193A82,ARK4ZEK1187B990A4F,George Strait,Milk Cow Blues,country,TRFUJVJ128F426F2A2,Lauryn Hill - Interlude 5,4422.0,TRWSYHO128F4282346,Twista - I'm A Winner (Amended Album Version),3751.0,TRDPGXU128F9339C2A,Beastie Boys - B-Boy Bouillabaisse: A.W.O.L. (2009 Digital Remaster),3679.0,TRFUJVJ128F426F2A2,Lauryn Hill - Interlude 5,4028.2399999999993,TRWSYHO128F4282346,Twista - I'm A Winner (Amended Album Version),3493.665,TRDPGXU128F9339C2A,Beastie Boys - B-Boy Bouillabaisse: A.W.O.L. (2009 Digital Remaster),3349.707500000002,TRNHSZN128F930FF03,Clawfinger - Revenge,0.733907586397556,TRQYLYP12903CC26F6,Barry White - Never Gonna Give You Up,0.7335461186468138,TRGLNKG128F9307689,Eminem - My Darling,0.7274136259136356,TRQYLYP12903CC26F6,Barry White - Never Gonna Give You Up,0.746099403436712,TRNHSZN128F930FF03,Clawfinger - Revenge,0.7443318892144923,TRGLNKG128F9307689,Eminem - My Darling,0.7417446849753278,TRDPGXU128F9339C2A,Beastie Boys - B-Boy Bouillabaisse: A.W.O.L. (2009 Digital Remaster),241.756364349005,TRNVKOI128E0799173,Snoop Dogg - Snoopafella (Edited),180.48558592876515,TRFUJVJ128F426F2A2,Lauryn Hill - Interlude 5,176.87483763430555,TRFSOAL128F931B19F,Robben Ford - The Way You Treated Me (You're Gonna Be Sorry),124.74859980280034,TRYPHVM128F42437C0,Mississippi Fred McDowell - Louise,115.36739001908205,TRRQNEL128F92E79F8,Memphis Minnie - Good Morning,115.35285834623784,TRRQNEL128F92E79F8,Memphis Minnie - Good Morning,0.3689282686352622,TRFSOAL128F931B19F,Robben Ford - The Way You Treated Me (You're Gonna Be Sorry),0.3590236220329223,TRZCHOI128E078E08D,The Animals - Worried Life Blues,0.29275069954779465,TRRQNEL128F92E79F8,Memphis Minnie - Good Morning,0.41308964371942597,TRFSOAL128F931B19F,Robben Ford - The Way You Treated Me (You're Gonna Be Sorry),0.4001408400561547,TRGOLAX128F92F87BF,Wayne Hancock - Johnson City,0.3510189263781091
TRTDHSB128F422B90F,SOWKMZU12A81C2165A,ARKZ13R1187FB54FEE,Josh Turner,Another Try,country,TRDPGXU128F9339C2A,Beastie Boys - B-Boy Bouillabaisse: A.W.O.L. (2009 Digital Remaster),2793.0,TRCHZXW128E079288A,Eminem - 8 Mile,2726.0,TRFUJVJ128F426F2A2,Lauryn Hill - Interlude 5,2672.0,TRDPGXU128F9339C2A,Beastie Boys - B-Boy Bouillabaisse: A.W.O.L. (2009 Digital Remaster),2520.6412499999997,TRCHZXW128E079288A,Eminem - 8 Mile,2520.458749999999,TRKLJAG128F42B31CF,Mario Vazquez - Everytime I...,2424.437499999999,TRGGLKN128F934D0C9,Elizabeth Cotten - When I'm Gone,0.7232603556166367,TRQAOWZ128F93000A4,Clint Black - Killin' Time,0.7203280609566889,TRKUCYF12903D06F03,David Ball - Blowin' Smoke,0.7074885181726189,TRGGLKN128F934D0C9,Elizabeth Cotten - When I'm Gone,0.7343941248470012,TRQAOWZ128F93000A4,Clint Black - Killin' Time,0.73122425780468,TRTPMBB128F42934F8,Sage Francis - Keep Moving,0.7209197688752255,TRCHZXW128E079288A,Eminem - 8 Mile,169.53118908179437,TRDJOCY128F4294CD5,Kanye West - Diamonds From Sierra Leone,168.1625255707865,TRDUSIG12903CA5FCB,Savatage - The Hourglass,162.85729642206678,TRDJOCY128F4294CD5,Kanye West - Diamonds From Sierra Leone,103.087268249989,TRFYBJS128F145F5FA,Sammie - I Like It (Remix),98.40331345065881,TRFHZWK128F427068B,Teena Marie - Dear Lover,97.4620962397646,TRDNUNW128F933DB3D,Boyz II Men - Amazed,0.3153618125403706,TRRLMOZ128F92E6814,Kristin Chenoweth - Christmas Island,0.29322491589876615,TRQHZTH128F425E107,Death In Vegas - Killing Smile,0.29296636929481246,TRDNUNW128F933DB3D,Boyz II Men - Amazed,0.35466661573746494,TRQHZTH128F425E107,Death In Vegas - Killing Smile,0.3401891672329138,TRFYBJS128F145F5FA,Sammie - I Like It (Remix),0.33250477561598474
TREXZYC12903CA281A,SOLDPJZ12AB0186231,ARKZ13R1187FB54FEE,Josh Turner,As Fast As I Could,country,TRFUJVJ128F426F2A2,Lauryn Hill - Interlude 5,4904.0,TRDPGXU128F9339C2A,Beastie Boys - B-Boy Bouillabaisse: A.W.O.L. (2009 Digital Remaster),4482.0,TRWSYHO128F4282346,Twista - I'm A Winner (Amended Album Version),4328.0,TRFUJVJ128F426F2A2,Lauryn Hill - Interlude 5,4466.079999999998,TRDPGXU128F9339C2A,Beastie Boys - B-Boy Bouillabaisse: A.W.O.L. (2009 Digital Remaster),4115.777500000001,TRWSYHO128F4282346,Twista - I'm A Winner (Amended Album Version),4041.8049999999976,TREBQOW128F92C4549,Common - Book Of Life,0.7904553736750465,TRHSMEG128F42BC646,Aaron Carter - That's How I Beat Shaq,0.7649359733051827,TRKLJAG128F42B31CF,Mario Vazquez - Everytime I...,0.7638827224623107,TREBQOW128F92C4549,Common - Book Of Life,0.7988579052116475,TRHSMEG128F42BC646,Aaron Carter - That's How I Beat Shaq,0.7747084000132225,TRKLJAG128F42B31CF,Mario Vazquez - Everytime I...,0.767811373847845,TRDPGXU128F9339C2A,Beastie Boys - B-Boy Bouillabaisse: A.W.O.L. (2009 Digital Remaster),222.22047381216046,TRFUJVJ128F426F2A2,Lauryn Hill - Interlude 5,218.58218908809616,TRRJQIQ128F429A974,Petey Pablo - Fool For Love,181.89458022432444,TRLKMRV128F1480E4C,Tom Petty - Square One (Album Version),124.05867959646537,TRMUITB128F428ADAC,Kevon Edmonds - Never Love You,107.27801578179773,TRDJPOT12903CC0024,Robert Palmer - Woke Up Laughing,104.86975191716846,TRLKMRV128F1480E4C,Tom Petty - Square One (Album Version),0.3038277599712086,TRFDLAU128F42661C5,Alabama - Keepin' Up,0.2468481919959286,TRMUITB128F428ADAC,Kevon Edmonds - Never Love You,0.24475199224870356,TRLKMRV128F1480E4C,Tom Petty - Square One (Album Version),0.3498307533899452,TRMUITB128F428ADAC,Kevon Edmonds - Never Love You,0.3067185289236374,TRFDLAU128F42661C5,Alabama - Keepin' Up,0.29674009586989825
TRDXSGX128F425F173,SOTSNDR12A8AE47599,ARF8HTQ1187B9AE693,Daft Punk,One More Time / Aerodynamic,electronic,TRFUJVJ128F426F2A2,Lauryn Hill - Interlude 5,886.0,TRUGLTC128F4227B93,Danity Kane - Hold Me Down (Album Version),685.0,TRDPGXU128F9339C2A,Beastie Boys - B-Boy Bouillabaisse: A.W.O.L. (2009 Digital Remaster),588.0,TRFUJVJ128F426F2A2,Lauryn Hill - Interlude 5,771.9200000000002,TRUGLTC128F4227B93,Danity Kane - Hold Me Down (Album Version),632.1449999999998,TRLINLH128F9346400,Black Eyed Peas - One Tribe,515.67,TRVBBVN128E078A608,Fair Warning - Take Me Up,0.5106393392788859,TREAQSX128E07818CA,Daft Punk - One More Time (Romanthony's Unplugged),0.4897199584040778,TRVPPSC128F92EC9C2,Colbie Caillat - Midnight Bottle,0.4775923085151242,TRVBBVN128E078A608,Fair Warning - Take Me Up,0.527447359312641,TREAQSX128E07818CA,Daft Punk - One More Time (Romanthony's Unplugged),0.5057275636779099,TRVPPSC128F92EC9C2,Colbie Caillat - Midnight Bottle,0.4960549176969501,TRLDJMI128E078F6F9,Jodeci - It's Alright,102.99366696565036,TRFUJVJ128F426F2A2,Lauryn Hill - Interlude 5,82.07794249333894,TRGDBXO128F1480976,Paris Hilton - Not Leaving Without You (Album Version),81.93603040468038,TRLDJMI128E078F6F9,Jodeci - It's Alright,87.81332694506838,TRGDBXO128F1480976,Paris Hilton - Not Leaving Without You (Album Version),71.37492455672117,TRQJNDH128F4228AAB,Justice - D.A.N.C.E [Jackson Remix],69.68917026534614,TRATNTQ128F9351550,Desmond Dekker - Sweet Music,0.37778298969120344,TRXHRJN128F149418E,SUPREME BEINGS OF LEISURE - So Much More,0.37008906696491156,TREAQSX128E07818CA,Daft Punk - One More Time (Romanthony's Unplugged),0.3686081432146739,TRATNTQ128F9351550,Desmond Dekker - Sweet Music,0.39088954992364155,TREAQSX128E07818CA,Daft Punk - One More Time (Romanthony's Unplugged),0.38866395216861593,TRXHRJN128F149418E,SUPREME BEINGS OF LEISURE - So Much More,0.38683850440850787
TREAQSX128E07818CA,SOAWSML12A6310F1B7,ARF8HTQ1187B9AE693,Daft Punk,One More Time (Romanthony's Unplugged),electronic,TRFUJVJ128F426F2A2,Lauryn Hill - Interlude 5,3417.0,TRWSYHO128F4282346,Twista - I'm A Winner (Amended Album Version),2264.0,TRTLIKK128E07862DA,Ja Rule - One of Us,2193.0,TRFUJVJ128F426F2A2,Lauryn Hill - Interlude 5,3082.120000000001,TRWSYHO128F4282346,Twista - I'm A Winner (Amended Album Version),2045.1449999999995,TRTLIKK128E07862DA,Ja Rule - One of Us,1990.525000000001,TRUQLCG12903CC5630,Fractured - One More Time,0.685388137025228,TRCXWON128F424936F,Hot Tuna - Come Back Baby,0.6728828098696779,TRLOZGV128F42A06E6,Tanya Tucker - One Love At A Time,0.5739555978494518,TRUQLCG12903CC5630,Fractured - One More Time,0.6955450382677406,TRCXWON128F424936F,Hot Tuna - Come Back Baby,0.6793139097191931,TRLOZGV128F42A06E6,Tanya Tucker - One Love At A Time,0.5912492162203798,TRFUJVJ128F426F2A2,Lauryn Hill - Interlude 5,225.38921869801536,TRBEBJO128C719646B,Nelly - Splurge,184.1092247447051,TRDPGXU128F9339C2A,Beastie Boys - B-Boy Bouillabaisse: A.W.O.L. (2009 Digital Remaster),173.39035528830019,TRCGAVX12903CFBC61,Ashanti - Rock Wit U (Awww Baby),133.44973045230256,TRBEBJO128C719646B,Nelly - Splurge,128.2123857883691,TRGOMIJ128F4263AD6,The Jacksons - The Hurt,127.32764039311328,TRDXSGX128F425F173,Daft Punk - One More Time / Aerodynamic,0.3686081432146739,TRYOUMI128E078F4DE,K-Ci & JoJo - Baby Come Back,0.3284239851761958,TRGOMIJ128F4263AD6,The Jacksons - The Hurt,0.3259487180355388,TRDXSGX128F425F173,Daft Punk - One More Time / Aerodynamic,0.38866395216861593,TRYOUMI128E078F4DE,K-Ci & JoJo - Baby Come Back,0.37399315445787573,TRGOMIJ128F4263AD6,The Jacksons - The Hurt,0.36858595550829926
TRBVPVV128F425F14F,SOOHYOB12CF5F87A28,ARF8HTQ1187B9AE693,Daft Punk,Touch It / Technologic,electronic,TRGUCIR128F933D817,Vanilla Ice - Ice Is Workin' It,17762.0,TRYUJAX12903CF14E7,Charley Patton - Shake It And Break It,12393.0,TRHTUQC128F427D30F,Meat Loaf - If It Aint Broke Break It,9883.0,TRGUCIR128F933D817,Vanilla Ice - Ice Is Workin' It,17256.52999999999,TRYUJAX12903CF14E7,Charley Patton - Shake It And Break It,12082.164999999999,TRHTUQC128F427D30F,Meat Loaf - If It Aint Broke Break It,9644.063750000007,TRDLQGL128F1458AA5,Devo - Whip It,0.802248355615837,TRYXRXL128F427F13A,Robbie Williams - It's De-Lovely,0.8012193944770049,TRJKYRB128F1498AF7,Blossom Dearie - It's Too Good To Talk About Now,0.7852561888559803,TRDLQGL128F1458AA5,Devo - Whip It,0.8060299799284004,TRYXRXL128F427F13A,Robbie Williams - It's De-Lovely,0.8050355745285214,TRJKYRB128F1498AF7,Blossom Dearie - It's Too Good To Talk About Now,0.7886888273832221,TRDPGXU128F9339C2A,Beastie Boys - B-Boy Bouillabaisse: A.W.O.L. (2009 Digital Remaster),419.26629248576864,TRFUJVJ128F426F2A2,Lauryn Hill - Interlude 5,384.727027065308,TRQWDRK128F4241A32,Twista - Overdose (Album Version),349.17178127908187,TRIIBVP128E0792750,Enrique Iglesias - She Be The One,202.8345016602409,TRLRCZU128F1475FBA,Juvenile - Around The Way [Explicit Album Version],194.1653516920588,TRAWCKU128F14771C0,Obie Trice - Hoodrats,193.4712738633523,TRIIBVP128E0792750,Enrique Iglesias - She Be The One,0.30281051460371755,TRXJFYW128F4259BBD,MU330 - Tune Me Out,0.27702372540659675,TRAJQIF128F92CD28A,T.Rex - The Street And Babe Shadow,0.27385475996422765,TRIIBVP128E0792750,Enrique Iglesias - She Be The One,0.36235956111543977,TRXJFYW128F4259BBD,MU330 - Tune Me Out,0.3210218623644605,TRQKTGW128F424E927,Archive - Black,0.3177116366552024
TRBROFT128F92F8769,SOYPPAZ12A8C143CD6,ARORMBJ1241B9CDB1A,Ke$ha,Boots &  Boys,electronic,TRFUJVJ128F426F2A2,Lauryn Hill - Interlude 5,7159.0,TRDPGXU128F9339C2A,Beastie Boys - B-Boy Bouillabaisse: A.W.O.L. (2009 Digital Remaster),5610.0,TRWSYHO128F4282346,Twista - I'm A Winner (Amended Album Version),5042.0,TRFUJVJ128F426F2A2,Lauryn Hill - Interlude 5,6581.24,TRDPGXU128F9339C2A,Beastie Boys - B-Boy Bouillabaisse: A.W.O.L. (2009 Digital Remaster),5126.8325,TRBEBJO128C719646B,Nelly - Splurge,4747.297499999995,TRUVRBS128F42A34DD,Stephanie McIntosh - Overcome,0.6719483285043906,TRIFVIF128F425E56A,Carpark North - I And You,0.6600725475635817,TRFIUTM128F426343C,Ty Herndon - Pray For Me,0.6520101000869718,TRUVRBS128F42A34DD,Stephanie McIntosh - Overcome,0.6839576875521296,TRIFVIF128F425E56A,Carpark North - I And You,0.6698112711198629,TRFIUTM128F426343C,Ty Herndon - Pray For Me,0.6666235837587444,TRAVDBM128EF35E257,Ella Fitzgerald - Manhattan,226.64172327181686,TRRSRXG128E07888AF,Mariah Carey - Joy Ride,221.2328512896111,TRCNVLA12903CF6052,Kelis - Milkshake,214.0203501254395,TRRSRXG128E07888AF,Mariah Carey - Joy Ride,170.12646867809215,TRGGPDR128F42A56FC,Ledisi - Joy,169.97427900717918,TRAVDBM128EF35E257,Ella Fitzgerald - Manhattan,164.76855074605643,TRCDOVL128F92EAA3A,Cass McCombs - Jonesy Boy,0.3269446386575564,TRGGPDR128F42A56FC,Ledisi - Joy,0.29129400016831747,TRNBZTB12903CB120D,Stoa - Infant Joy,0.2706996601437705,TRCDOVL128F92EAA3A,Cass McCombs - Jonesy Boy,0.3669654540961876,TRGGPDR128F42A56FC,Ledisi - Joy,0.32960424008934125,TRNBZTB12903CB120D,Stoa - Infant Joy,0.2896684459466826
TRIIWCU128F92F876A,SOQVJWF12A58A801EF,ARORMBJ1241B9CDB1A,Ke$ha,Animal,electronic,TRFUJVJ128F426F2A2,Lauryn Hill - Interlude 5,2855.0,TRDPGXU128F9339C2A,Beastie Boys - B-Boy Bouillabaisse: A.W.O.L. (2009 Digital Remaster),2445.0,TRCHZXW128E079288A,Eminem - 8 Mile,2084.0,TRFUJVJ128F426F2A2,Lauryn Hill - Interlude 5,2503.5600000000027,TRDPGXU128F9339C2A,Beastie Boys - B-Boy Bouillabaisse: A.W.O.L. (2009 Digital Remaster),2151.0987500000015,TRCHZXW128E079288A,Eminem - 8 Mile,1862.20125,TROIYWE128F146BD93,Bird York - Lovely Thing,0.6375834916155456,TRSXLCE128F4296591,Wyclef Jean - Intro,0.5801707693236842,TRYAPRE128F425EE39,Tanya Tucker - Complicated,0.5798884517782947,TROIYWE128F146BD93,Bird York - Lovely Thing,0.654051801775045,TRUVVFR128F4248609,KRS ONE - I'm On The Mic,0.5985801754588809,TRYAPRE128F425EE39,Tanya Tucker - Complicated,0.5968432700931395,TRDPGXU128F9339C2A,Beastie Boys - B-Boy Bouillabaisse: A.W.O.L. (2009 Digital Remaster),164.85763691592345,TRFUJVJ128F426F2A2,Lauryn Hill - Interlude 5,157.3433598954799,TRKRVKD128F9327008,Hollywood Undead - Undead,145.43890701299367,TRFKSYH128E0784708,Big Bad Voodoo Daddy - Sleep Tight,110.43966787986953,TRTTBCA128F429B8A8,Bishop Allen - The Monitor,103.04417292372065,TRNJWKL128F424F0F3,Sugababes - Back When,100.25690527069513,TRQDZUE128F42635BD,Modern English - A Viable Commercial,0.36537918714213774,TRFKSYH128E0784708,Big Bad Voodoo Daddy - Sleep Tight,0.353463162465711,TRPOUCU128F427C122,Simon & Garfunkel - The 59th Street Bridge Song (Feelin' Groovy),0.27239498664033485,TRQDZUE128F42635BD,Modern English - A Viable Commercial,0.37610505027208124,TRFKSYH128E0784708,Big Bad Voodoo Daddy - Sleep Tight,0.3731028592319,TRTTBCA128F429B8A8,Bishop Allen - The Monitor,0.3121596919713562
TRVDAHO128F92F231E,SOXUSKK12A8C144F94,AR0IVTL1187B9AD520,Katy Perry,Hot N Cold (Innerpartysystem Main),electronic,TRFUJVJ128F426F2A2,Lauryn Hill - Interlude 5,12488.0,TRWSYHO128F4282346,Twista - I'm A Winner (Amended Album Version),10641.0,TRGLNKG128F9307689,Eminem - My Darling,8864.0,TRFUJVJ128F426F2A2,Lauryn Hill - Interlude 5,11742.800000000001,TRWSYHO128F4282346,Twista - I'm A Winner (Amended Album Version),10153.987500000001,TRGLNKG128F9307689,Eminem - My Darling,8407.868750000003,TRHZNFT128F4292FE4,Sleeper - Delicious,0.8796194992871633,TRYMECK128F428253F,Husker Du - You're A Soldier,0.8460667496659406,TRCRGKS128F92C57A8,Patricia Barber - You're The Top,0.8429231955348957,TRHZNFT128F4292FE4,Sleeper - Delicious,0.8817949394087483,TRYMECK128F428253F,Husker Du - You're A Soldier,0.8488816012487144,TRCRGKS128F92C57A8,Patricia Barber - You're The Top,0.8453425561130551,TRFUJVJ128F426F2A2,Lauryn Hill - Interlude 5,287.0695941430784,TRDPGXU128F9339C2A,Beastie Boys - B-Boy Bouillabaisse: A.W.O.L. (2009 Digital Remaster),280.71315236994366,TRHKJVR128F42857EA,DJ Quik - Safe + Sound,220.22149363264472,TRFUJVJ128F426F2A2,Lauryn Hill - Interlude 5,137.10241983857736,TRCLVPW128F92F1ED1,Jamie Foxx - Warm Bed,129.47114857763847,TRDPGXU128F9339C2A,Beastie Boys - B-Boy Bouillabaisse: A.W.O.L. (2009 Digital Remaster),127.85724058139066,TRQYUKJ12903C9A1CE,Kevin Devine - It's Only Your Life,0.29201709713026636,TRLGMJP128F92E033F,Swans - Time Is Money (Bastard),0.2880278624730164,TRKPONJ128F146D62C,Yeah Yeah Yeahs - Dudley,0.2761897769533733,TRQYUKJ12903C9A1CE,Kevin Devine - It's Only Your Life,0.34875260674573394,TRKPONJ128F146D62C,Yeah Yeah Yeahs - Dudley,0.3257636648131552,TRLGMJP128F92E033F,Swans - Time Is Money (Bastard),0.31214798423723494
TRUGOGT128F92F29E9,SONPGGS12AB0183AD2,AR0WLH6119B8669027,Owl City,Captains and Cruise Ships,electronic,TRFUJVJ128F426F2A2,Lauryn Hill - Interlude 5,4515.0,TRWSYHO128F4282346,Twista - I'm A Winner (Amended Album Version),3927.0,TRDPGXU128F9339C2A,Beastie Boys - B-Boy Bouillabaisse: A.W.O.L. (2009 Digital Remaster),3868.0,TRFUJVJ128F426F2A2,Lauryn Hill - Interlude 5,4128.6,TRWSYHO128F4282346,Twista - I'm A Winner (Amended Album Version),3674.4749999999995,TRDPGXU128F9339C2A,Beastie Boys - B-Boy Bouillabaisse: A.W.O.L. (2009 Digital Remaster),3544.862500000002,TRDPGXU128F9339C2A,Beastie Boys - B-Boy Bouillabaisse: A.W.O.L. (2009 Digital Remaster),0.8014736013738426,TRPKXVV128F92F29CD,MC Paul Barman - Excuse You,0.7923761769762347,TRKLAOB12903C9A1CD,Kevin Devine - Fever Moon,0.7891953159490298,TRDPGXU128F9339C2A,Beastie Boys - B-Boy Bouillabaisse: A.W.O.L. (2009 Digital Remaster),0.8141768003827177,TRPKXVV128F92F29CD,MC Paul Barman - Excuse You,0.8033942014035339,TRFPLQD128F92FFB52,Kool Moe Dee - Bad Mutha,0.8008511948149708,TRDPGXU128F9339C2A,Beastie Boys - B-Boy Bouillabaisse: A.W.O.L. (2009 Digital Remaster),220.34736165995284,TRTCOWO128F930C444,The Streets - Weak Become Heroes,210.42618874003713,TRGLNKG128F9307689,Eminem - My Darling,201.89358753638496,TRTCOWO128F930C444,The Streets - Weak Become Heroes,121.84970041813351,TRSLLJV128E0796980,Tony Yayo - Dear Suzie,100.58623243255686,TRJTUVF128F4268D12,The Kovenant - Spaceman,95.46094801837691,TRQNYDQ128F93069E6,Katie Melua - faraway voice,0.32769288435239463,TRJTUVF128F4268D12,The Kovenant - Spaceman,0.25433714882641645,TRWGFZA128F424E014,Minnie Driver - Mary,0.23385212472119568,TRQNYDQ128F93069E6,Katie Melua - faraway voice,0.36878468574233725,TRJTUVF128F4268D12,The Kovenant - Spaceman,0.33363585016433683,TRTCOWO128F930C444,The Streets - Weak Become Heroes,0.3245837135096515
TRNEITZ128F92F29EA,SOIFHDS12AB0183AD5,AR0WLH6119B8669027,Owl City,Designer Skyline,electronic,TRFUJVJ128F426F2A2,Lauryn Hill - Interlude 5,1541.0,TRDPGXU128F9339C2A,Beastie Boys - B-Boy Bouillabaisse: A.W.O.L. (2009 Digital Remaster),1175.0,TRGLNKG128F9307689,Eminem - My Darling,842.0,TRFUJVJ128F426F2A2,Lauryn Hill - Interlude 5,1428.7600000000002,TRDPGXU128F9339C2A,Beastie Boys - B-Boy Bouillabaisse: A.W.O.L. (2009 Digital Remaster),1081.1362500000002,TRBEBJO128C719646B,Nelly - Splurge,774.10875,TRYLJVY128F4246873,General Surgery - Viva ! blunt force trauma,0.785056851236366,TRJWDHU128F14AE7F6,Further Seems Forever - Snowbirds And Townies,0.7583086763456927,TRVMMTF128F930A7B8,Motörhead - Out of the sun,0.747196110851849,TRYLJVY128F4246873,General Surgery - Viva ! blunt force trauma,0.7851486506977174,TRJWDHU128F14AE7F6,Further Seems Forever - Snowbirds And Townies,0.7651734526569165,TRVMMTF128F930A7B8,Motörhead - Out of the sun,0.7534389410179979,TRCHZXW128E079288A,Eminem - 8 Mile,101.93923517011756,TRBERRB128F932D534,Dar Williams - Mortal City,84.94462022860576,TRKAIVZ128E07944DB,Parliament - Mr. Wiggles,75.01005503632568,TRCHZXW128E079288A,Eminem - 8 Mile,58.367743349663876,TRBERRB128F932D534,Dar Williams - Mortal City,54.86522526106847,TRLUXWO128F14618D6,Dilated Peoples - Expansion Team Theme,51.276473599334345,TRTATZQ128F427EDD0,Emiliana Torrini - Sunny Road,0.2669421585478942,TRGIFAY128F1463A83,Incognito - Marrakech,0.24190733817731253,TRJOUSX128E07940A7,Burning Spear - Red Gold And Green,0.24004032104246156,TRTATZQ128F427EDD0,Emiliana Torrini - Sunny Road,0.3017384485953608,TRGIFAY128F1463A83,Incognito - Marrakech,0.2721113240411297,TRYPBLE128F1459DD1,Billy Currington - Where The Girls Are,0.2671219865284117
TRMIHFS128F92F2A01,SOLCHRP12AC468D757,AR0WLH6119B8669027,Owl City,Early Birdie,electronic,TRFUJVJ128F426F2A2,Lauryn Hill - Interlude 5,1648.0,TRDPGXU128F9339C2A,Beastie Boys - B-Boy Bouillabaisse: A.W.O.L. (2009 Digital Remaster),1532.0,TRWSYHO128F4282346,Twista - I'm A Winner (Amended Album Version),1283.0,TRFUJVJ128F426F2A2,Lauryn Hill - Interlude 5,1414.3200000000004,TRDPGXU128F9339C2A,Beastie Boys - B-Boy Bouillabaisse: A.W.O.L. (2009 Digital Remaster),1336.5787500000015,TRWSYHO128F4282346,Twista - I'm A Winner (Amended Album Version),1130.2824999999998,TRQCXUL128E078A9D6,The Streets - The Irony Of It All (Album Version),0.5385817768846328,TRTHFTG128F42550BC,Lil Wyte - Ten Toes Tall,0.5313540375936865,TRRFUEU128F42144C6,Blackstreet - How We Do,0.5288951534172665,TRQCXUL128E078A9D6,The Streets - The Irony Of It All (Album Version),0.5676366039949823,TRTHFTG128F42550BC,Lil Wyte - Ten Toes Tall,0.562233593749491,TRRFUEU128F42144C6,Blackstreet - How We Do,0.5587293207500901,TRFUJVJ128F426F2A2,Lauryn Hill - Interlude 5,189.27527065447433,TRDPGXU128F9339C2A,Beastie Boys - B-Boy Bouillabaisse: A.W.O.L. (2009 Digital Remaster),146.43345196372712,TRCHZXW128E079288A,Eminem - 8 Mile,146.2073787655247,TRFUJVJ128F426F2A2,Lauryn Hill - Interlude 5,88.99018381110596,TRLVRJP128F93519FB,Atmosphere - Hair,82.10436996113211,TRNQSWR128EF34375F,Haste The Day - Chorus Of Angels,78.64486866057717,TRVHUIV128F4292279,Curtis Stigers - Sleeping With The Lights On,0.2275150972117507,TRKNFNN128F14A4231,Diana Krall - How Deep Is The Ocean (How High Is The Sky),0.22612226659901957,TRMOUUU128F14ADE16,Hawk Nelson - From Underneath,0.22473442389075665,TRWJQPJ128F426F26E,Lauryn Hill - Adam Lives In Theory,0.2869410362092644,TRLVRJP128F93519FB,Atmosphere - Hair,0.28582116046010686,TRXGPXT128F145C13D,Gang Starr - 2 Deep,0.28172642792907304
TRDEVZQ128F931BAED,SOQLHST12AB0184A27,AR0WLH6119B8669027,Owl City,Meteor Shower,electronic,TRFUJVJ128F426F2A2,Lauryn Hill - Interlude 5,1163.0,TRDPGXU128F9339C2A,Beastie Boys - B-Boy Bouillabaisse: A.W.O.L. (2009 Digital Remaster),1160.0,TREBGAA128E078FC52,Erykah Badu - I Want You,1140.0,TREBGAA128E078FC52,Erykah Badu - I Want You,1106.1875,TRDPGXU128F9339C2A,Beastie Boys - B-Boy Bouillabaisse: A.W.O.L. (2009 Digital Remaster),1083.0624999999986,TRFUJVJ128F426F2A2,Lauryn Hill - Interlude 5,1070.9999999999986,TRPEAPG128F4294CC0,K'Naan - Soobax,0.7593739172246403,TRSWQYN128F92FAAB6,Ashley MacIsaac - I Don't Need This,0.7287674858818649,TRTPMBB128F42934F8,Sage Francis - Keep Moving,0.7274486509287529,TRPEAPG128F4294CC0,K'Naan - Soobax,0.7650891375745664,TRSWQYN128F92FAAB6,Ashley MacIsaac - I Don't Need This,0.7358109493375435,TRTPMBB128F42934F8,Sage Francis - Keep Moving,0.7335432208111056,TRFUJVJ128F426F2A2,Lauryn Hill - Interlude 5,63.6766323919202,TRCHZXW128E079288A,Eminem - 8 Mile,58.35438406543567,TRZBVZA128F429C955,The Handful - Memorial Day,49.21859284733896,TRZBVZA128F429C955,The Handful - Memorial Day,38.12154519578738,TRYMSOG128F423850C,Ayo - Down On My Knees,37.45691108776019,TRQGOOD128F429CD06,Spice Girls - Ain't No Stopping Us Now,37.02715728361161,TRDQOIQ128E078746B,Jane Child - Don't Let It Get To You (Album Version),0.32791548010765387,TREVOWA128F92F9BA4,Atomic Rooster - Banstead,0.318044585756324,TROBGJN128E0782FC9,Kings Of Convenience - Summer On The West Hill,0.2740252286966153,TRDQOIQ128E078746B,Jane Child - Don't Let It Get To You (Album Version),0.35158056320713876,TREVOWA128F92F9BA4,Atomic Rooster - Banstead,0.3336213465557215,TROBGJN128E0782FC9,Kings Of Convenience - Summer On The West Hill,0.29594397803324984
TRCXWLU128F92F2A0D,SOWHUXB12AB01816EE,AR0WLH6119B8669027,Owl City,This Is The Future,electronic,TRFUJVJ128F426F2A2,Lauryn Hill - Interlude 5,1856.0,TRGLNKG128F9307689,Eminem - My Darling,1367.0,TRLDRYJ128F930BBB4,Pain of Salvation - Spitfall,1234.0,TRFUJVJ128F426F2A2,Lauryn Hill - Interlude 5,1723.5200000000004,TRGLNKG128F9307689,Eminem - My Darling,1285.9099999999999,TRLDRYJ128F930BBB4,Pain of Salvation - Spitfall,1170.2799999999997,TREVTQG128F9312034,Unter Null - Disgrace (Unholy Remix),0.6902772515996165,TRUIJKW128F147C8DB,Pencey Prep - Fat And Alone,0.6786236136764255,TRLDRYJ128F930BBB4,Pain of Salvation - Spitfall,0.6645160295322141,TREVTQG128F9312034,Unter Null - Disgrace (Unholy Remix),0.6985047749255158,TRUIJKW128F147C8DB,Pencey Prep - Fat And Alone,0.6852745463773746,TRLDRYJ128F930BBB4,Pain of Salvation - Spitfall,0.6745163695357015,TRFUJVJ128F426F2A2,Lauryn Hill - Interlude 5,113.24063127101992,TRCHZXW128E079288A,Eminem - 8 Mile,89.97390478700254,TROZXMZ128F42372D1,Black Moon - Black Smif-n-Wessun (LP Version),84.50544474868572,TROZXMZ128F42372D1,Black Moon - Black Smif-n-Wessun (LP Version),66.05603256936604,TRFUJVJ128F426F2A2,Lauryn Hill - Interlude 5,64.43021952489335,TRCURQD128F427C75B,Hawk Nelson - Turn It On,62.32412690958851,TRQILML128F4262175,The Pietasters - Crime,0.26036318657777624,TRBFVAA128F423C356,The Prodigy - Wake Up Call (Album Version),0.23964713409713825,TRJBXZL128F424BD21,MU330 - Curse,0.23810928447842147,TRQILML128F4262175,The Pietasters - Crime,0.28593320245129433,TRJWIPF128F934B43D,Symphorce - Tears,0.26977733587255986,TRADYXQ128F14655F1,Enigma - Modern Crusaders.,0.26376791634394103
TRVJTNA128F934D19D,SOKTUGM12AB0184005,ARRBF3M1187FB4D59F,30 Seconds To Mars,Kings and Queens (Innerpartysystem Remix Main),electronic,TRFUJVJ128F426F2A2,Lauryn Hill - Interlude 5,2013.0,TRTLIKK128E07862DA,Ja Rule - One of Us,1452.0,TRDPGXU128F9339C2A,Beastie Boys - B-Boy Bouillabaisse: A.W.O.L. (2009 Digital Remaster),1150.0,TRFUJVJ128F426F2A2,Lauryn Hill - Interlude 5,1799.5599999999993,TRTLIKK128E07862DA,Ja Rule - One of Us,1322.9500000000005,TRWAMJL128F92D124B,Ladyhawke - Crazy World,1077.7199999999996,TRPUDOQ128F9344F23,Dead Kennedys - Goons of Hazzard,0.6314949282611033,TRDRPZZ128F421D0DA,Zeigeist - Black Milk,0.6311563772142161,TRBYTSU128F4253708,IMMORTAL - Tyrants,0.6297434736907196,TRPUDOQ128F9344F23,Dead Kennedys - Goons of Hazzard,0.6419693117332821,TRDRPZZ128F421D0DA,Zeigeist - Black Milk,0.6414269805898185,TRBYTSU128F4253708,IMMORTAL - Tyrants,0.639052040676579,TRCOXLL128F427B2C0,Kurt Elling - Resolution,159.31219842993636,TRWZUDO128F1495E26,Prince - I Love U In Me ( LP Version),150.6865203606929,TRDPGXU128F9339C2A,Beastie Boys - B-Boy Bouillabaisse: A.W.O.L. (2009 Digital Remaster),139.67960090498997,TRCOXLL128F427B2C0,Kurt Elling - Resolution,113.08982738039403,TRGRDJF128F934EF03,Jah Cure - Sticky,110.68911219670021,TRWZUDO128F1495E26,Prince - I Love U In Me ( LP Version),96.8909557445681,TRPAKFJ128F145AB63,J.J. Cale - Starbound,0.30894244101309515,TRIUIKS128F146F78E,Tin Machine - Heaven's In Here (1999 Digital Remaster),0.2826374648977072,TRWQMVZ128E078F1F7,Bob Marley & The Wailers - Africa Unite,0.25882315527582905,TRPAKFJ128F145AB63,J.J. Cale - Starbound,0.3318515510809983,TRIUIKS128F146F78E,Tin Machine - Heaven's In Here (1999 Digital Remaster),0.30656894932007134,TRWQMVZ128E078F1F7,Bob Marley & The Wailers - Africa Unite,0.28749776808572775
TRRBLPE128F9311B20,SOMSZSA12AB0182E3A,ARVKJGO12086C15075,LMFAO,Bounce,electronic,TRFUJVJ128F426F2A2,Lauryn Hill - Interlude 5,5836.0,TRDPGXU128F9339C2A,Beastie Boys - B-Boy Bouillabaisse: A.W.O.L. (2009 Digital Remaster),5283.0,TRWSYHO128F4282346,Twista - I'm A Winner (Amended Album Version),4858.0,TRFUJVJ128F426F2A2,Lauryn Hill - Interlude 5,5295.04,TRDPGXU128F9339C2A,Beastie Boys - B-Boy Bouillabaisse: A.W.O.L. (2009 Digital Remaster),4830.607500000003,TRWSYHO128F4282346,Twista - I'm A Winner (Amended Album Version),4504.464999999999,TRFOGZN128F42882B5,OutKast - Claimin' True,0.7861324977280792,TRSLSWO128E0786285,Redman - Soopaman Luva 3,0.7719323700847823,TRWFXWM128F148D2D1,Warren G - We Brings Heat,0.7713215963318205,TRFOGZN128F42882B5,OutKast - Claimin' True,0.7984691070649035,TRSLSWO128E0786285,Redman - Soopaman Luva 3,0.7856642453075681,TRWFXWM128F148D2D1,Warren G - We Brings Heat,0.7856556202122472,TRISBQQ128F93217A2,2Pac - Strictly 4 My N.I.G.G.A.Z.,419.32172184810275,TRGUBSR128E0786082,DMX - Keep Your Shit The Hardest,405.2345792813434,TRHKJVR128F42857EA,DJ Quik - Safe + Sound,397.8907462317105,TRISBQQ128F93217A2,2Pac - Strictly 4 My N.I.G.G.A.Z.,292.87374564813786,TRGUBSR128E0786082,DMX - Keep Your Shit The Hardest,281.65307676461725,TRPDDZW128F42712B2,Young Jeezy - Still On It,276.9319717663862,TRISBQQ128F93217A2,2Pac - Strictly 4 My N.I.G.G.A.Z.,0.361603180603144,TRYHHXT128F4276F89,50 Cent - Rowdy Rowdy,0.35271833116457085,TRZMQGY128F147E284,Obie Trice - 24's,0.35210822608285863,TRISBQQ128F93217A2,2Pac - Strictly 4 My N.I.G.G.A.Z.,0.4446721195367147,TRYHHXT128F4276F89,50 Cent - Rowdy Rowdy,0.4275822731995316,TRTNPZQ128F148C125,Onyx - The Worst,0.42413254536440753
TRWQYOY128F425BD4C,SOODXDV12A8AE4807F,AR5K3CW1187FB45B46,Crystal Castles,Vanished,electronic,TRFUJVJ128F426F2A2,Lauryn Hill - Interlude 5,3888.0,TRDPGXU128F9339C2A,Beastie Boys - B-Boy Bouillabaisse: A.W.O.L. (2009 Digital Remaster),3138.0,TRGLNKG128F9307689,Eminem - My Darling,2836.0,TRFUJVJ128F426F2A2,Lauryn Hill - Interlude 5,3420.6400000000012,TRDPGXU128F9339C2A,Beastie Boys - B-Boy Bouillabaisse: A.W.O.L. (2009 Digital Remaster),2747.1575000000003,TRGLNKG128F9307689,Eminem - My Darling,2549.9324999999994,TRFGVIL128E0791D8F,Gin Blossoms - Cheatin',0.6262122347220692,TRXVRUP12903CFD9F3,The Jazz Butcher - She's On Drugs,0.6200279075286185,TRKKLQS128F42537F2,Blanks77 - We Don't Need You,0.6191947739464809,TRFGVIL128E0791D8F,Gin Blossoms - Cheatin',0.6459466467702077,TRXVRUP12903CFD9F3,The Jazz Butcher - She's On Drugs,0.6432865071081605,TRVEOPR128F423382D,Faithless - The Man In You,0.641279012996349,TRBERRB128F932D534,Dar Williams - Mortal City,223.13512896948035,TRCHZXW128E079288A,Eminem - 8 Mile,207.10002379149225,TRBKQJB128F934EEF7,Ying Yang Twins - 1st Booty On Duty,190.14652147223234,TRBERRB128F932D534,Dar Williams - Mortal City,136.86953522338376,TRRDHVU128F1455565,Beastie Boys - An Open Letter To NYC,111.7950868332386,TRJYDFB128F92C44C3,Scary Kids Scaring Kids - Holding On,102.1348632351564,TRJQLYO128F14A597B,The Besnard Lakes - On Bedford and Grand,0.29516227233160247,TRLCPBV128F42785C2,Exploited - Dead Cities,0.2919240939508574,TRSANZR128F92D8DC4,Total Chaos - Riot City,0.2703654888027331,TRLCPBV128F42785C2,Exploited - Dead Cities,0.32739206622353284,TRCKHSO128EF35C024,Kevin Max - Greensleeves,0.3232749676203481,TRJQLYO128F14A597B,The Besnard Lakes - On Bedford and Grand,0.317497626718447
TRLLRQA128F427C709,SOSKKKY12A8C13ED21,AR5K3CW1187FB45B46,Crystal Castles,Xxzxcuzx,electronic,TRFUJVJ128F426F2A2,Lauryn Hill - Interlude 5,1470.0,TRDPGXU128F9339C2A,Beastie Boys - B-Boy Bouillabaisse: A.W.O.L. (2009 Digital Remaster),850.0,TRWSYHO128F4282346,Twista - I'm A Winner (Amended Album Version),775.0,TRFUJVJ128F426F2A2,Lauryn Hill - Interlude 5,1337.52,TRDPGXU128F9339C2A,Beastie Boys - B-Boy Bouillabaisse: A.W.O.L. (2009 Digital Remaster),739.2099999999996,TRWSYHO128F4282346,Twista - I'm A Winner (Amended Album Version),688.4199999999997,TRJIBBZ128F425149A,Dead Kennedys - Kinky Sex Makes the World Go 'Round,0.6109624207020957,TRESCVU128F145C136,Gang Starr - The Place We Dwell,0.5894185888591078,TRJZXOC128F933A199,Pink Martini - Tea For Two (Featuring Jimmy Scott),0.5860526591609095,TRJIBBZ128F425149A,Dead Kennedys - Kinky Sex Makes the World Go 'Round,0.6341422287171887,TRESCVU128F145C136,Gang Starr - The Place We Dwell,0.6127327547271881,TRJZXOC128F933A199,Pink Martini - Tea For Two (Featuring Jimmy Scott),0.6055912252321028,TRFUJVJ128F426F2A2,Lauryn Hill - Interlude 5,113.34502912159012,TRDFOXO128F42BBDCD,Clipse - Dirty Money,103.05102964806274,TREJHSZ128F148C11B,Onyx - Face Down,92.1418623972868,TRDFOXO128F42BBDCD,Clipse - Dirty Money,74.07591687650724,TREJHSZ128F148C11B,Onyx - Face Down,53.86529622201334,TRFUJVJ128F426F2A2,Lauryn Hill - Interlude 5,53.09431679997019,TRBVSNW128F426244A,Voodoo Glow Skulls - Left For Dead,0.2363443536481646,TRFIYDE128F14561E6,INXS - Love Is (What I Say),0.23567778037136172,TRTALMQ128F42AD439,G4 - You're The Voice,0.2328622205763759,TRBVSNW128F426244A,Voodoo Glow Skulls - Left For Dead,0.2821290124467563,TRTALMQ128F42AD439,G4 - You're The Voice,0.2706703968320984,TRFIYDE128F14561E6,INXS - Love Is (What I Say),0.26677345279170933
TRDFWPG128F148D4DF,SOIWRAH12A6D4F66C0,ARBEOHF1187B9B044D,Madonna,Die Another Day [Live],electronic,TRKLJAG128F42B31CF,Mario Vazquez - Everytime I...,6749.0,TRCHZXW128E079288A,Eminem - 8 Mile,6677.0,TRDPGXU128F9339C2A,Beastie Boys - B-Boy Bouillabaisse: A.W.O.L. (2009 Digital Remaster),6560.0,TRKLJAG128F42B31CF,Mario Vazquez - Everytime I...,6588.687499999988,TRCHZXW128E079288A,Eminem - 8 Mile,6346.043750000001,TRDPGXU128F9339C2A,Beastie Boys - B-Boy Bouillabaisse: A.W.O.L. (2009 Digital Remaster),6121.456250000001,TRVOXNR128F421A58C,Bracket - Cynically Depressed,0.7041875228920793,TRYLSNH12903CF1373,The Runaways - School Days,0.6952795734270468,TRCEIDF128F1452C5F,Floetry - I'll Die,0.683757939818639,TRVOXNR128F421A58C,Bracket - Cynically Depressed,0.7094642914514258,TRYLSNH12903CF1373,The Runaways - School Days,0.7007093700486069,TRCEIDF128F1452C5F,Floetry - I'll Die,0.6895672809576248,TRFUJVJ128F426F2A2,Lauryn Hill - Interlude 5,196.14971368321497,TRDPGXU128F9339C2A,Beastie Boys - B-Boy Bouillabaisse: A.W.O.L. (2009 Digital Remaster),182.8263677198128,TRUNEHG128F9320309,Afroman - Life of Tha Party,178.29641244708125,TRUNEHG128F9320309,Afroman - Life of Tha Party,143.87646665180722,TRHYZQR128F428F5C5,Kanye West - Can't Tell Me Nothing,130.4574360227854,TRZARUP128F9348146,KMD - Plumskinzz (Loose Hoe_ God & Cupid),113.81430193795178,TRVCQGI128F147BFBC,Brian Eno - Just Another Day (Album Version),0.2905881995991856,TRHZHOW128F4230F35,Devendra Banhart - My Dearest Friend,0.2704067203200572,TRCITDI128F93613E1,Joe Bonamassa - Woke up Dreaming,0.2639266719614271,TRVCQGI128F147BFBC,Brian Eno - Just Another Day (Album Version),0.30621783158344656,TRCITDI128F93613E1,Joe Bonamassa - Woke up Dreaming,0.298390084879642,TRUNEHG128F9320309,Afroman - Life of Tha Party,0.2900531536105366
TRVWMWN128E0788952,SOMANNK12A6701F0A1,ARN5NHX1187FB4F755,The Smashing Pumpkins,Perfect (Nellee Hooper Instrumental),electronic,TRFUJVJ128F426F2A2,Lauryn Hill - Interlude 5,2808.0,TRWSYHO128F4282346,Twista - I'm A Winner (Amended Album Version),1708.0,TREBGAA128E078FC52,Erykah Badu - I Want You,1654.0,TRFUJVJ128F426F2A2,Lauryn Hill - Interlude 5,2565.120000000001,TREBGAA128E078FC52,Erykah Badu - I Want You,1564.7350000000001,TRWSYHO128F4282346,Twista - I'm A Winner (Amended Album Version),1549.27,TRIJVMA128F427F37E,RIDDLIN' KIDS - Ship Jumper,0.6266795042970397,TRBAQPR128F92F4AB0,The Wonder Years - Dude_ What Is a Land Pirate?,0.6205517855389123,TRIKPWO128F4265FA9,Harry Connick_ Jr. - We Are In Love,0.6146350709181185,TRBAQPR128F92F4AB0,The Wonder Years - Dude_ What Is a Land Pirate?,0.636663868729615,TRIJVMA128F427F37E,RIDDLIN' KIDS - Ship Jumper,0.6354443948563383,TRFUNRS128F9346BF4,Tony Sly - On the Outside,0.6318878355032662,TRFUJVJ128F426F2A2,Lauryn Hill - Interlude 5,145.41776012624743,TRFFJLM128F148BCEF,Momus - Closer To You,127.95992398353327,TRKWRJT128F42BC234,Jessica Simpson - The Lover In Me,127.44539119781932,TRKWRJT128F42BC234,Jessica Simpson - The Lover In Me,107.23055882888058,TRMGOLR128F933A7DB,Rise Against - Survive,86.22639310263041,TRAILGJ128F1485985,Ima Robot - Lovers In Captivity,84.08972262341752,TRIBHLE128F933D581,Buck-O-Nine - Pass The Dutchie,0.4377010164810819,TRKWRJT128F42BC234,Jessica Simpson - The Lover In Me,0.2969454133775439,TRAILGJ128F1485985,Ima Robot - Lovers In Captivity,0.27392085003994593,TRIBHLE128F933D581,Buck-O-Nine - Pass The Dutchie,0.4606872902089256,TRKWRJT128F42BC234,Jessica Simpson - The Lover In Me,0.33412507338743963,TRAILGJ128F1485985,Ima Robot - Lovers In Captivity,0.3165024596205422
TRDHPGJ128F4289C44,SOESBMW12A8AE48210,AR8V1X71187B9B919B,Kylie Minogue,Love At First Sight (The Scumfrog's Beauty And The Beast Vocal Edit),electronic,TRFUJVJ128F426F2A2,Lauryn Hill - Interlude 5,4574.0,TRWSYHO128F4282346,Twista - I'm A Winner (Amended Album Version),3212.0,TRDPGXU128F9339C2A,Beastie Boys - B-Boy Bouillabaisse: A.W.O.L. (2009 Digital Remaster),3103.0,TRFUJVJ128F426F2A2,Lauryn Hill - Interlude 5,4102.96,TRWSYHO128F4282346,Twista - I'm A Winner (Amended Album Version),2904.16,TRDPGXU128F9339C2A,Beastie Boys - B-Boy Bouillabaisse: A.W.O.L. (2009 Digital Remaster),2709.080000000001,TRQRKOW128F42BC127,Neil Diamond - Delirious Love,0.5979906907297182,TRGXIWD128F1464482,Bonnie Raitt - Hear Me Lord,0.5825957330051743,TRVOIPE128F149C472,Smokey Robinson - Cruisin',0.5816239727435734,TRQRKOW128F42BC127,Neil Diamond - Delirious Love,0.6164540227043704,TRGXIWD128F1464482,Bonnie Raitt - Hear Me Lord,0.6009380536653515,TRVOIPE128F149C472,Smokey Robinson - Cruisin',0.5990691303805199,TRFUJVJ128F426F2A2,Lauryn Hill - Interlude 5,275.4736481809744,TRGHYGG12903CAC100,R. Kelly - Kickin' It With Your Girlfriend,222.60356888886525,TRTCOWO128F930C444,The Streets - Weak Become Heroes,212.79121977806605,TRGHYGG12903CAC100,R. Kelly - Kickin' It With Your Girlfriend,167.9647798852433,TRNDNKN12903CC8A4C,Dean Martin - Kiss,154.92392650304615,TRUFCYN128F93385FE,Tammy Wynette - I Believe,140.33157859630006,TRAAJJW128F4298683,JayMay - You Are The Only One I Love,0.31496951404939894,TRUFCYN128F93385FE,Tammy Wynette - I Believe,0.29444602202971,TRNDNKN12903CC8A4C,Dean Martin - Kiss,0.27263275225607575,TRAAJJW128F4298683,JayMay - You Are The Only One I Love,0.35215925714388696,TRUFCYN128F93385FE,Tammy Wynette - I Believe,0.33596741439906397,TRNDNKN12903CC8A4C,Dean Martin - Kiss,0.32017598393085234
TRFSQXF128F9311B25,SOCHMTD1288D3E7D9D,ARVKJGO12086C15075,LMFAO,I Am Not A Whore,electronic,TRCHZXW128E079288A,Eminem - 8 Mile,5184.0,TRXHFMI128F429B2F2,Rufio - Over It (Acoustic),4802.0,TRDPGXU128F9339C2A,Beastie Boys - B-Boy Bouillabaisse: A.W.O.L. (2009 Digital Remaster),4730.0,TRCHZXW128E079288A,Eminem - 8 Mile,5012.135,TRXHFMI128F429B2F2,Rufio - Over It (Acoustic),4709.684999999993,TRKLJAG128F42B31CF,Mario Vazquez - Everytime I...,4608.750000000012,TRLFWOJ12903CC6976,Phosphorescent - Not A Heel,0.8576282426995433,TREHMYJ128F42BA1E6,Björk - Hunter,0.8558602835677489,TRGAGNZ128F42712C3,Room Eleven - Bitch,0.8534008405706078,TRLFWOJ12903CC6976,Phosphorescent - Not A Heel,0.8594093108896051,TREHMYJ128F42BA1E6,Björk - Hunter,0.8576710520204935,TRGAGNZ128F42712C3,Room Eleven - Bitch,0.8550069600086608,TRCHZXW128E079288A,Eminem - 8 Mile,131.0053250601043,TRFUJVJ128F426F2A2,Lauryn Hill - Interlude 5,99.85494803898675,TRDPGXU128F9339C2A,Beastie Boys - B-Boy Bouillabaisse: A.W.O.L. (2009 Digital Remaster),98.74180590237066,TRCHZXW128E079288A,Eminem - 8 Mile,82.11241263962296,TRAWCKU128F14771C0,Obie Trice - Hoodrats,68.14001641982897,TRYEUVV128F4295246,Tamia - Mr. Cool (Featuring Mario Winans) (Album Version),66.41330560946838,TRNJOQU12903D0EE0E,Merle Haggard - Love Me Tender,0.31854017313493466,TRYEUVV128F4295246,Tamia - Mr. Cool (Featuring Mario Winans) (Album Version),0.3100672673663265,TRMEUKT128F4263312,Jay-Jay Johanson - Rush,0.30221547068228255,TRNJOQU12903D0EE0E,Merle Haggard - Love Me Tender,0.3478558136228048,TRYEUVV128F4295246,Tamia - Mr. Cool (Featuring Mario Winans) (Album Version),0.3451378736309952,TRMEUKT128F4263312,Jay-Jay Johanson - Rush,0.3411187295666945
TRXACXM12903CEC365,SOEFTYS129F06C1DEB,ARPD2KK1187B9B8B98,Cascada,Fever,electronic,TRBVPVV128F425F14F,Daft Punk - Touch It / Technologic,5679.0,TRWSYHO128F4282346,Twista - I'm A Winner (Amended Album Version),5491.0,TRGUCIR128F933D817,Vanilla Ice - Ice Is Workin' It,5158.0,TRBVPVV128F425F14F,Daft Punk - Touch It / Technologic,5452.410000000003,TRWSYHO128F4282346,Twista - I'm A Winner (Amended Album Version),5115.82,TRGUCIR128F933D817,Vanilla Ice - Ice Is Workin' It,4886.560000000001,TRDLQGL128F1458AA5,Devo - Whip It,0.658180962441461,TRJIDCS128F4255289,The Plasmatics - Corruption,0.6498733519758843,TRXNFZG12903CAC9D9,Uriah Heep - Save It,0.6492831485413465,TRDLQGL128F1458AA5,Devo - Whip It,0.666852218837513,TRXNFZG12903CAC9D9,Uriah Heep - Save It,0.6596086700523046,TRAMJWO128EF343C19,Sarah Connor - French Kissing,0.6588063430184941,TRFUJVJ128F426F2A2,Lauryn Hill - Interlude 5,239.16003148358706,TRDPGXU128F9339C2A,Beastie Boys - B-Boy Bouillabaisse: A.W.O.L. (2009 Digital Remaster),234.7793456424503,TRCHZXW128E079288A,Eminem - 8 Mile,216.2760587803248,TRQAWKR128F425EEC3,Michael Jackson - Man In The Mirror,140.53619958239852,TRQTPZY128F92F37F9,Eric Carmen - Make Me Lose Control,139.5919232729618,TRJZJLP128F1456AE0,Chanté Moore - Better Than Making Love,136.44870849272536,TRJZJLP128F1456AE0,Chanté Moore - Better Than Making Love,0.35206835168652895,TRYOULH128F425FBF3,Rick James - Call Me Up,0.3388907644399939,TRSRIFV128F92E0C06,Batmobile - Kiss me now,0.33711872612507277,TRJZJLP128F1456AE0,Chanté Moore - Better Than Making Love,0.3921186844704686,TRYOULH128F425FBF3,Rick James - Call Me Up,0.37947079382057947,TRSRIFV128F92E0C06,Batmobile - Kiss me now,0.3764947393688859
TRWWVGC12903CB5C50,SOBSJQH12AB01876C3,AR6LZB61187B9AF431,Depeche Mode,Freestate,electronic,TRLCWTH128F92C7F82,Marques Houston - Cancel (Album Version),1426.0,TRCDMRL12903CB105C,Fatboy Slim - Acid 8000,1375.0,TRGLNKG128F9307689,Eminem - My Darling,1059.0,TRLCWTH128F92C7F82,Marques Houston - Cancel (Album Version),1368.3849999999998,TRCDMRL12903CB105C,Fatboy Slim - Acid 8000,1339.235,TRUEPSG128F149639E,Stevie Wonder - All Day Sucker,979.5799999999999,TRCVXLC128F4233F8E,Damn Yankees - Firefly (LP Version),0.5771870902534969,TRLCWTH128F92C7F82,Marques Houston - Cancel (Album Version),0.5693732708733618,TRDOVAF128F93112F7,Animal Collective - Brother Sport,0.5593264021266142,TRCVXLC128F4233F8E,Damn Yankees - Firefly (LP Version),0.590293211050988,TRLCWTH128F92C7F82,Marques Houston - Cancel (Album Version),0.5794378650979687,TRBKKDM128F1482B85,Natalie Merchant - Saint Judas (LP Version),0.572026772174609,TROVSGS128F4274CEE,Aceyalone - Mr. Outsider,127.62049683095827,TRQAWKR128F425EEC3,Michael Jackson - Man In The Mirror,121.16608010207747,TRFUJVJ128F426F2A2,Lauryn Hill - Interlude 5,111.89103886530515,TRBSKJC12903CF3C64,Ella Fitzgerald - Let Yourself Go,96.02140199358456,TRPSKLI128F425E42C,tobyMac - Get This Party Started: Ghost Remix,87.70677899651437,TRYRGJV128F42690CC,The Jacksons - Enjoy Yourself,87.30102338034982,TRBSKJC12903CF3C64,Ella Fitzgerald - Let Yourself Go,0.4276677869765272,TRMIVIX128F42731D4,Beverley Craven - Phoenix From The Fire,0.3267888455353852,TRYRGJV128F42690CC,The Jacksons - Enjoy Yourself,0.3139678461283739,TRBSKJC12903CF3C64,Ella Fitzgerald - Let Yourself Go,0.44948175367934534,TRMIVIX128F42731D4,Beverley Craven - Phoenix From The Fire,0.35782039434616286,TRYRGJV128F42690CC,The Jacksons - Enjoy Yourself,0.34349408838386225
TRYIJWH128F146948C,SOXZUAV12A6310F21A,AR6LZB61187B9AF431,Depeche Mode,Personal Jesus,electronic,TRFUJVJ128F426F2A2,Lauryn Hill - Interlude 5,2846.0,TRGLNKG128F9307689,Eminem - My Darling,2012.0,TRDPGXU128F9339C2A,Beastie Boys - B-Boy Bouillabaisse: A.W.O.L. (2009 Digital Remaster),1960.0,TRFUJVJ128F426F2A2,Lauryn Hill - Interlude 5,2595.7600000000007,TRGLNKG128F9307689,Eminem - My Darling,1858.8300000000004,TRDPGXU128F9339C2A,Beastie Boys - B-Boy Bouillabaisse: A.W.O.L. (2009 Digital Remaster),1750.7300000000007,TRUYEQB128F930F787,Lollipop Lust Kill - Personal Jesus,0.9556725161526004,TRKAIPI128C719636E,Blackalicious - Just What Can Happen,0.5727308994552003,TROJYOU12903CBD2A8,Martin Jondo - Hold You,0.5218987340759398,TRUYEQB128F930F787,Lollipop Lust Kill - Personal Jesus,0.9567355016832566,TRKAIPI128C719636E,Blackalicious - Just What Can Happen,0.5862709205077544,TROJYOU12903CBD2A8,Martin Jondo - Hold You,0.538524382315772,TRUYEQB128F930F787,Lollipop Lust Kill - Personal Jesus,380.04131267677946,TRIBUHS128E07865A3,Aretha Franklin - Reach Out And Touch (Live @ Fillmore West),136.95508324849544,TRQWDRK128F4241A32,Twista - Overdose (Album Version),120.95932721551331,TRUYEQB128F930F787,Lollipop Lust Kill - Personal Jesus,368.48859749602195,TRIBUHS128E07865A3,Aretha Franklin - Reach Out And Touch (Live @ Fillmore West),122.35775388375815,TRNLIIR128F146F829,Tina Turner - Talk To My Heart (Recorded Live In London '99),100.69387455468491,TRUYEQB128F930F787,Lollipop Lust Kill - Personal Jesus,0.9379098186577339,TRLXWYX128F426C74C,UnsraW - -9-,0.33912524563703794,TRIBUHS128E07865A3,Aretha Franklin - Reach Out And Touch (Live @ Fillmore West),0.3184344927771633,TRUYEQB128F930F787,Lollipop Lust Kill - Personal Jesus,0.93941902608718,TRLXWYX128F426C74C,UnsraW - -9-,0.3492553067000145,TRIBUHS128E07865A3,Aretha Franklin - Reach Out And Touch (Live @ Fillmore West),0.34240930257453567
TRDIAZY12903CB6532,SOWUJPS12AB018ACA8,ARAXU5Z1187B98FECD,Gorillaz,Broken,electronic,TRFUJVJ128F426F2A2,Lauryn Hill - Interlude 5,1744.0,TRDPGXU128F9339C2A,Beastie Boys - B-Boy Bouillabaisse: A.W.O.L. (2009 Digital Remaster),1294.0,TRWSYHO128F4282346,Twista - I'm A Winner (Amended Album Version),1283.0,TRFUJVJ128F426F2A2,Lauryn Hill - Interlude 5,1501.1200000000003,TRWSYHO128F4282346,Twista - I'm A Winner (Amended Album Version),1124.2700000000004,TRDPGXU128F9339C2A,Beastie Boys - B-Boy Bouillabaisse: A.W.O.L. (2009 Digital Remaster),1090.8849999999998,TRRKJTN128F1464EDD,Erasure - The Circus,0.45928913077505223,TRWZWOX128F935A084,Sean Kingston - Magical,0.4581981702050696,TRGAEVY128F428BEF6,Bad Religion - Operation Rescue,0.4484141269558652,TRRKJTN128F1464EDD,Erasure - The Circus,0.4823046022550818,TRWZWOX128F935A084,Sean Kingston - Magical,0.4778119969101455,TRGAEVY128F428BEF6,Bad Religion - Operation Rescue,0.4722981058001945,TRLDRYJ128F930BBB4,Pain of Salvation - Spitfall,177.77718170976814,TRDPGXU128F9339C2A,Beastie Boys - B-Boy Bouillabaisse: A.W.O.L. (2009 Digital Remaster),167.16972425110708,TRDUSIG12903CA5FCB,Savatage - The Hourglass,164.1995886209841,TRLDRYJ128F930BBB4,Pain of Salvation - Spitfall,124.11343041453212,TRIGRBJ128F1490099,the bird and the bee - I'm a Broken Heart,107.03976424261417,TRMIFQQ128F9338145,Kenny Lattimore - Forgiveness,102.54736430882214,TRIGRBJ128F1490099,the bird and the bee - I'm a Broken Heart,0.3556823019620803,TRZMUFC128F931AF8E,The Miracles - Broken Hearted,0.331966490393365,TRYJFOZ12903CDCBD8,Kingston Falls - The Weak Shall Prevail,0.31667780451363287,TRIGRBJ128F1490099,the bird and the bee - I'm a Broken Heart,0.3825200966801381,TRZMUFC128F931AF8E,The Miracles - Broken Hearted,0.3646538893197652,TRMIFQQ128F9338145,Kenny Lattimore - Forgiveness,0.3535806019585915
TRTUJAL128F423E18D,SOGNWLL12AF72AAA61,ARAXU5Z1187B98FECD,Gorillaz,Kids With Guns (Quiet Village Remix),electronic,TRBVPVV128F425F14F,Daft Punk - Touch It / Technologic,6595.0,TRGUCIR128F933D817,Vanilla Ice - Ice Is Workin' It,5509.0,TRYUJAX12903CF14E7,Charley Patton - Shake It And Break It,3836.0,TRBVPVV128F425F14F,Daft Punk - Touch It / Technologic,6442.487500000005,TRGUCIR128F933D817,Vanilla Ice - Ice Is Workin' It,5326.299999999999,TRYUJAX12903CF14E7,Charley Patton - Shake It And Break It,3723.650000000002,TRBVPVV128F425F14F,Daft Punk - Touch It / Technologic,0.7012722158831243,TRFRZVN128F92FA34F,The Specials - Doesn't Make It Alright,0.6553017338529186,TRDLQGL128F1458AA5,Devo - Whip It,0.6496500809905,TRBVPVV128F425F14F,Daft Punk - Touch It / Technologic,0.706104038330947,TRFRZVN128F92FA34F,The Specials - Doesn't Make It Alright,0.6607096038317538,TRDLQGL128F1458AA5,Devo - Whip It,0.6556942447870098,TRYNUGI128F4298F1C,Gorillaz - Kids With Guns (Jamie T's Turns To Monsters Mix),293.6547151476459,TRFUJVJ128F426F2A2,Lauryn Hill - Interlude 5,204.41340613238597,TRYIIPJ128F1456B3A,KeKe Wyatt - Push Me Away,189.56821956593234,TRYNUGI128F4298F1C,Gorillaz - Kids With Guns (Jamie T's Turns To Monsters Mix),253.4054812267213,TRYIIPJ128F1456B3A,KeKe Wyatt - Push Me Away,164.82334722688807,TRJADED128E078FB2A,Lost Boyz - Keep It Real,120.49603187157855,TRYNUGI128F4298F1C,Gorillaz - Kids With Guns (Jamie T's Turns To Monsters Mix),0.3977771521865394,TRVPKBN128F424D72C,Lower Definition - To Satellite,0.27633101030597473,TRYIIPJ128F1456B3A,KeKe Wyatt - Push Me Away,0.27145226174714693,TRYNUGI128F4298F1C,Gorillaz - Kids With Guns (Jamie T's Turns To Monsters Mix),0.4244911011041734,TRVPKBN128F424D72C,Lower Definition - To Satellite,0.30561339816805494,TRYIIPJ128F1456B3A,KeKe Wyatt - Push Me Away,0.29900078227634724
TRBTXNE12903CB6528,SOCMRWF12AB018AC92,ARAXU5Z1187B98FECD,Gorillaz,Rhinestone Eyes,electronic,TRFUJVJ128F426F2A2,Lauryn Hill - Interlude 5,2670.0,TRDPGXU128F9339C2A,Beastie Boys - B-Boy Bouillabaisse: A.W.O.L. (2009 Digital Remaster),2212.0,TRFLWJZ128F425C9E4,The Pharcyde - Otha Fish,1948.0,TRFUJVJ128F426F2A2,Lauryn Hill - Interlude 5,2314.8799999999997,TRDPGXU128F9339C2A,Beastie Boys - B-Boy Bouillabaisse: A.W.O.L. (2009 Digital Remaster),1915.0212500000002,TRFLWJZ128F425C9E4,The Pharcyde - Otha Fish,1763.44375,TRTMQWK128F4241384,Kottonmouth Kings - Bump,0.5849977751029996,TRLSQAR128F4263CBC,A Tribe Called Quest - Peace_ Prosperity & Paper,0.5839860179193003,TRXWSOU128F42662B0,Above The Law - Flow On (Move Me No Mountain),0.5766482991474781,TRLSQAR128F4263CBC,A Tribe Called Quest - Peace_ Prosperity & Paper,0.6151066731770107,TRTMQWK128F4241384,Kottonmouth Kings - Bump,0.6122319443189098,TRXWSOU128F42662B0,Above The Law - Flow On (Move Me No Mountain),0.6092094824177163,TRFUJVJ128F426F2A2,Lauryn Hill - Interlude 5,211.93394754701947,TRDPGXU128F9339C2A,Beastie Boys - B-Boy Bouillabaisse: A.W.O.L. (2009 Digital Remaster),181.89601421132,TRYGIAU128F425C148,Talib Kweli - Beautiful Struggle,175.48420901661416,TRMCMCM128F427C38B,Dreams Come True - Dandelion Hill,122.16486989158086,TRPUYZW128C719638F,Common - Soul Power,113.206634495375,TRYGIAU128F425C148,Talib Kweli - Beautiful Struggle,110.03767118139199,TRMCMCM128F427C38B,Dreams Come True - Dandelion Hill,0.28262851522442617,TRTGQPF128F429508F,Goldfinger - 99 Red Balloons,0.26767819906347956,TRZOOGX128F42AD931,Roy Orbison - California Blue,0.24821366784460183,TRMCMCM128F427C38B,Dreams Come True - Dandelion Hill,0.34249929346729413,TRTGQPF128F429508F,Goldfinger - 99 Red Balloons,0.32573883458149483,TRPUYZW128C719638F,Common - Soul Power,0.30332739141015613
TRKQRSQ128F92D5134,SOTTAJB12A8C142C18,AR4L4WQ1187FB51996,The Prodigy,Invaders Must Die,electronic,TREENUC12903CBE042,Fler - NDW 2005,420.0,TRJTYVS128F9354DB0,ARRESTED DEVELOPMENT - Stand,390.0,TRDTODK128F1458778,UB40 - The Earth Dies Screaming,308.0,TREENUC12903CBE042,Fler - NDW 2005,411.03,TRJTYVS128F9354DB0,ARRESTED DEVELOPMENT - Stand,383.9100000000002,TRDTODK128F1458778,UB40 - The Earth Dies Screaming,303.68000000000063,TRJUTIP128F4291F98,PeterLicht - Popkultur / Meide,0.5327178845109591,TRWXYBL128F424CFF9,Jungle Rot - Immersed In Pain,0.4856317986201875,TRRQZDE128F931AC02,Mylène Farmer - We'll Never Die,0.47887097142309876,TRJUTIP128F4291F98,PeterLicht - Popkultur / Meide,0.534686377234948,TRWXYBL128F424CFF9,Jungle Rot - Immersed In Pain,0.48780783917080295,TRRQZDE128F931AC02,Mylène Farmer - We'll Never Die,0.4816192562600812,TRDTODK128F1458778,UB40 - The Earth Dies Screaming,66.69748153327708,TRLBPSP128C719660D,Grace Jones - Nipple To The Bottle,66.47623233293108,TRCEIDF128F1452C5F,Floetry - I'll Die,61.71497280631587,TRDTODK128F1458778,UB40 - The Earth Dies Screaming,65.02628884620607,TRLBPSP128C719660D,Grace Jones - Nipple To The Bottle,64.01902024896901,TRCEIDF128F1452C5F,Floetry - I'll Die,57.90547963794284,TROVKZW128F427CA18,The Beautiful Mistake - Stavesail,0.3587952953209347,TRLBPSP128C719660D,Grace Jones - Nipple To The Bottle,0.35609575370140156,TRDTODK128F1458778,UB40 - The Earth Dies Screaming,0.3526130310524268,TROVKZW128F427CA18,The Beautiful Mistake - Stavesail,0.3626264430535606,TRLBPSP128C719660D,Grace Jones - Nipple To The Bottle,0.3590613390561848,TRDTODK128F1458778,UB40 - The Earth Dies Screaming,0.35664074518968136
TRBFVAA128F423C356,SOCWAFA12A8AE48A78,AR4L4WQ1187FB51996,The Prodigy,Wake Up Call (Album Version),electronic,TRFUJVJ128F426F2A2,Lauryn Hill - Interlude 5,777.0,TRWSYHO128F4282346,Twista - I'm A Winner (Amended Album Version),641.0,TRHGZOJ128F14A2ED0,The Simpsons - Do The Bartman,553.0,TRFUJVJ128F426F2A2,Lauryn Hill - Interlude 5,707.0800000000002,TRWSYHO128F4282346,Twista - I'm A Winner (Amended Album Version),595.3050000000001,TRHGZOJ128F14A2ED0,The Simpsons - Do The Bartman,515.2849999999997,TRJFWGH128F42359FE,Marissa Nadler - Undertaker,0.5534850779073077,TREKOGX128E07919DD,Trisha Yearwood - Come Back When It Ain't Rainin',0.5247829463286902,TRRXXQS128F14B027B,Black Box - Strike It Up,0.5048330364924174,TRJFWGH128F42359FE,Marissa Nadler - Undertaker,0.5655267117210215,TREKOGX128E07919DD,Trisha Yearwood - Come Back When It Ain't Rainin',0.5364768537952223,TRONWWI128EF354F4B,DJ Quik - Put It On Me,0.5190370341141012,TRJAZRW12903CAFA01,Fatboy Slim - Right Here Right Now,66.53728136644654,TRNQSWR128EF34375F,Haste The Day - Chorus Of Angels,61.29516466563742,TRFUJVJ128F426F2A2,Lauryn Hill - Interlude 5,60.4649154214116,TRJAZRW12903CAFA01,Fatboy Slim - Right Here Right Now,64.70893317030723,TRNQSWR128EF34375F,Haste The Day - Chorus Of Angels,55.41810711546272,TRQTVXU128F930C659,Switchblade Symphony - Therapy,51.3735536312353,TRJAZRW12903CAFA01,Fatboy Slim - Right Here Right Now,0.43422917615953954,TRESEJT128F4271B69,Little Big Town - From This Dream,0.43350032030190633,TRQTVXU128F930C659,Switchblade Symphony - Therapy,0.3650243899379729,TRESEJT128F4271B69,Little Big Town - From This Dream,0.4465651466004284,TRJAZRW12903CAFA01,Fatboy Slim - Right Here Right Now,0.4409438124277464,TRQTVXU128F930C659,Switchblade Symphony - Therapy,0.38061242939014545
TRFSCLD12903CD213F,SOENGNL12AB018E1BD,AR4L4WQ1187FB51996,The Prodigy,We Gonna Rock,electronic,TRCXMEY12903CD1FB6,Apollo 440 - Stop The Rock,5616.0,TRCETEN128F42AD6D0,Bowling For Soup - Here We Go,5217.0,TREXCMT128F933D825,Vanilla Ice - It's A Party,4548.0,TRCXMEY12903CD1FB6,Apollo 440 - Stop The Rock,5519.100000000001,TRCETEN128F42AD6D0,Bowling For Soup - Here We Go,5084.760000000001,TREXCMT128F933D825,Vanilla Ice - It's A Party,4291.88,TREBBJP128F4275C4D,The B-52s - Rock Lobster (Live),0.527407233509382,TRNKIVH128F421D429,Charlie Robison - Good Times,0.47977002212269554,TRTSGEL128EF34F8BA,Ferlin Husky - Convoy,0.47322679039582005,TREBBJP128F4275C4D,The B-52s - Rock Lobster (Live),0.5313037291440534,TRNKIVH128F421D429,Charlie Robison - Good Times,0.48373375565738,TRTSGEL128EF34F8BA,Ferlin Husky - Convoy,0.4750964702244586,TRRXEOI12903CE22D0,The Foreign Exchange - The Answer,189.035316771614,TRAMTEH128F930D496,Bob Marley & The Wailers - Baby We've Got A Date (Rock It Baby),180.002538242739,TRCXMEY12903CD1FB6,Apollo 440 - Stop The Rock,177.66371131891302,TRCXMEY12903CD1FB6,Apollo 440 - Stop The Rock,173.66925397909014,TRAMTEH128F930D496,Bob Marley & The Wailers - Baby We've Got A Date (Rock It Baby),173.46903155139026,TRRXEOI12903CE22D0,The Foreign Exchange - The Answer,172.19658789824933,TRCXMEY12903CD1FB6,Apollo 440 - Stop The Rock,0.4458328497067617,TREBBJP128F4275C4D,The B-52s - Rock Lobster (Live),0.4360719078708826,TRAMTEH128F930D496,Bob Marley & The Wailers - Baby We've Got A Date (Rock It Baby),0.4041936867704393,TRCXMEY12903CD1FB6,Apollo 440 - Stop The Rock,0.45110282764449916,TREBBJP128F4275C4D,The B-52s - Rock Lobster (Live),0.442294757135648,TRAMTEH128F930D496,Bob Marley & The Wailers - Baby We've Got A Date (Rock It Baby),0.41114532763898065
TRZTQEP128E0792526,SOYMEOT12A6701DE9A,ARK9TRQ1187B99C095,Nine Inch Nails,The Great Collapse,electronic,TRFUJVJ128F426F2A2,Lauryn Hill - Interlude 5,1597.0,TRGUCIR128F933D817,Vanilla Ice - Ice Is Workin' It,1109.0,TRBVPVV128F425F14F,Daft Punk - Touch It / Technologic,1086.0,TRFUJVJ128F426F2A2,Lauryn Hill - Interlude 5,1492.1200000000003,TRGUCIR128F933D817,Vanilla Ice - Ice Is Workin' It,1059.4100000000003,TRBVPVV128F425F14F,Daft Punk - Touch It / Technologic,1044.60375,TRUUAMI128F93438D4,Dillinger Four - A Floater Left With Pleasure In The Executive Washroom.,0.584168308826939,TRARHON128F4260D95,Time Again - Day Like This,0.5678809889455803,TRDJFEZ128F932AAEE,Agonoize - C.O.A.,0.5574882644141822,TRUUAMI128F93438D4,Dillinger Four - A Floater Left With Pleasure In The Executive Washroom.,0.5900304305670155,TRARHON128F4260D95,Time Again - Day Like This,0.5743497742760909,TRDJFEZ128F932AAEE,Agonoize - C.O.A.,0.5625056747804826,TRRMFXK128F14841FD,Gyptian - Take My Money,63.21509600329282,TRVMQYN128F14584C9,Gary Moore - That Kind Of Woman,58.09105971709026,TRKDVDN128E078E77F,B.B. King - Ain't That Just Like A Woman,53.297716107622286,TRRMFXK128F14841FD,Gyptian - Take My Money,56.38755872232482,TRVMQYN128F14584C9,Gary Moore - That Kind Of Woman,54.63953627304168,TRKDVDN128E078E77F,B.B. King - Ain't That Just Like A Woman,50.1288148136709,TRFEGGQ128E07898AA,Etta James - W.O.M.A.N.,0.40433692360692985,TRKDVDN128E078E77F,B.B. King - Ain't That Just Like A Woman,0.38568031832582356,TRPUKOY128F42AC976,Bette Midler - I'm A Woman,0.38442494683426764,TRFEGGQ128E07898AA,Etta James - W.O.M.A.N.,0.4136833020132849,TRKDVDN128E078E77F,B.B. King - Ain't That Just Like A Woman,0.3960260237739651,TRPUKOY128F42AC976,Bette Midler - I'm A Woman,0.39479681622085394
TRLTFVP128E0782B34,SOITPXC12A6310E0DA,AR9L6R11187B9AA3F2,Duran Duran,Electric Barbarella (Radio Edit),electronic,TRFUJVJ128F426F2A2,Lauryn Hill - Interlude 5,4025.0,TRWSYHO128F4282346,Twista - I'm A Winner (Amended Album Version),3075.0,TRDPGXU128F9339C2A,Beastie Boys - B-Boy Bouillabaisse: A.W.O.L. (2009 Digital Remaster),2731.0,TRFUJVJ128F426F2A2,Lauryn Hill - Interlude 5,3752.6799999999994,TRWSYHO128F4282346,Twista - I'm A Winner (Amended Album Version),2897.0299999999997,TRDPGXU128F9339C2A,Beastie Boys - B-Boy Bouillabaisse: A.W.O.L. (2009 Digital Remaster),2503.2650000000003,TRDKUSZ12903CF188B,The Antlers - Epilogue,0.7478695192864804,TRDZHMB128F14925BA,Marissa Nadler - Famous Blue Raincoat,0.7292397946188028,TRWFHUB128F1476AFB,Small Sins - She's The Source,0.7290728805281577,TRDKUSZ12903CF188B,The Antlers - Epilogue,0.7587906862592929,TRDZHMB128F14925BA,Marissa Nadler - Famous Blue Raincoat,0.7413997674492591,TRJIQFW128F428DE49,7L & Esoteric - Boxcutter Rap,0.740232121292283,TRFUJVJ128F426F2A2,Lauryn Hill - Interlude 5,172.60310317316765,TRDPGXU128F9339C2A,Beastie Boys - B-Boy Bouillabaisse: A.W.O.L. (2009 Digital Remaster),158.91219985293338,TRFPSCB128F4294AF9,Lisa Stansfield - Time To Make You Mine,136.7216418877903,TRFPSCB128F4294AF9,Lisa Stansfield - Time To Make You Mine,112.68198316314405,TRNDNKN12903CC8A4C,Dean Martin - Kiss,98.19469502874921,TRFHVTT12903CF7CD9,Sara Evans - A Real Fine Place To Start,88.56824510337835,TRFPSCB128F4294AF9,Lisa Stansfield - Time To Make You Mine,0.2926685799942582,TRMRAFF128F92FB7D1,Little Walter - You're So Fine,0.2886668952808165,TRFHVTT12903CF7CD9,Sara Evans - A Real Fine Place To Start,0.2746420167126039,TRFPSCB128F4294AF9,Lisa Stansfield - Time To Make You Mine,0.33421830898413857,TRMRAFF128F92FB7D1,Little Walter - You're So Fine,0.3266321021927309,TRFHVTT12903CF7CD9,Sara Evans - A Real Fine Place To Start,0.32074741980256594
TRFVWXW128F931A0E9,SOPERLI129F0824AA5,ARAOQ5T1187FB435AB,Björk,Pluto,electronic,TRCHZXW128E079288A,Eminem - 8 Mile,494.0,TRFUJVJ128F426F2A2,Lauryn Hill - Interlude 5,465.0,TRDPGXU128F9339C2A,Beastie Boys - B-Boy Bouillabaisse: A.W.O.L. (2009 Digital Remaster),416.0,TRCHZXW128E079288A,Eminem - 8 Mile,461.48499999999996,TRFUJVJ128F426F2A2,Lauryn Hill - Interlude 5,413.47999999999996,TRKLJAG128F42B31CF,Mario Vazquez - Everytime I...,386.2500000000007,TRHKSPQ12903D09F7E,Fear My Thoughts - Wasteland,0.5476552289852937,TRLSNDQ128F4266BD7,Incubus - Pardon Me,0.5251614858386782,TRRMOUK128F4281975,Basia Bulat - Birds Of Paradise,0.5123571601648271,TRHKSPQ12903D09F7E,Fear My Thoughts - Wasteland,0.5566522713077471,TRLSNDQ128F4266BD7,Incubus - Pardon Me,0.5346991212454282,TRRMOUK128F4281975,Basia Bulat - Birds Of Paradise,0.5230191827264211,TRKRVKD128F9327008,Hollywood Undead - Undead,52.81882331866292,TRCHZXW128E079288A,Eminem - 8 Mile,49.71297668748816,TRFUJVJ128F426F2A2,Lauryn Hill - Interlude 5,49.2640818184852,TRMHIXI12903CD1D4A,Madness - Tomorrow's Just Another Day,41.47125179459953,TRKRVKD128F9327008,Hollywood Undead - Undead,41.000235299081965,TRPWBRV128F148D659,Marilyn Manson - This Is The New Shit,39.6277679699089,TRSDNUX128F4289140,Amel Larrieux - i like the sunrise,0.29129890932998403,TRLTQIL128F9339362,U.S. Bombs - All The Bodies,0.2863536719079965,TRTWTCE128F4263D6F,De-Phazz - Wait,0.2810389917891571,TRSDNUX128F4289140,Amel Larrieux - i like the sunrise,0.30550308404555837,TRLTQIL128F9339362,U.S. Bombs - All The Bodies,0.2976694632831061,TRTWTCE128F4263D6F,De-Phazz - Wait,0.2970687618940029
TRKQQMW128F92D54DF,SOMXUUY12A8C141D38,ARD063K11C8A422ED7,Empire Of The Sun,Delta Bay,electronic,TRFLWJZ128F425C9E4,The Pharcyde - Otha Fish,1518.0,TRDPGXU128F9339C2A,Beastie Boys - B-Boy Bouillabaisse: A.W.O.L. (2009 Digital Remaster),1437.0,TRWSYHO128F4282346,Twista - I'm A Winner (Amended Album Version),1404.0,TRFLWJZ128F425C9E4,The Pharcyde - Otha Fish,1383.1687500000016,TRWSYHO128F4282346,Twista - I'm A Winner (Amended Album Version),1234.4474999999998,TRDPGXU128F9339C2A,Beastie Boys - B-Boy Bouillabaisse: A.W.O.L. (2009 Digital Remaster),1220.03625,TRDZATL128F4260FFB,Memphis Minnie - Down In The Alley,0.5411379504774829,TRCQNWN128F92EA07D,Wu-Tang Clan - The What,0.4868686956592924,TRPCRIV12903CD6882,Thursday - Unintended Long Term Effects,0.4793278095282874,TRDZATL128F4260FFB,Memphis Minnie - Down In The Alley,0.5580896364022438,TRCQNWN128F92EA07D,Wu-Tang Clan - The What,0.5145079969904688,TRPCRIV12903CD6882,Thursday - Unintended Long Term Effects,0.49927693761814484,TRDPGXU128F9339C2A,Beastie Boys - B-Boy Bouillabaisse: A.W.O.L. (2009 Digital Remaster),238.83333763928732,TRFUJVJ128F426F2A2,Lauryn Hill - Interlude 5,165.4029368471469,TRYHHPK128F42A4CAF,Murs - The Dance,158.8138525845525,TRDPGXU128F9339C2A,Beastie Boys - B-Boy Bouillabaisse: A.W.O.L. (2009 Digital Remaster),116.10994632117045,TRAQYXB128F92EC315,George Jones - Who Shot Sam,106.81964231699511,TRAZOBA128F9303210,Fiddler's Green - Shot In The Dark,100.9993727711595,TRAQYXB128F92EC315,George Jones - Who Shot Sam,0.2768341133611811,TRGWLHC128F9305F3D,Roy Buchanan - The Messiah Will Come Again,0.25720452254576276,TRAZOBA128F9303210,Fiddler's Green - Shot In The Dark,0.23019316148019198,TRAQYXB128F92EC315,George Jones - Who Shot Sam,0.31281904134940375,TRGWLHC128F9305F3D,Roy Buchanan - The Messiah Will Come Again,0.29250533277793395,TRAZOBA128F9303210,Fiddler's Green - Shot In The Dark,0.27618702534912903
TRFYMPB128F93100C0,SOXKRRQ12AB017C0F2,ARD063K11C8A422ED7,Empire Of The Sun,We Are The People (Shazam Remix),electronic,TRFUJVJ128F426F2A2,Lauryn Hill - Interlude 5,8737.0,TRWSYHO128F4282346,Twista - I'm A Winner (Amended Album Version),7195.0,TREBGAA128E078FC52,Erykah Badu - I Want You,6302.0,TRFUJVJ128F426F2A2,Lauryn Hill - Interlude 5,8116.920000000003,TRWSYHO128F4282346,Twista - I'm A Winner (Amended Album Version),6789.757500000001,TREBGAA128E078FC52,Erykah Badu - I Want You,6074.10375,TRNHSZN128F930FF03,Clawfinger - Revenge,0.7456428303160694,TRMEUKT128F4263312,Jay-Jay Johanson - Rush,0.7304206635896381,TRVXESF128E0787315,The Corrs - Irresistible ( LP Version ),0.7152316350031703,TRNHSZN128F930FF03,Clawfinger - Revenge,0.7544107678533769,TRMEUKT128F4263312,Jay-Jay Johanson - Rush,0.7390582047411307,TRVXESF128E0787315,The Corrs - Irresistible ( LP Version ),0.7226488246114888,TRFUJVJ128F426F2A2,Lauryn Hill - Interlude 5,237.1749834381805,TRDPGXU128F9339C2A,Beastie Boys - B-Boy Bouillabaisse: A.W.O.L. (2009 Digital Remaster),234.56914843720247,TRGLNKG128F9307689,Eminem - My Darling,204.46535830135576,TRWVZBZ128F1462E08,Yellowcard - Believe,139.78910143442948,TRTLIKK128E07862DA,Ja Rule - One of Us,122.98218373541668,TRLINLH128F9346400,Black Eyed Peas - One Tribe,120.68068177926513,TRVFPAQ12903CBB680,Rachael Yamagata - Even So,0.30992367663985854,TRWVZBZ128F1462E08,Yellowcard - Believe,0.28779951907477275,TRDMETO12903CFEF20,God Forbid - The End Of The World,0.278958202095747,TRVFPAQ12903CBB680,Rachael Yamagata - Even So,0.3573734740944926,TRWVZBZ128F1462E08,Yellowcard - Believe,0.33854633531399764,TRDMETO12903CFEF20,God Forbid - The End Of The World,0.318176185952988
TRBCSDW128F424D686,SOQWSGM12A6D4FC3C6,ARIRCA31187FB58E84,The Maine,You Left Me,electronic,TRFUJVJ128F426F2A2,Lauryn Hill - Interlude 5,9266.0,TRUGLTC128F4227B93,Danity Kane - Hold Me Down (Album Version),8377.0,TRVLIZK128F428845E,Five - That's What You Told Me,7883.0,TRFUJVJ128F426F2A2,Lauryn Hill - Interlude 5,8553.919999999998,TRUGLTC128F4227B93,Danity Kane - Hold Me Down (Album Version),8047.0825,TRVLIZK128F428845E,Five - That's What You Told Me,7610.164999999999,TROYCQJ128F148EC2A,Les Valentins - It's Too Late,0.6832478050671874,TRQGLNM128F42618C6,The Isley Brothers - Touch Me,0.6442541133802604,TRGTQCP128F932573A,Hilary Duff - Play With Fire,0.6283818352416817,TROYCQJ128F148EC2A,Les Valentins - It's Too Late,0.692284114430058,TRQGLNM128F42618C6,The Isley Brothers - Touch Me,0.6547758611089833,TRGTQCP128F932573A,Hilary Duff - Play With Fire,0.6392680317217907,TRQGLNM128F42618C6,The Isley Brothers - Touch Me,377.4792119188556,TRQKCQX128F1456854,Mary J. Blige - Can't Get You Off My Mind,349.00735958729734,TRYAWRN128F42792CB,Janis Joplin - Kozmic Blues,346.50142538704245,TRQKCQX128F1456854,Mary J. Blige - Can't Get You Off My Mind,307.04683786922885,TRQGLNM128F42618C6,The Isley Brothers - Touch Me,289.3107561247952,TRYAWRN128F42792CB,Janis Joplin - Kozmic Blues,287.6340035437626,TRQKCQX128F1456854,Mary J. Blige - Can't Get You Off My Mind,0.4632653364311472,TRQGPHQ128F92D0664,Lush - Outside World,0.45947723016655734,TRFEEWH128F145174E,Everything But The Girl - Love Is Strange,0.4149270227567505,TRQKCQX128F1456854,Mary J. Blige - Can't Get You Off My Mind,0.49450015728284963,TRQGPHQ128F92D0664,Lush - Outside World,0.48482857213804054,TRFEEWH128F145174E,Everything But The Girl - Love Is Strange,0.43888075762057516
TRRXQJA128F1472A56,SOYPJMP12AF72A901D,ARWA8AH1187FB3FC84,Hot Chip,The Warning,electronic,TRWSYHO128F4282346,Twista - I'm A Winner (Amended Album Version),3859.0,TRFUJVJ128F426F2A2,Lauryn Hill - Interlude 5,3739.0,TRDPGXU128F9339C2A,Beastie Boys - B-Boy Bouillabaisse: A.W.O.L. (2009 Digital Remaster),3551.0,TRWSYHO128F4282346,Twista - I'm A Winner (Amended Album Version),3604.0699999999997,TRFUJVJ128F426F2A2,Lauryn Hill - Interlude 5,3348.9199999999996,TRDPGXU128F9339C2A,Beastie Boys - B-Boy Bouillabaisse: A.W.O.L. (2009 Digital Remaster),3224.7850000000008,TRUYHIL128F92E4B2C,Annihilator - Hunter killer,0.6989437317707918,TRWXSWA128F1456793,Shai - Waiting For The Day,0.69743722277901,TRWKDZE128F1451EAC,The Dells - It's All Up To You,0.6843409112271092,TRWXSWA128F1456793,Shai - Waiting For The Day,0.7080898506941884,TRUYHIL128F92E4B2C,Annihilator - Hunter killer,0.7060697363811239,TRWKDZE128F1451EAC,The Dells - It's All Up To You,0.6936925649838742,TRDPGXU128F9339C2A,Beastie Boys - B-Boy Bouillabaisse: A.W.O.L. (2009 Digital Remaster),208.85106802297767,TRFGVSE128F1466472,"Digable Planets - Pacifics (Sdtrk ""N.Y. Is Red Hot"")",199.2061810683037,TROYKQM128F428CCED,OutKast - Mainstream,173.2688060686289,TRFGVSE128F1466472,"Digable Planets - Pacifics (Sdtrk ""N.Y. Is Red Hot"")",157.547193668434,TRJEAVP128F42B83F0,Petey Pablo - Show Me The Money,128.51029621900997,TROYKQM128F428CCED,OutKast - Mainstream,103.4730239375287,TRFGVSE128F1466472,"Digable Planets - Pacifics (Sdtrk ""N.Y. Is Red Hot"")",0.30397355867114395,TRJEAVP128F42B83F0,Petey Pablo - Show Me The Money,0.28583167541373156,TRAYCAT128F930CD4D,Helium - Lullaby of the Moths,0.26836436702950023,TRFGVSE128F1466472,"Digable Planets - Pacifics (Sdtrk ""N.Y. Is Red Hot"")",0.35449374455319593,TRJEAVP128F42B83F0,Petey Pablo - Show Me The Money,0.34014457967202044,TRAYCAT128F930CD4D,Helium - Lullaby of the Moths,0.3005183251256821
TRMDYBW128F14A17E8,SOODBDC12A8C13E4E9,ARTH03J1187FB3E00C,Enter Shikari,Keep It On Ice,electronic,TRDPGXU128F9339C2A,Beastie Boys - B-Boy Bouillabaisse: A.W.O.L. (2009 Digital Remaster),1426.0,TRGLNKG128F9307689,Eminem - My Darling,1253.0,TRHNOMB12903CB2544,Life Without Buildings - New Town,1231.0,TRDPGXU128F9339C2A,Beastie Boys - B-Boy Bouillabaisse: A.W.O.L. (2009 Digital Remaster),1298.2837500000014,TRCDMRL12903CB105C,Fatboy Slim - Acid 8000,1179.73375,TRHNOMB12903CB2544,Life Without Buildings - New Town,1167.608749999998,TRPKHSW12903CF5D1D,At The Gates - Captor Of Sin (Slayer Cover),0.6284530678419502,TRDPTHW12903CF2E0E,Kotipelto - Lord Of Eternity,0.6160767380690639,TRNOOMW128F4257F9C,Gorefest - Super Reality,0.5959436238059861,TRPKHSW12903CF5D1D,At The Gates - Captor Of Sin (Slayer Cover),0.6381371265238076,TRDPTHW12903CF2E0E,Kotipelto - Lord Of Eternity,0.6254869980354952,TRNOOMW128F4257F9C,Gorefest - Super Reality,0.6057689414782675,TRYCBLK12903CE6A0E,Twiztid - She Ain't Afraid,121.2316341655794,TRCHZXW128E079288A,Eminem - 8 Mile,110.17693308371841,TRKRVKD128F9327008,Hollywood Undead - Undead,98.59210165147893,TRYCBLK12903CE6A0E,Twiztid - She Ain't Afraid,94.6679083800954,TRCHZXW128E079288A,Eminem - 8 Mile,75.62269826475558,TRKRVKD128F9327008,Hollywood Undead - Undead,75.41549783819228,TRKINST128F930EAB1,Saez - My Funny Valentine,0.279172636331182,TRNHZLE128F428884D,A Tribe Called Quest - His Name Is Mutty Ranks,0.269532716617897,TRULNTR128F14664AA,Rachelle Ferrell - My Funny Valentine,0.2654796730720833,TRNHZLE128F428884D,A Tribe Called Quest - His Name Is Mutty Ranks,0.2972559558599821,TRKINST128F930EAB1,Saez - My Funny Valentine,0.2970242569667875,TRVDFQB128F4251C33,Macc Lads - Fluffy Pup,0.286430816550381
TRCNUNL128F93437CF,SOYQNWH12AB0180C07,ARTH03J1187FB3E00C,Enter Shikari,The Jester,electronic,TRFUJVJ128F426F2A2,Lauryn Hill - Interlude 5,3529.0,TRDPGXU128F9339C2A,Beastie Boys - B-Boy Bouillabaisse: A.W.O.L. (2009 Digital Remaster),2594.0,TRWSYHO128F4282346,Twista - I'm A Winner (Amended Album Version),2319.0,TRFUJVJ128F426F2A2,Lauryn Hill - Interlude 5,3206.9999999999973,TRDPGXU128F9339C2A,Beastie Boys - B-Boy Bouillabaisse: A.W.O.L. (2009 Digital Remaster),2324.7187499999986,TRWSYHO128F4282346,Twista - I'm A Winner (Amended Album Version),2108.562499999997,TRJADED128E078FB2A,Lost Boyz - Keep It Real,0.7098437463373442,TRTAYPD128F42A4C9C,Murs - You & I,0.6838021961195,TRXWSOU128F42662B0,Above The Law - Flow On (Move Me No Mountain),0.6829748169205637,TRJADED128E078FB2A,Lost Boyz - Keep It Real,0.7272648260569898,TRXWSOU128F42662B0,Above The Law - Flow On (Move Me No Mountain),0.7033017724963556,TRTAYPD128F42A4C9C,Murs - You & I,0.702882205347534,TRFUJVJ128F426F2A2,Lauryn Hill - Interlude 5,181.5082931303955,TRQWDRK128F4241A32,Twista - Overdose (Album Version),176.4294692817414,TRQGLNM128F42618C6,The Isley Brothers - Touch Me,149.3742543025748,TRKBZBS128F148328F,Fergie - Get Your Hands Up,93.06685406604258,TRQWDRK128F4241A32,Twista - Overdose (Album Version),88.96132534606797,TRYATVG128F4271AA7,K's Choice - Everything For Free,86.17956653583124,TRKNGKK12903CEE344,Wolfmother - 10_000 Feet,0.23970792597042165,TRVASXR128E07889F6,Dave Gahan - Black And Blue Again,0.23795377445420204,TRHBCIY128F147E7EB,Letoya - Intro,0.23632768464963458,TRKBZBS128F148328F,Fergie - Get Your Hands Up,0.2913595124010679,TRKNGKK12903CEE344,Wolfmother - 10_000 Feet,0.28957836542646204,TRZKNSG128F9326727,Alice Peacock - Here I Go Again,0.28702278700958317
TRIPJIJ128F1453AE0,SORSPQO12A6D4F782F,AREACYD1187FB566DE,Enya,Lazy Days,electronic,TRFUJVJ128F426F2A2,Lauryn Hill - Interlude 5,1240.0,TRGUCIR128F933D817,Vanilla Ice - Ice Is Workin' It,1176.0,TRBVPVV128F425F14F,Daft Punk - Touch It / Technologic,1144.0,TRFUJVJ128F426F2A2,Lauryn Hill - Interlude 5,1122.2399999999998,TRGUCIR128F933D817,Vanilla Ice - Ice Is Workin' It,1120.32,TRBVPVV128F425F14F,Daft Punk - Touch It / Technologic,1097.52,TRDHLAL128F423EE08,Anjali - Mistress Of Disguise,0.5859491664024592,TRWETHX128F421ABA5,Darden Smith - Swept Away,0.57917660376254,TRJXNGY128F93319CB,Earlimart - It's Okay To Think About Ending,0.5725591622596179,TRDHLAL128F423EE08,Anjali - Mistress Of Disguise,0.5985239830039881,TRWETHX128F421ABA5,Darden Smith - Swept Away,0.5920586402617903,TRJXNGY128F93319CB,Earlimart - It's Okay To Think About Ending,0.5829845869535093,TRDPGXU128F9339C2A,Beastie Boys - B-Boy Bouillabaisse: A.W.O.L. (2009 Digital Remaster),76.99578484263118,TRMWYIH128E078DCA6,Nelly - St. Louie,63.934243381128326,TRKHTKI128F92EA339,Matisyahu - Close My Eyes,62.04035028152351,TRQXWFK128F149E214,Kate Ryan - One Happy Day,46.53293512127931,TRHEDDS128C71965DE,Burning Spear - Jordan River,45.221391581455066,TRMCMCM128F427C38B,Dreams Come True - Dandelion Hill,45.15360487364903,TRQXWFK128F149E214,Kate Ryan - One Happy Day,0.2596008869406336,TRUJADM128E0791325,Cream - Take It Back,0.24889702397985097,TROHQYB128F42423B9,Epsilon Minus - Ocean Floor,0.2428901430889558,TRQXWFK128F149E214,Kate Ryan - One Happy Day,0.2896591662966506,TRUJADM128E0791325,Cream - Take It Back,0.2790197063272354,TRCZLLQ128E0792778,Nine Inch Nails - Something I Can Never Have,0.2769930461723918
TRPLRVY128F1473EBE,SOTCEXG12A6D4F60FE,AREACYD1187FB566DE,Enya,Someone Said Goodbye,electronic,TRFUJVJ128F426F2A2,Lauryn Hill - Interlude 5,4463.0,TREBGAA128E078FC52,Erykah Badu - I Want You,3086.0,TRWSYHO128F4282346,Twista - I'm A Winner (Amended Album Version),3037.0,TRFUJVJ128F426F2A2,Lauryn Hill - Interlude 5,4091.32,TREBGAA128E078FC52,Erykah Badu - I Want You,2949.397500000001,TRWSYHO128F4282346,Twista - I'm A Winner (Amended Album Version),2794.0949999999993,TRKBSYP128F42647E7,Rosanne Cash - I Don't Know Why You Don't Want Me,0.7192580977680818,TRURGUR128F149409A,Mr. Vegas - I Don't Know Why I Love You,0.6600251045552638,TRXIBFV128F424D8AB,Ten Years After - I Don't Know That You Don't Know My Name (2004 Digital Remaster),0.6196878869366118,TRKBSYP128F42647E7,Rosanne Cash - I Don't Know Why You Don't Want Me,0.7267854833606897,TRURGUR128F149409A,Mr. Vegas - I Don't Know Why I Love You,0.6681571071763651,TRQFNCQ128F42809CC,Jane Monheit - Why Can't You Behave?,0.6295711050428603,TRXMHNK128F14584E3,Maxi Priest - Never Did Say Goodbye,176.62202905194317,TRIVZNT128F92E5311,Miami Sound Machine - Words Get In The Way,167.3074170818711,TRFUJVJ128F426F2A2,Lauryn Hill - Interlude 5,155.93289549365574,TRXMHNK128F14584E3,Maxi Priest - Never Did Say Goodbye,151.86058907858583,TRIVZNT128F92E5311,Miami Sound Machine - Words Get In The Way,137.24270618985943,TRUACJM128F1471579,Little Milton - Walking The Backstreets And Crying,127.20493503416905,TRXMHNK128F14584E3,Maxi Priest - Never Did Say Goodbye,0.3615303135023711,TRJQVPZ12903CD2BB3,Naked Raygun - Treason,0.34935217173501143,TRJQRAP128F9314B3F,John Mayer - All We Ever Do Is Say Goodbye,0.3459972496538876,TRXMHNK128F14584E3,Maxi Priest - Never Did Say Goodbye,0.39694997754250677,TRJQVPZ12903CD2BB3,Naked Raygun - Treason,0.3840785179067216,TRJQRAP128F9314B3F,John Mayer - All We Ever Do Is Say Goodbye,0.3746574163606201
TRWPUDX128F148F907,SODFLBN12A6D4F923A,AREACYD1187FB566DE,Enya,The Magic Of The Night,electronic,TRFUJVJ128F426F2A2,Lauryn Hill - Interlude 5,1640.0,TRWSYHO128F4282346,Twista - I'm A Winner (Amended Album Version),1374.0,TRFLWJZ128F425C9E4,The Pharcyde - Otha Fish,1350.0,TRFUJVJ128F426F2A2,Lauryn Hill - Interlude 5,1384.24,TRFLWJZ128F425C9E4,The Pharcyde - Otha Fish,1217.08125,TRWSYHO128F4282346,Twista - I'm A Winner (Amended Album Version),1206.8524999999995,TRZKYAK128F4244485,Lard - The Power Of Lard,0.5713510788110245,TRXBSQC128F932A12A,Seelenkrank - Lost,0.5432385530818844,TRVWMKK128F422AD41,Assemblage 23 - MAPS OF REALITY,0.5154597811191146,TRZKYAK128F4244485,Lard - The Power Of Lard,0.5896322973574187,TRXBSQC128F932A12A,Seelenkrank - Lost,0.5583246731243598,TRVWMKK128F422AD41,Assemblage 23 - MAPS OF REALITY,0.5369008030934663,TRKHTKI128F92EA339,Matisyahu - Close My Eyes,175.4142130574718,TRPLWSA128F92D555C,Flipsyde - Angel,159.3284728174866,TRARMRZ128F1461F15,Deana Carter - Angel Without A Prayer,155.61399159019373,TRARMRZ128F1461F15,Deana Carter - Angel Without A Prayer,129.6254720587024,TROAWNX128F92EBF56,Tiffany Evans - Angels on Earth,126.78699504167035,TRPLWSA128F92D555C,Flipsyde - Angel,125.25019881868295,TRPHHFC128F930B8E0,Freedom Call - Flying high,0.40386955572728567,TROAWNX128F92EBF56,Tiffany Evans - Angels on Earth,0.3752978811135113,TRBXSJT12903CC7DAA,All-4-One - When I Needed an Angel,0.34244354781328523,TRPHHFC128F930B8E0,Freedom Call - Flying high,0.43020221611915915,TROAWNX128F92EBF56,Tiffany Evans - Angels on Earth,0.4107779528565765,TRBXSJT12903CC7DAA,All-4-One - When I Needed an Angel,0.3814907524949487
TRZQTSM128F9328120,SOZDITZ12A58A7B41A,AR91C8S1187B990901,Bruce Springsteen,Gave It A Name,folk,TRFUJVJ128F426F2A2,Lauryn Hill - Interlude 5,1133.0,TRGUCIR128F933D817,Vanilla Ice - Ice Is Workin' It,985.0,TRDPGXU128F9339C2A,Beastie Boys - B-Boy Bouillabaisse: A.W.O.L. (2009 Digital Remaster),970.0,TRFUJVJ128F426F2A2,Lauryn Hill - Interlude 5,972.9200000000002,TRGUCIR128F933D817,Vanilla Ice - Ice Is Workin' It,909.3100000000001,TRBVPVV128F425F14F,Daft Punk - Touch It / Technologic,903.8162500000002,TRRHFQK128F4264FE9,Rasputina - Mr. E. Leon Rauis,0.5796968952234571,TRSLSBV128F427D1EB,Freezepop - Ninja Of Love (Album Version),0.5787355657786682,TRIFKJG128F1458AA3,Devo - Mongoloid,0.5507517765195619,TRRHFQK128F4264FE9,Rasputina - Mr. E. Leon Rauis,0.5931226425529182,TRSLSBV128F427D1EB,Freezepop - Ninja Of Love (Album Version),0.5901834567271025,TROFSLV128F92E389A,Binary Star - Wolfman Jack,0.5632297693626623,TRDPGXU128F9339C2A,Beastie Boys - B-Boy Bouillabaisse: A.W.O.L. (2009 Digital Remaster),133.56768174238397,TRTLIKK128E07862DA,Ja Rule - One of Us,130.0544113208159,TRFUJVJ128F426F2A2,Lauryn Hill - Interlude 5,107.35001736856846,TRTLIKK128E07862DA,Ja Rule - One of Us,93.92225849793952,TRHYGME128F92FCC03,Dixie Chicks - Travelin' Soldier,74.85706779535295,TRZARJN128F42BC8F8,Boney M. - El Lute,71.82081644683021,TRBBVJP128F92FF19C,Willie Nelson - I Feel Sorry For Him,0.301164961306648,TRPYYFJ128F42818FC,Adam Green - Bungee,0.29217774603442564,TROXPNE128F9337718,Anti-Flag - Captain Anarchy,0.27237766536139413,TRBBVJP128F92FF19C,Willie Nelson - I Feel Sorry For Him,0.3285586584275754,TRPYYFJ128F42818FC,Adam Green - Bungee,0.32099293867802975,TROXPNE128F9337718,Anti-Flag - Captain Anarchy,0.30378743649674683
TRNZCWJ128F427099F,SODXHZV12A8C1340B6,ARH861H1187B9B799E,Johnny Cash,The Vanishing Race,folk,TRDPGXU128F9339C2A,Beastie Boys - B-Boy Bouillabaisse: A.W.O.L. (2009 Digital Remaster),1696.0,TRFUJVJ128F426F2A2,Lauryn Hill - Interlude 5,1648.0,TRCHZXW128E079288A,Eminem - 8 Mile,1139.0,TRDPGXU128F9339C2A,Beastie Boys - B-Boy Bouillabaisse: A.W.O.L. (2009 Digital Remaster),1554.4350000000009,TRFUJVJ128F426F2A2,Lauryn Hill - Interlude 5,1478.7200000000003,TRCHZXW128E079288A,Eminem - 8 Mile,1032.1649999999997,TRPYVFQ128F9314D82,Domine - The Ride Of The Valkyries,0.6723403340498181,TREIMWU128F14570E1,Helen Reddy - Peaceful,0.6598012519105727,TRBOMMX128F426593B,Art Garfunkel - The Sound of Silence,0.6452087927872626,TRPYVFQ128F9314D82,Domine - The Ride Of The Valkyries,0.6842119717617625,TREIMWU128F14570E1,Helen Reddy - Peaceful,0.6732444622478669,TRBOMMX128F426593B,Art Garfunkel - The Sound of Silence,0.6597289562238479,TRDPGXU128F9339C2A,Beastie Boys - B-Boy Bouillabaisse: A.W.O.L. (2009 Digital Remaster),162.9831089171515,TRGIBQG128F9335E63,Alabama - Roll On (Eighteen Wheeler),114.26305099379375,TRYHHPK128F42A4CAF,Murs - The Dance,105.17858669505884,TRGIBQG128F9335E63,Alabama - Roll On (Eighteen Wheeler),95.6266641651976,TRDPGXU128F9339C2A,Beastie Boys - B-Boy Bouillabaisse: A.W.O.L. (2009 Digital Remaster),95.3727904244948,TRFZDLZ128F932F17E,Cat Stevens - Peace Train,78.37441715682482,TRNTOYG128F934D0BF,Elizabeth Cotten - Willie,0.30953936338343047,TRYELOR128F932ADD0,Roy Acuff - Wabash Cannonball,0.3039732485542701,TRSGEGE128F932612B,Bukka White - Black Train Blues,0.2847313297656479,TRNTOYG128F934D0BF,Elizabeth Cotten - Willie,0.3364032758223304,TRYELOR128F932ADD0,Roy Acuff - Wabash Cannonball,0.334025614188483,TRGIBQG128F9335E63,Alabama - Roll On (Eighteen Wheeler),0.31452617156832524
TRJQRAP128F9314B3F,SOMSWGY12AB017F755,ARZENOX1187B98A645,John Mayer,All We Ever Do Is Say Goodbye,folk,TRFUJVJ128F426F2A2,Lauryn Hill - Interlude 5,4058.0,TREBGAA128E078FC52,Erykah Badu - I Want You,3182.0,TRWSYHO128F4282346,Twista - I'm A Winner (Amended Album Version),2569.0,TRFUJVJ128F426F2A2,Lauryn Hill - Interlude 5,3662.3999999999996,TREBGAA128E078FC52,Erykah Badu - I Want You,3036.60625,TRPZAPZ128F9341D3E,R. Kelly - Don't You Say No,2431.043749999998,TRTBBGQ128E078FE63,Kelly Price - Don't Say Goodbye,0.5440054369177483,TRQBWDI128F429A40E,Lisa Stansfield - Goodbye,0.5016856803172803,TRWJNEC128E079654F,Morcheeba - Part Of The Process,0.49571303337761347,TRTBBGQ128E078FE63,Kelly Price - Don't Say Goodbye,0.5576360185477601,TRQBWDI128F429A40E,Lisa Stansfield - Goodbye,0.515954481420897,TRXZCOC128F42ADC97,Phantom Planet - See You Next Summer,0.5087351263108321,TRTBBGQ128E078FE63,Kelly Price - Don't Say Goodbye,180.2443020692851,TRFUJVJ128F426F2A2,Lauryn Hill - Interlude 5,170.62780228579226,TRXMHNK128F14584E3,Maxi Priest - Never Did Say Goodbye,160.82168479362196,TRTBBGQ128E078FE63,Kelly Price - Don't Say Goodbye,156.62421228432362,TRXMHNK128F14584E3,Maxi Priest - Never Did Say Goodbye,140.58875970453732,TRQBWDI128F429A40E,Lisa Stansfield - Goodbye,136.42787365230842,TRJWOVP128F4280AFC,Esthero - This Lull-a-bye (Album Version),0.4289649792662882,TRJFIAK128F147159B,Carla Thomas - Don't Say No More,0.4204002497039518,TRQBWDI128F429A40E,Lisa Stansfield - Goodbye,0.3975247591180853,TRJWOVP128F4280AFC,Esthero - This Lull-a-bye (Album Version),0.4543797741172964,TRJFIAK128F147159B,Carla Thomas - Don't Say No More,0.4428886507658017,TRQBWDI128F429A40E,Lisa Stansfield - Goodbye,0.4241971053889823
TRETJUU128F426402A,SOYHOTV12A8C132B9B,ARZENOX1187B98A645,John Mayer,Clarity,folk,TROIJDA128F9341E70,R. Kelly - I Mean (I Don't Mean It),3416.0,TRDPGXU128F9339C2A,Beastie Boys - B-Boy Bouillabaisse: A.W.O.L. (2009 Digital Remaster),3347.0,TRFUJVJ128F426F2A2,Lauryn Hill - Interlude 5,3332.0,TROIJDA128F9341E70,R. Kelly - I Mean (I Don't Mean It),3240.0025,TRDPGXU128F9339C2A,Beastie Boys - B-Boy Bouillabaisse: A.W.O.L. (2009 Digital Remaster),2999.2424999999985,TRFUJVJ128F426F2A2,Lauryn Hill - Interlude 5,2916.159999999999,TRBJPJS128F932F173,Cat Stevens - Rubylove,0.789977905064156,TRPKSBZ128F423EDB3,Gorky's Zygotic Mynci - Honeymoon With You,0.5841660214865285,TRFHZWK128F427068B,Teena Marie - Dear Lover,0.5288989868982488,TRBJPJS128F932F173,Cat Stevens - Rubylove,0.7914090893574053,TRPKSBZ128F423EDB3,Gorky's Zygotic Mynci - Honeymoon With You,0.592999738458225,TRFHZWK128F427068B,Teena Marie - Dear Lover,0.5409967898181834,TRUUMHO128F1459434,Tavares - Don't Take Away The Music,210.61033262548898,TRQQLZD128F425E9BC,Alicia Keys - Tell You Something (Nana's Reprise),208.13738723007177,TRTMPXD128F4269FEF,Xzibit - Been A Long Time (Featuring Nate Dogg),195.76097111476406,TRUUMHO128F1459434,Tavares - Don't Take Away The Music,183.39755369261277,TRQQLZD128F425E9BC,Alicia Keys - Tell You Something (Nana's Reprise),165.60858585951195,TRBJPJS128F932F173,Cat Stevens - Rubylove,164.13431399977327,TRBJPJS128F932F173,Cat Stevens - Rubylove,0.5202500032504929,TRUDWZM128F424E90D,J.J. Cale - Ooh La La,0.4401854528326605,TROGAEP128F1484DE4,Janet Jackson - Throb,0.3843294062235883,TRBJPJS128F932F173,Cat Stevens - Rubylove,0.5273252542506163,TRUDWZM128F424E90D,J.J. Cale - Ooh La La,0.45350963770818403,TROGAEP128F1484DE4,Janet Jackson - Throb,0.3983442967749673
TRNOUUF128F4280B8D,SOHREDT12A8C13862F,ARZENOX1187B98A645,John Mayer,Why Georgia,folk,TRCHZXW128E079288A,Eminem - 8 Mile,3749.0,TRDPGXU128F9339C2A,Beastie Boys - B-Boy Bouillabaisse: A.W.O.L. (2009 Digital Remaster),3657.0,TRXHFMI128F429B2F2,Rufio - Over It (Acoustic),3583.0,TRCHZXW128E079288A,Eminem - 8 Mile,3526.039999999999,TRXHFMI128F429B2F2,Rufio - Over It (Acoustic),3463.2400000000025,TRDPGXU128F9339C2A,Beastie Boys - B-Boy Bouillabaisse: A.W.O.L. (2009 Digital Remaster),3361.5599999999995,TRCHZXW128E079288A,Eminem - 8 Mile,0.7480160130617092,TRTVTYS128E0792887,Eminem - Rabbit Run,0.7477634748512578,TREBQOW128F92C4549,Common - Book Of Life,0.7462799898867994,TRCHZXW128E079288A,Eminem - 8 Mile,0.75774016369134,TRTVTYS128E0792887,Eminem - Rabbit Run,0.7575083177970414,TREBQOW128F92C4549,Common - Book Of Life,0.7555192686623954,TRCHZXW128E079288A,Eminem - 8 Mile,199.77976454468484,TRFUJVJ128F426F2A2,Lauryn Hill - Interlude 5,182.27748219342735,TRDGICW128F42963E2,Recoil - Curse,180.848050769931,TRDGICW128F42963E2,Recoil - Curse,107.43448027464643,TRCHZXW128E079288A,Eminem - 8 Mile,103.4672092454818,TRLVRJP128F93519FB,Atmosphere - Hair,102.17803787393439,TRVOVJN128F93439A3,Ani DiFranco - Grey (from Revelling Reckoning),0.2560548683429234,TRRNLGL128F934F7B8,Everly Brothers - I Wonder If I Care As Much,0.25391298664718176,TRPUZPN128F4232193,Chicago - Life It What It Is (Remastered LP Version),0.2522870682983086,TRPUZPN128F4232193,Chicago - Life It What It Is (Remastered LP Version),0.31015292989056326,TRLVRJP128F93519FB,Atmosphere - Hair,0.3092680248169847,TRVOVJN128F93439A3,Ani DiFranco - Grey (from Revelling Reckoning),0.30843301702029485
TREKVTY128E0784BA3,SOBHKVI12A6701F1C8,ARC8CQZ1187B98DECA,Jack Johnson,Mudfootball (For Moe Lerner),folk,TRFUJVJ128F426F2A2,Lauryn Hill - Interlude 5,2367.0,TRDPGXU128F9339C2A,Beastie Boys - B-Boy Bouillabaisse: A.W.O.L. (2009 Digital Remaster),1514.0,TRQAWKR128F425EEC3,Michael Jackson - Man In The Mirror,1355.0,TRFUJVJ128F426F2A2,Lauryn Hill - Interlude 5,2024.7600000000002,TRDPGXU128F9339C2A,Beastie Boys - B-Boy Bouillabaisse: A.W.O.L. (2009 Digital Remaster),1227.7925,TRQAWKR128F425EEC3,Michael Jackson - Man In The Mirror,1061.5849999999998,TRVJYQS128F428E2EA,Shane MacGowan And The Popes - More Pricks Than Kicks,0.5190026997832178,TRVGBNB128F92FA809,Beast - Devil,0.5055528952192943,TRROKDH128F4262405,Bouncing Souls - East Coast Fuck You,0.4955270649658411,TRVGBNB128F92FA809,Beast - Devil,0.5392784452354596,TRVJYQS128F428E2EA,Shane MacGowan And The Popes - More Pricks Than Kicks,0.5382528517857033,TRWRUQO128F14733DD,Big Moe - S.U.C.,0.5233054874891184,TRFUJVJ128F426F2A2,Lauryn Hill - Interlude 5,340.715511799639,TRDPGXU128F9339C2A,Beastie Boys - B-Boy Bouillabaisse: A.W.O.L. (2009 Digital Remaster),240.01358116234522,TRCHZXW128E079288A,Eminem - 8 Mile,191.84246301204493,TRFUJVJ128F426F2A2,Lauryn Hill - Interlude 5,191.87709416060704,TRQCJFJ128F92EACF3,Freshman 15 - She's Everything,106.23352647318946,TRJISRM128F9328AD4,The Arrogant Sons Of Bitches - Kill The President,101.98341200540987,TRJIUGF128F4262D55,Keziah Jones - Neptune,0.2508490759333894,TRSEKVK128F4289138,Amel Larrieux - lucky to be me,0.24582464015221867,TRQCJFJ128F92EACF3,Freshman 15 - She's Everything,0.24435586511631288,TRFUJVJ128F426F2A2,Lauryn Hill - Interlude 5,0.33689041722571444,TRCOIXB128F93451E0,Alison Krauss / Union Station - Find My Way Back To My Heart,0.30083445009634635,TRWVQND128F42335EE,Terra Naomi - New Song,0.29679865522139326
TRYNAAP128F427EF64,SOCJTTL12A8C14009F,AR7OA5G1187B98D3A0,Sufjan Stevens,Sister Winter,folk,TRFUJVJ128F426F2A2,Lauryn Hill - Interlude 5,3703.0,TRDPGXU128F9339C2A,Beastie Boys - B-Boy Bouillabaisse: A.W.O.L. (2009 Digital Remaster),3494.0,TRWSYHO128F4282346,Twista - I'm A Winner (Amended Album Version),3410.0,TRFUJVJ128F426F2A2,Lauryn Hill - Interlude 5,3419.6400000000003,TRDPGXU128F9339C2A,Beastie Boys - B-Boy Bouillabaisse: A.W.O.L. (2009 Digital Remaster),3257.032499999999,TRWSYHO128F4282346,Twista - I'm A Winner (Amended Album Version),3224.814999999999,TRVQVOK128F423C8B6,Bette Midler - Friends/Oh My My (LIve),0.7716130694009681,TRMJEPW128F422A4AE,Diary of Dreams - Tears of Laughter,0.68690663339737,TRJWMLB128E0793F6C,Abba - Waterloo,0.6837850855869919,TRVQVOK128F423C8B6,Bette Midler - Friends/Oh My My (LIve),0.7771210723403891,TRMJEPW128F422A4AE,Diary of Dreams - Tears of Laughter,0.6946715261934102,TRJWMLB128E0793F6C,Abba - Waterloo,0.6914900399419549,TRAPMUC128F92F3121,Incognito - Stone Cold Heart,115.16622048911093,TRXHMID128F42BA902,Brick & Lace - Love Is Wicked,112.54983681986005,TROGOFF128F42827CE,Natalie Cole - Your Eyes,110.76667198117916,TRAPMUC128F92F3121,Incognito - Stone Cold Heart,98.26273960345077,TROGOFF128F42827CE,Natalie Cole - Your Eyes,93.42206795026259,TRWAEVG128F4237826,Bobby McFerrin - Don't Worry_ Be Happy,87.95692459782923,TRLFYKX128F1493334,Laura Fygi - I Wish You Love,0.329279845016763,TRAMDDU128F4270B2D,Frank Sinatra - Put Your Dreams Away,0.29848663434423894,TRAPMUC128F92F3121,Incognito - Stone Cold Heart,0.29576813897493776,TRLFYKX128F1493334,Laura Fygi - I Wish You Love,0.3523494923229729,TRAPMUC128F92F3121,Incognito - Stone Cold Heart,0.3287648244891755,TRAMDDU128F4270B2D,Frank Sinatra - Put Your Dreams Away,0.32342425848096695
TRFMWVJ128E0791E70,SODZLMJ127D977E810,ARE0WH81187B9A7BA3,Rufus Wainwright,In A Graveyard,folk,TRFUJVJ128F426F2A2,Lauryn Hill - Interlude 5,613.0,TRTLIKK128E07862DA,Ja Rule - One of Us,541.0,TRDPGXU128F9339C2A,Beastie Boys - B-Boy Bouillabaisse: A.W.O.L. (2009 Digital Remaster),461.0,TRFUJVJ128F426F2A2,Lauryn Hill - Interlude 5,517.32,TRTLIKK128E07862DA,Ja Rule - One of Us,483.15000000000043,TRDPGXU128F9339C2A,Beastie Boys - B-Boy Bouillabaisse: A.W.O.L. (2009 Digital Remaster),380.9849999999997,TRPDTGI128F425E1E4,Birth Control - Gamma Ray,0.47311578474522054,TRXUNRT12903CF1024,Asphyx - Indulge In Frenzy,0.43662632922430306,TRFXAIO12903CF2567,Naglfar - And The World Shall Be Your Grave,0.4298124676005146,TRPDTGI128F425E1E4,Birth Control - Gamma Ray,0.49465706503974505,TRXUNRT12903CF1024,Asphyx - Indulge In Frenzy,0.45727531472419775,TRSTBZC128F4257BEC,Reverend Bizarre - Doom Over The World,0.4545166287977355,TRTCOWO128F930C444,The Streets - Weak Become Heroes,111.94654881792685,TRRVIRD128F42AED3E,T Bone Burnett - I'm Going On A Long Journey Never To Return,87.8568212763781,TRDUSIG12903CA5FCB,Savatage - The Hourglass,83.34877525273843,TRTCOWO128F930C444,The Streets - Weak Become Heroes,81.95802581213734,TRRVIRD128F42AED3E,T Bone Burnett - I'm Going On A Long Journey Never To Return,74.23851241785412,TRAATUB128F9341737,Judy Collins - Cat's In The Cradle,52.535118073988016,TRFGWTJ128E0783A47,The Misfits - Static Age,0.2985190016201285,TRRVIRD128F42AED3E,T Bone Burnett - I'm Going On A Long Journey Never To Return,0.27154424676810823,TRTCOWO128F930C444,The Streets - Weak Become Heroes,0.24579356815098416,TRFGWTJ128E0783A47,The Misfits - Static Age,0.31613263462761815,TRRVIRD128F42AED3E,T Bone Burnett - I'm Going On A Long Journey Never To Return,0.30580221756849907,TRTCOWO128F930C444,The Streets - Weak Become Heroes,0.30042804062007916
TRLTTDC128E079380E,SOCTYHG12A679D7E2B,ARE0WH81187B9A7BA3,Rufus Wainwright,Baby,folk,TRFUJVJ128F426F2A2,Lauryn Hill - Interlude 5,5681.0,TRWSYHO128F4282346,Twista - I'm A Winner (Amended Album Version),5126.0,TRDPGXU128F9339C2A,Beastie Boys - B-Boy Bouillabaisse: A.W.O.L. (2009 Digital Remaster),4861.0,TRFUJVJ128F426F2A2,Lauryn Hill - Interlude 5,5285.4,TRWSYHO128F4282346,Twista - I'm A Winner (Amended Album Version),4867.462500000001,TREBGAA128E078FC52,Erykah Badu - I Want You,4668.606249999999,TRSTJFQ128F428DA21,Less Than Jake - I Think I Love You,0.8339074933245743,TRCTLQY128F92F1539,Next - I Still Love You,0.8239305960493901,TRKLJAG128F42B31CF,Mario Vazquez - Everytime I...,0.8152414104270829,TRSTJFQ128F428DA21,Less Than Jake - I Think I Love You,0.8386664591573368,TRCTLQY128F92F1539,Next - I Still Love You,0.8289853313139036,TRKLJAG128F42B31CF,Mario Vazquez - Everytime I...,0.8183457283868151,TRDPGXU128F9339C2A,Beastie Boys - B-Boy Bouillabaisse: A.W.O.L. (2009 Digital Remaster),208.71315954220643,TRFUJVJ128F426F2A2,Lauryn Hill - Interlude 5,191.80567188152486,TRCHZXW128E079288A,Eminem - 8 Mile,187.92540895895826,TRLZVNA128F1474A16,Javier - Slow Motion,118.45819395585893,TRMZSRG128F428BE3F,Usher - Roni,117.38260107140097,TRNALTJ12903CEAB84,Old Crow Medicine Show - Fall On My Knees,108.70861788707474,TRNALTJ12903CEAB84,Old Crow Medicine Show - Fall On My Knees,0.361281456485354,TRALZXZ128F92E26EF,The Jeff Healey Band - My Little Girl,0.3523246746114651,TRIHPAD128F931109D,Nouvelle Vague - Blister In The Sun,0.3086003970785232,TRNALTJ12903CEAB84,Old Crow Medicine Show - Fall On My Knees,0.4027804369648622,TRALZXZ128F92E26EF,The Jeff Healey Band - My Little Girl,0.3953298781696502,TRDZDEZ128F930CC4D,Maysa - Love Won't Let Me Wait,0.3455862656456467
TRUCWXA128F92E4944,SOYGQGR12AF72ABAB8,ARQEBGJ122E6447D2B,Edward Sharpe & The Magnetic Zeros,Janglin,folk,TRFUJVJ128F426F2A2,Lauryn Hill - Interlude 5,1710.0,TRDPGXU128F9339C2A,Beastie Boys - B-Boy Bouillabaisse: A.W.O.L. (2009 Digital Remaster),1085.0,TRGLNKG128F9307689,Eminem - My Darling,1072.0,TRFUJVJ128F426F2A2,Lauryn Hill - Interlude 5,1491.04,TRFSCLD12903CD213F,The Prodigy - We Gonna Rock,1001.7799999999997,TRGLNKG128F9307689,Eminem - My Darling,937.9762500000002,TRORNTH12903CC53F0,Suicide Commando - Dead March,0.6719954819835086,TRPUDOQ128F9344F23,Dead Kennedys - Goons of Hazzard,0.6659943286996225,TRJOQXR128F92EB51A,Thompson Twins - We Are Detective,0.6419592206954009,TRPUDOQ128F9344F23,Dead Kennedys - Goons of Hazzard,0.6786363838670403,TRORNTH12903CC53F0,Suicide Commando - Dead March,0.6777057515773306,TRJOQXR128F92EB51A,Thompson Twins - We Are Detective,0.6545859675012985,TRFUJVJ128F426F2A2,Lauryn Hill - Interlude 5,175.77796105238792,TRFQNWX128F428531C,Dolly Parton - Daddy's Moonshine Still,143.73433398328118,TRDPGXU128F9339C2A,Beastie Boys - B-Boy Bouillabaisse: A.W.O.L. (2009 Digital Remaster),140.1033242101066,TRFQNWX128F428531C,Dolly Parton - Daddy's Moonshine Still,109.83453747399051,TRSIBYX12903CCCB76,Alborosie - Likkle Africa,99.26949071245441,TRXSBES128F429496F,Bran Van 3000 - Carry On,86.24971422570538,TRXWWEI128F428DFAB,The Unseen - Dead Weight Falls (Album Version),0.2878260719220243,TRFQNWX128F428531C,Dolly Parton - Daddy's Moonshine Still,0.28680644085783596,TRFRDZW128F429C337,HIM - Sigillum Diaboli,0.2771429140115627,TRFQNWX128F428531C,Dolly Parton - Daddy's Moonshine Still,0.3424473443939047,TRXWWEI128F428DFAB,The Unseen - Dead Weight Falls (Album Version),0.32399038003679664,TRSIBYX12903CCCB76,Alborosie - Likkle Africa,0.3138151391571557
TRGQBAX128F426EFCA,SOERZLJ12A8C132D53,AR5FP401187FB523C9,Bob Dylan,Ballad In Plain D,folk,TRFUJVJ128F426F2A2,Lauryn Hill - Interlude 5,4363.0,TRDPGXU128F9339C2A,Beastie Boys - B-Boy Bouillabaisse: A.W.O.L. (2009 Digital Remaster),4319.0,TRCHZXW128E079288A,Eminem - 8 Mile,3527.0,TRDPGXU128F9339C2A,Beastie Boys - B-Boy Bouillabaisse: A.W.O.L. (2009 Digital Remaster),3868.1462499999984,TRFUJVJ128F426F2A2,Lauryn Hill - Interlude 5,3823.8799999999987,TRCHZXW128E079288A,Eminem - 8 Mile,3186.753749999999,TRIGERV128F1478764,Con Funk Shun - Electric Lady,0.7656771058305044,TRAQDFB128F4234E3B,Example - Birthday Card,0.7493331908470001,TRTDVZO128F146EB73,Chicago - Caroline (Album Version),0.744421710432285,TRIGERV128F1478764,Con Funk Shun - Electric Lady,0.7786801438980581,TRAQDFB128F4234E3B,Example - Birthday Card,0.7638939200181829,TRTDVZO128F146EB73,Chicago - Caroline (Album Version),0.7600571652544487,TRDPGXU128F9339C2A,Beastie Boys - B-Boy Bouillabaisse: A.W.O.L. (2009 Digital Remaster),339.33616766101255,TRFUJVJ128F426F2A2,Lauryn Hill - Interlude 5,331.32491245600363,TRCHZXW128E079288A,Eminem - 8 Mile,275.66685447540215,TRXJTJZ128F4295464,The Corrs - Queen Of Hollywood ( LP Version ),167.50806091422467,TRBDCAH128EF362D31,The Pharcyde - Passin' Me By,133.29890702271703,TRSOZDW128F9318C00,Robin Trower - Day Of The Eagle,127.88521748061383,TRXNHEE128F934B422,Cannibal Corpse - Nothing Left to Mutilate,0.28106162482339964,TRUEZRF128F149599A,Kitty Wells - Mommy For A Day,0.27547298557094796,TRDWTIS128F4288E85,Stephen Lynch - Albino,0.27002974361698034,TRUEZRF128F149599A,Kitty Wells - Mommy For A Day,0.3443253650467544,TRBDCAH128EF362D31,The Pharcyde - Passin' Me By,0.34295700876159463,TRXNHEE128F934B422,Cannibal Corpse - Nothing Left to Mutilate,0.33999422746452257
TRGSDTP128F92F76D1,SOHMZEX12A8C132F5F,AR5FP401187FB523C9,Bob Dylan,One Of Us Must Know (Sooner Or Later),folk,TRFUJVJ128F426F2A2,Lauryn Hill - Interlude 5,8617.0,TRWSYHO128F4282346,Twista - I'm A Winner (Amended Album Version),6823.0,TREBGAA128E078FC52,Erykah Badu - I Want You,5664.0,TRFUJVJ128F426F2A2,Lauryn Hill - Interlude 5,8099.960000000001,TRWSYHO128F4282346,Twista - I'm A Winner (Amended Album Version),6485.097500000001,TREBGAA128E078FC52,Erykah Badu - I Want You,5473.973749999996,TRWNUXN128F93095BF,Angela Bofill - I Try,0.8249023999190265,TRIOKOC128F4267572,Leonard Cohen - Chelsea Hotel #2,0.8194665364814029,TRNHSZN128F930FF03,Clawfinger - Revenge,0.8091981097180726,TRWNUXN128F93095BF,Angela Bofill - I Try,0.8300310278249087,TRIOKOC128F4267572,Leonard Cohen - Chelsea Hotel #2,0.8255527888645763,TRNHSZN128F930FF03,Clawfinger - Revenge,0.8158894872455159,TRFUJVJ128F426F2A2,Lauryn Hill - Interlude 5,343.357483734174,TRCHZXW128E079288A,Eminem - 8 Mile,223.35633658421602,TRKGULH128F428C170,Mobb Deep - Trife Life,223.20651021500137,TRFUJVJ128F426F2A2,Lauryn Hill - Interlude 5,193.68338899305047,TRGHYGG12903CAC100,R. Kelly - Kickin' It With Your Girlfriend,140.9720429878944,TRHSMEG128F42BC646,Aaron Carter - That's How I Beat Shaq,133.61927854454868,TRFFGMF128F1490E68,The Mighty Mighty Bosstones - The Skeleton Song,0.3128856631886969,TRGKQYE128F92E235D,Robert Palmer - I Didn't Mean To Turn You On,0.3009204076933521,TRMTJJT128F14636D9,Lloyd Cole - I Didn't Know That You Cared,0.2813307245806396,TRFFGMF128F1490E68,The Mighty Mighty Bosstones - The Skeleton Song,0.366870252716663,TRFUJVJ128F426F2A2,Lauryn Hill - Interlude 5,0.3509503755085583,TREHMUM12903CA8188,Bobby Bare - Numbers,0.3493588569218357
TRMRMTN128F92D426F,SOIZDJI12A8C1435C7,ARSF0K11187B9AF319,James Taylor,It's Growing,folk,TRFUJVJ128F426F2A2,Lauryn Hill - Interlude 5,5582.0,TRBVPVV128F425F14F,Daft Punk - Touch It / Technologic,4204.0,TRGUCIR128F933D817,Vanilla Ice - Ice Is Workin' It,4069.0,TRFUJVJ128F426F2A2,Lauryn Hill - Interlude 5,5028.160000000003,TRBVPVV128F425F14F,Daft Punk - Touch It / Technologic,3985.3987499999985,TRGUCIR128F933D817,Vanilla Ice - Ice Is Workin' It,3807.13,TRAOTAR128E07846FE,Big Bad Voodoo Daddy - Big And Bad,0.6544471983993555,TRGSGOW128EF3456D4,16 Horsepower - Coal Black Horses,0.6411735414584435,TRNWQYN128F4284F1D,TLC - Shock Dat Monkey,0.5359128863342336,TRAOTAR128E07846FE,Big Bad Voodoo Daddy - Big And Bad,0.6623058767432092,TRGSGOW128EF3456D4,16 Horsepower - Coal Black Horses,0.6494944600193853,TRNWQYN128F4284F1D,TLC - Shock Dat Monkey,0.5487054736705547,TRFUJVJ128F426F2A2,Lauryn Hill - Interlude 5,295.4894528590804,TRWNERP128F9339C0F,Beastie Boys - Hey Ladies (2009 Digital Remaster),190.04396009560924,TRGSGOW128EF3456D4,16 Horsepower - Coal Black Horses,185.3281550051125,TRFUJVJ128F426F2A2,Lauryn Hill - Interlude 5,161.35727133361908,TRGSGOW128EF3456D4,16 Horsepower - Coal Black Horses,152.3963468744447,TROJQJH128F935E5B4,Anthony David - Stop Playin',150.04974514919445,TRSYHZK128F92D5BC5,Lesley Gore - Hey Now,0.30656438500759986,TRBDWRY128F427991E,Stevie Ray Vaughan And Double Trouble - Tin Pan Alley (aka Roughest Place In Town),0.30185205993087155,TROJQJH128F935E5B4,Anthony David - Stop Playin',0.29919241505587796,TROJQJH128F935E5B4,Anthony David - Stop Playin',0.33726486448287507,TRECGEG128F42994F8,Nina Simone - Blues Prelude,0.33725926716918364,TRBDWRY128F427991E,Stevie Ray Vaughan And Double Trouble - Tin Pan Alley (aka Roughest Place In Town),0.33724674125748416
TRDFPTZ128F14B108C,SOJKUOG12A6D4FD11D,ARSF0K11187B9AF319,James Taylor,Oh_ Susannah (LP Version),folk,TRDPGXU128F9339C2A,Beastie Boys - B-Boy Bouillabaisse: A.W.O.L. (2009 Digital Remaster),2513.0,TRFUJVJ128F426F2A2,Lauryn Hill - Interlude 5,2392.0,TRWSYHO128F4282346,Twista - I'm A Winner (Amended Album Version),2121.0,TRDPGXU128F9339C2A,Beastie Boys - B-Boy Bouillabaisse: A.W.O.L. (2009 Digital Remaster),2319.1175000000003,TRFUJVJ128F426F2A2,Lauryn Hill - Interlude 5,2160.16,TRWSYHO128F4282346,Twista - I'm A Winner (Amended Album Version),1969.485,TRNVKOI128E0799173,Snoop Dogg - Snoopafella (Edited),0.7393268470616096,TRJPNAE128F425FAFB,King Tee - Act A Fool,0.723399579469537,TRPIVIW128F42B63B0,Arc Angels - Shape I'm In,0.7175666732967817,TRNVKOI128E0799173,Snoop Dogg - Snoopafella (Edited),0.751170263555241,TRJPNAE128F425FAFB,King Tee - Act A Fool,0.7361404325547102,TRDPGXU128F9339C2A,Beastie Boys - B-Boy Bouillabaisse: A.W.O.L. (2009 Digital Remaster),0.7270736977073202,TRDPGXU128F9339C2A,Beastie Boys - B-Boy Bouillabaisse: A.W.O.L. (2009 Digital Remaster),153.16021068654572,TRQWDRK128F4241A32,Twista - Overdose (Album Version),145.9016385648593,TRFUJVJ128F426F2A2,Lauryn Hill - Interlude 5,119.77905038635221,TROHITX128F92D288C,Jolie Holland - Love Henry,96.73190010586673,TRYMSOG128F423850C,Ayo - Down On My Knees,90.74170492332024,TRQWDRK128F4241A32,Twista - Overdose (Album Version),83.54676978036575,TROHITX128F92D288C,Jolie Holland - Love Henry,0.35209511028773266,TRYMSOG128F423850C,Ayo - Down On My Knees,0.35181210608088115,TRFTCVG128F4231AB1,Ramones - Needles And Pins (Remastered Album Version ),0.32758077132392216,TROHITX128F92D288C,Jolie Holland - Love Henry,0.39651264630031463,TRYMSOG128F423850C,Ayo - Down On My Knees,0.38260432040445475,TRFTCVG128F4231AB1,Ramones - Needles And Pins (Remastered Album Version ),0.3671005272113304
TROZEMN128F4262CCA,SOHSTLE12A8C132425,ARSF0K11187B9AF319,James Taylor,Something In The Way She Moves,folk,TRFUJVJ128F426F2A2,Lauryn Hill - Interlude 5,4724.0,TRDPGXU128F9339C2A,Beastie Boys - B-Boy Bouillabaisse: A.W.O.L. (2009 Digital Remaster),3817.0,TRYCBLK12903CE6A0E,Twiztid - She Ain't Afraid,3260.0,TRFUJVJ128F426F2A2,Lauryn Hill - Interlude 5,4229.039999999999,TRDPGXU128F9339C2A,Beastie Boys - B-Boy Bouillabaisse: A.W.O.L. (2009 Digital Remaster),3403.0762499999987,TRYCBLK12903CE6A0E,Twiztid - She Ain't Afraid,2971.833750000001,TRLVRJP128F93519FB,Atmosphere - Hair,0.6717997645006976,TRYWUBG128F14771B5,Obie Trice - Got Some Teeth,0.6500910799894823,TRBDCAH128EF362D31,The Pharcyde - Passin' Me By,0.6495420206197383,TRLVRJP128F93519FB,Atmosphere - Hair,0.6898237509042626,TRYWUBG128F14771B5,Obie Trice - Got Some Teeth,0.6668673603111734,TRBDCAH128EF362D31,The Pharcyde - Passin' Me By,0.6661505056060111,TRFUJVJ128F426F2A2,Lauryn Hill - Interlude 5,275.3018070281613,TRDPGXU128F9339C2A,Beastie Boys - B-Boy Bouillabaisse: A.W.O.L. (2009 Digital Remaster),274.046451458833,TRVDTEO128F14956CF,Eric B. & Rakim - What's On Your Mind,199.11079994225133,TRFUJVJ128F426F2A2,Lauryn Hill - Interlude 5,119.58571902883509,TRDPGXU128F9339C2A,Beastie Boys - B-Boy Bouillabaisse: A.W.O.L. (2009 Digital Remaster),115.33088772516881,TRVDTEO128F14956CF,Eric B. & Rakim - What's On Your Mind,113.99247569430607,TRBYQEL128F427E807,Skip James - Cherry Ball Blues,0.3369846401821763,TRMRAFF128F92FB7D1,Little Walter - You're So Fine,0.3065615508251532,TRPPTMD128F42ADC71,Phantom Planet - By The Bed,0.26656425857722105,TRBYQEL128F427E807,Skip James - Cherry Ball Blues,0.37800989412500113,TRMRAFF128F92FB7D1,Little Walter - You're So Fine,0.3517217944422391,TRPPTMD128F42ADC71,Phantom Planet - By The Bed,0.33532986353410316
TRGAZWQ12903CB0BA9,SOGJZZZ12AF72AA43B,ARYQES41187B9B960F,David Gray,Draw The Line,folk,TRFUJVJ128F426F2A2,Lauryn Hill - Interlude 5,1466.0,TRDPGXU128F9339C2A,Beastie Boys - B-Boy Bouillabaisse: A.W.O.L. (2009 Digital Remaster),1176.0,TRLCWTH128F92C7F82,Marques Houston - Cancel (Album Version),1002.0,TRFUJVJ128F426F2A2,Lauryn Hill - Interlude 5,1160.5599999999997,TRDPGXU128F9339C2A,Beastie Boys - B-Boy Bouillabaisse: A.W.O.L. (2009 Digital Remaster),920.5674999999998,TRLCWTH128F92C7F82,Marques Houston - Cancel (Album Version),898.0425,TRZEZAI128F42A8EB8,Against All Authority - Stand In Line,0.43708266604311535,TRBJKLA128EF343637,Beck - Farewell Ride,0.4354391998669559,TRYKNCT128F148B016,Pat Green - California,0.43100933238324235,TRZEZAI128F42A8EB8,Against All Authority - Stand In Line,0.4568882237507943,TRBJKLA128EF343637,Beck - Farewell Ride,0.4554883361460728,TRYKNCT128F148B016,Pat Green - California,0.4541322126490904,TRFUJVJ128F426F2A2,Lauryn Hill - Interlude 5,191.81334705411317,TRDPGXU128F9339C2A,Beastie Boys - B-Boy Bouillabaisse: A.W.O.L. (2009 Digital Remaster),191.19847189165057,TRCHZXW128E079288A,Eminem - 8 Mile,181.34059263617064,TRRXXQS128F14B027B,Black Box - Strike It Up,104.67779331771972,TRQCXUL128E078A9D6,The Streets - The Irony Of It All (Album Version),99.19657870275107,TRDGEKV128F1487CCF,Heaven 17 - We're Going To Live For A Very Long Time (2006 Digital Remaster),96.32903457398557,TRRXXQS128F14B027B,Black Box - Strike It Up,0.29117859578894084,TRATUZM128F14712B8,ZZ Top - Move Me On Down The Line [Remastered Album Version],0.24485867066984793,TRBJKLA128EF343637,Beck - Farewell Ride,0.22593237765019528,TRRXXQS128F14B027B,Black Box - Strike It Up,0.3385578381756162,TRQCXUL128E078A9D6,The Streets - The Irony Of It All (Album Version),0.30192869119615884,TRWJQPJ128F426F26E,Lauryn Hill - Adam Lives In Theory,0.2874770452972278
TRSNACX128E078AA88,SOKYDGS12A6701E3CB,ARYQES41187B9B960F,David Gray,Sail Away,folk,TREZBFM128F428508A,Fatboy Slim - The Rockafeller Skank,4327.0,TRFUJVJ128F426F2A2,Lauryn Hill - Interlude 5,3842.0,TRUGLTC128F4227B93,Danity Kane - Hold Me Down (Album Version),3580.0,TREZBFM128F428508A,Fatboy Slim - The Rockafeller Skank,4138.199999999994,TRFUJVJ128F426F2A2,Lauryn Hill - Interlude 5,3407.7599999999984,TRUGLTC128F4227B93,Danity Kane - Hold Me Down (Album Version),3378.8099999999977,TRGCYUP12903CF418D,OV7 - Angelica,0.6312952792090802,TRRZSBO128F428BE44,Usher - Nice & Slow,0.6208463246777806,TRAEJKZ128F4280CA5,The Quireboys - Misled,0.6154786750501658,TRGCYUP12903CF418D,OV7 - Angelica,0.6422368518882587,TRRZSBO128F428BE44,Usher - Nice & Slow,0.6338410188205807,TRAEJKZ128F4280CA5,The Quireboys - Misled,0.6288536656274727,TRYAWRN128F42792CB,Janis Joplin - Kozmic Blues,173.04798650455666,TRVZZRI128F14650C4,Keri Noble - Piece Of My Heart,170.47049789996035,TRFUJVJ128F426F2A2,Lauryn Hill - Interlude 5,157.50022079948974,TRYAWRN128F42792CB,Janis Joplin - Kozmic Blues,129.11478474474865,TRVZZRI128F14650C4,Keri Noble - Piece Of My Heart,125.34126041010902,TRLKEBM128E0799ACC,Boyz II Men - Never Go Away,96.7514163017647,TRWUSVJ128F92E296F,George Thorogood And The Destroyers - Give Me Back My Wig,0.31859587257615474,TRPMHHP128F933DB50,Boyz II Men - Shining Star,0.2768965031095696,TRLKEBM128E0799ACC,Boyz II Men - Never Go Away,0.27206141236390186,TRWUSVJ128F92E296F,George Thorogood And The Destroyers - Give Me Back My Wig,0.3470198645883835,TRLKEBM128E0799ACC,Boyz II Men - Never Go Away,0.32411122742946746,TRPMHHP128F933DB50,Boyz II Men - Shining Star,0.31730949483214227
TRXCQOC12903CB0BBA,SOEWUQY12AB0188156,ARYQES41187B9B960F,David Gray,Stella The Artist,folk,TRFUJVJ128F426F2A2,Lauryn Hill - Interlude 5,1637.0,TRDPGXU128F9339C2A,Beastie Boys - B-Boy Bouillabaisse: A.W.O.L. (2009 Digital Remaster),1278.0,TRYCBLK12903CE6A0E,Twiztid - She Ain't Afraid,1016.0,TRFUJVJ128F426F2A2,Lauryn Hill - Interlude 5,1419.8799999999992,TRDPGXU128F9339C2A,Beastie Boys - B-Boy Bouillabaisse: A.W.O.L. (2009 Digital Remaster),1096.4275,TRYCBLK12903CE6A0E,Twiztid - She Ain't Afraid,889.5925000000005,TRGQBAX128F426EFCA,Bob Dylan - Ballad In Plain D,0.470142089766118,TRMZUWA12903C9AF06,Biz Markie - Vapors,0.4701387893544121,TRCUZVN128F92F3C9A,Karan Casey - Song Of Lies,0.46324994839952827,TRMZUWA12903C9AF06,Biz Markie - Vapors,0.5017708039497569,TRGQBAX128F426EFCA,Bob Dylan - Ballad In Plain D,0.49636157511637835,TRCUZVN128F92F3C9A,Karan Casey - Song Of Lies,0.48815745465517957,TRDPGXU128F9339C2A,Beastie Boys - B-Boy Bouillabaisse: A.W.O.L. (2009 Digital Remaster),155.05705659531193,TRFUJVJ128F426F2A2,Lauryn Hill - Interlude 5,144.1707167487396,TRBKQJB128F934EEF7,Ying Yang Twins - 1st Booty On Duty,132.98878084525415,TRBKQJB128F934EEF7,Ying Yang Twins - 1st Booty On Duty,90.55686064154794,TRDPGXU128F9339C2A,Beastie Boys - B-Boy Bouillabaisse: A.W.O.L. (2009 Digital Remaster),79.50149158466625,TRDUSIG12903CA5FCB,Savatage - The Hourglass,76.02335007492952,TRAIBCE128F428F082,Fairground Attraction - Winter Rose,0.370264030028287,TRSAGIL128F42366CE,Leadbelly - Keep Your Hands Off Her,0.316024780965202,TRBWYPY128F4262D79,Gene Watson - ROSE IN THE SAND,0.27321296510627163,TRAIBCE128F428F082,Fairground Attraction - Winter Rose,0.3813226439364804,TRSAGIL128F42366CE,Leadbelly - Keep Your Hands Off Her,0.3352663093334754,TRNXTEY128F428B4D8,Noe Venable - Prayer for Beauty,0.3081853878406747
TRPGPVH128F429B2F0,SOGACYC12A8C13C528,ARZWK2R1187B98F09F,Rise Against,Swing Life Away (Acoustic),folk,TRFUJVJ128F426F2A2,Lauryn Hill - Interlude 5,4554.0,TRDPGXU128F9339C2A,Beastie Boys - B-Boy Bouillabaisse: A.W.O.L. (2009 Digital Remaster),3753.0,TRWSYHO128F4282346,Twista - I'm A Winner (Amended Album Version),3492.0,TRFUJVJ128F426F2A2,Lauryn Hill - Interlude 5,4106.879999999999,TRDPGXU128F9339C2A,Beastie Boys - B-Boy Bouillabaisse: A.W.O.L. (2009 Digital Remaster),3379.083749999999,TRWSYHO128F4282346,Twista - I'm A Winner (Amended Album Version),3199.7924999999996,TRELWVS128F422B91A,Josh Turner - Soulmate,0.7046213058004952,TRFUNRS128F9346BF4,Tony Sly - On the Outside,0.6898616654683779,TRDGGRW128F931EA53,Skankin' Pickle - Gas In My Car,0.6801670204477925,TRELWVS128F422B91A,Josh Turner - Soulmate,0.7189496142418095,TRFUNRS128F9346BF4,Tony Sly - On the Outside,0.706768690944044,TRDGGRW128F931EA53,Skankin' Pickle - Gas In My Car,0.697442950464658,TRFUJVJ128F426F2A2,Lauryn Hill - Interlude 5,264.3623515797913,TRCHZXW128E079288A,Eminem - 8 Mile,228.55649239402587,TRBKQJB128F934EEF7,Ying Yang Twins - 1st Booty On Duty,207.5670691028537,TRBKQJB128F934EEF7,Ying Yang Twins - 1st Booty On Duty,122.38278261326374,TRLXKVH128E0785AFE,Big & Rich - Live This Life (Album Version + Non-Music Hidden Track),115.73645649385666,TRFUJVJ128F426F2A2,Lauryn Hill - Interlude 5,115.5471727496339,TRZUMSX128E078F796,Gary Allan - Bourbon Borderline,0.2935421918417252,TROBGJN128E0782FC9,Kings Of Convenience - Summer On The West Hill,0.2931416423917829,TROUQTS12903CE4D4B,Rebelution - Moonlight,0.27981466585572207,TRZUMSX128E078F796,Gary Allan - Bourbon Borderline,0.3369133426887831,TROBGJN128E0782FC9,Kings Of Convenience - Summer On The West Hill,0.33450871406098964,TRNHSZN128F930FF03,Clawfinger - Revenge,0.33163144308067655
TRHLRGU128F42643FB,SORGTNE12D02193408,AR5FP401187FB523C9,Bob Dylan,Billy 4,folk,TRFUJVJ128F426F2A2,Lauryn Hill - Interlude 5,3007.0,TRWSYHO128F4282346,Twista - I'm A Winner (Amended Album Version),2423.0,TRGLNKG128F9307689,Eminem - My Darling,2140.0,TRFUJVJ128F426F2A2,Lauryn Hill - Interlude 5,2607.72,TRWSYHO128F4282346,Twista - I'm A Winner (Amended Album Version),2162.0575,TRLDRYJ128F930BBB4,Pain of Salvation - Spitfall,1939.955,TRLDRYJ128F930BBB4,Pain of Salvation - Spitfall,0.6418661041430549,TRYHHPK128F42A4CAF,Murs - The Dance,0.593224739387696,TRGHLRP128F425A01D,Warrant - Hollywood (So Far_ So Good),0.5865989028345342,TRLDRYJ128F930BBB4,Pain of Salvation - Spitfall,0.6626789551653871,TRYHHPK128F42A4CAF,Murs - The Dance,0.6265403539181253,TRTTOLE128F427656E,John Cale - Graham Greene,0.6059454199125038,TRDPGXU128F9339C2A,Beastie Boys - B-Boy Bouillabaisse: A.W.O.L. (2009 Digital Remaster),283.085508821287,TRDUSIG12903CA5FCB,Savatage - The Hourglass,222.76604678842045,TRYHHPK128F42A4CAF,Murs - The Dance,216.29327259886196,TRMWYIH128E078DCA6,Nelly - St. Louie,125.81423532887341,TRDPGXU128F9339C2A,Beastie Boys - B-Boy Bouillabaisse: A.W.O.L. (2009 Digital Remaster),110.66404328370989,TRZARUP128F9348146,KMD - Plumskinzz (Loose Hoe_ God & Cupid),108.1878806284518,TRNZFGV128F92FCFEC,Etta Jones - Something to remember you by,0.261307416125141,TRVPHEE128F14B1263,Neil Young - Down By The River [Live At Massey Hall 1971],0.24875308379808198,TRLUHVQ128F4269003,Lacy J. Dalton - Whisper,0.23739091673434354,TRMWYIH128E078DCA6,Nelly - St. Louie,0.308745511750744,TRIFVKW128F145C141,Gang Starr - The Illest Brother,0.30480277321878674,TRNZFGV128F92FCFEC,Etta Jones - Something to remember you by,0.30158591540178137
TRFCCKL128F426EE8E,SORACYK12D02193097,AR5FP401187FB523C9,Bob Dylan,Stuck Inside Of Mobile With The Memphis Blues Again,folk,TRFUJVJ128F426F2A2,Lauryn Hill - Interlude 5,7190.0,TRDPGXU128F9339C2A,Beastie Boys - B-Boy Bouillabaisse: A.W.O.L. (2009 Digital Remaster),5605.0,TRWSYHO128F4282346,Twista - I'm A Winner (Amended Album Version),4521.0,TRFUJVJ128F426F2A2,Lauryn Hill - Interlude 5,6336.239999999998,TRDPGXU128F9339C2A,Beastie Boys - B-Boy Bouillabaisse: A.W.O.L. (2009 Digital Remaster),4891.02,TRWSYHO128F4282346,Twista - I'm A Winner (Amended Album Version),3963.040000000001,TRMZUWA12903C9AF06,Biz Markie - Vapors,0.6353965509281014,TRZGDIA128F4294E98,Tonedeff - Ridiculous,0.6167885032279063,TRJISRM128F9328AD4,The Arrogant Sons Of Bitches - Kill The President,0.6160583982478217,TRMZUWA12903C9AF06,Biz Markie - Vapors,0.6678006172278396,TRZGDIA128F4294E98,Tonedeff - Ridiculous,0.6462188123703354,TRLVRJP128F93519FB,Atmosphere - Hair,0.6437198518961156,TRDPGXU128F9339C2A,Beastie Boys - B-Boy Bouillabaisse: A.W.O.L. (2009 Digital Remaster),522.9782054898216,TRFUJVJ128F426F2A2,Lauryn Hill - Interlude 5,505.5609214627016,TRYHHPK128F42A4CAF,Murs - The Dance,362.8333379462985,TRDPGXU128F9339C2A,Beastie Boys - B-Boy Bouillabaisse: A.W.O.L. (2009 Digital Remaster),221.1368101947243,TRFUJVJ128F426F2A2,Lauryn Hill - Interlude 5,209.4238560991395,TRDSBLQ128E0781BA2,Spearhead - Tha Payroll (Stay Strong),193.83663690537188,TRMYEPQ128E0791D78,Extreme - Li'l Jack Horny,0.3170599135326456,TRDMPXO128F424D2B9,Bessie Smith - Beale Street Mama,0.30902903321047825,TRRMFJW128EF34FE5E,Judge Dread - The Winkle Man,0.28868134076771923,TRRMFJW128EF34FE5E,Judge Dread - The Winkle Man,0.3755229974769261,TRDMPXO128F424D2B9,Bessie Smith - Beale Street Mama,0.3733716703892366,TRDPGXU128F9339C2A,Beastie Boys - B-Boy Bouillabaisse: A.W.O.L. (2009 Digital Remaster),0.3649269897433221
TRGOYOU128F93223F2,SOWILEH12CF5F8729B,AR5FP401187FB523C9,Bob Dylan,Pretty Peggy-O,folk,TRFUJVJ128F426F2A2,Lauryn Hill - Interlude 5,1454.0,TRDPGXU128F9339C2A,Beastie Boys - B-Boy Bouillabaisse: A.W.O.L. (2009 Digital Remaster),1186.0,TRGLNKG128F9307689,Eminem - My Darling,1144.0,TRFUJVJ128F426F2A2,Lauryn Hill - Interlude 5,1201.92,TRLCWTH128F92C7F82,Marques Houston - Cancel (Album Version),1014.2037500000001,TRGLNKG128F9307689,Eminem - My Darling,989.7037499999999,TRRHFQK128F4264FE9,Rasputina - Mr. E. Leon Rauis,0.5228907274239639,TRMQMTC128F428A516,Bad Religion - Automatic Man (Album Version),0.5110774648400737,TRNTOIK128F42586F1,Bauhaus - The Sanity Assassin,0.5018354299347376,TRRHFQK128F4264FE9,Rasputina - Mr. E. Leon Rauis,0.5416654706732521,TRMQMTC128F428A516,Bad Religion - Automatic Man (Album Version),0.5282993028416241,TRFWQKZ128F428FD83,THERION - Darkness eve,0.5179596269795272,TRDPGXU128F9339C2A,Beastie Boys - B-Boy Bouillabaisse: A.W.O.L. (2009 Digital Remaster),161.24898321054894,TRFUJVJ128F426F2A2,Lauryn Hill - Interlude 5,154.59558267896728,TROFSLV128F92E389A,Binary Star - Wolfman Jack,132.59880099267122,TRHYGME128F92FCC03,Dixie Chicks - Travelin' Soldier,94.35808349358886,TRPNKXE128F933B0D1,Gillian Welch - Elvis Presley Blues,91.40659440436421,TRAHZIL12903CF1DC2,Blind Willie Johnson - If I Had My Way I'd Tear This Building Down,88.58561050253165,TRVTTKT128F148C6DA,John Mayall - My Pretty Girl,0.29900585082803094,TRCLOOS128F4246376,Capdown - Truly Dead,0.2824733116571027,TRQFRHF128C71968AA,The Charlatans - Dead Love,0.2650012735028914,TRVTTKT128F148C6DA,John Mayall - My Pretty Girl,0.3213486694890264,TRCLOOS128F4246376,Capdown - Truly Dead,0.31770425398265045,TRQFRHF128C71968AA,The Charlatans - Dead Love,0.29403790434552673
TROMGSH128F427A408,SOBADWZ12CF5F86CD7,AR5FP401187FB523C9,Bob Dylan,She Belongs To Me,folk,TRYCBLK12903CE6A0E,Twiztid - She Ain't Afraid,1718.0,TRAUNHR128F92DBBC1,UGK (Underground Kingz) - She Luv It,1594.0,TRXJTJZ128F4295464,The Corrs - Queen Of Hollywood ( LP Version ),1481.0,TRYCBLK12903CE6A0E,Twiztid - She Ain't Afraid,1578.7375000000004,TRAUNHR128F92DBBC1,UGK (Underground Kingz) - She Luv It,1500.4000000000003,TRXJTJZ128F4295464,The Corrs - Queen Of Hollywood ( LP Version ),1402.6749999999995,TRFEVDF128F4214874,Lionel Richie - She's Amazing,0.7441348931319411,TRNIMKL128F9301867,Janie Fricke - She's Single Again,0.7286398001650657,TREEGKN128F1461867,DAN SEALS - Addicted,0.7259392328589439,TRFEVDF128F4214874,Lionel Richie - She's Amazing,0.7496652116822717,TRNIMKL128F9301867,Janie Fricke - She's Single Again,0.7369258686409615,TREEGKN128F1461867,DAN SEALS - Addicted,0.7344662537966612,TRYCBLK12903CE6A0E,Twiztid - She Ain't Afraid,158.6665799458677,TRBKQJB128F934EEF7,Ying Yang Twins - 1st Booty On Duty,142.98479378855288,TRLVRJP128F93519FB,Atmosphere - Hair,141.17521863999033,TRQCJFJ128F92EACF3,Freshman 15 - She's Everything,113.56220840658048,TRPUUSG128E07953B7,Shaggy - Luv Me Up,103.47373498027208,TRYCBLK12903CE6A0E,Twiztid - She Ain't Afraid,102.12524964326691,TRHAKOR128F423772E,Fear - Beef Bologna,0.3531066923701547,TRLMDNM128F4292F74,Lee Roy Parnell - When A Woman Loves A Man,0.3332674886073412,TRQCJFJ128F92EACF3,Freshman 15 - She's Everything,0.33082348991343474,TRLMDNM128F4292F74,Lee Roy Parnell - When A Woman Loves A Man,0.3699979854556346,TRQCJFJ128F92EACF3,Freshman 15 - She's Everything,0.36635724888955457,TRHAKOR128F423772E,Fear - Beef Bologna,0.3620963612877183
TRFBWEC128F42B8346,SOFDFBL12CF5F89018,AR5FP401187FB523C9,Bob Dylan,When The Deal Goes Down,folk,TRFUJVJ128F426F2A2,Lauryn Hill - Interlude 5,4500.0,TRDPGXU128F9339C2A,Beastie Boys - B-Boy Bouillabaisse: A.W.O.L. (2009 Digital Remaster),3401.0,TRWSYHO128F4282346,Twista - I'm A Winner (Amended Album Version),3122.0,TRFUJVJ128F426F2A2,Lauryn Hill - Interlude 5,4137.519999999999,TRDPGXU128F9339C2A,Beastie Boys - B-Boy Bouillabaisse: A.W.O.L. (2009 Digital Remaster),3097.8662499999987,TRWSYHO128F4282346,Twista - I'm A Winner (Amended Album Version),2885.1075,TROJYOU12903CBD2A8,Martin Jondo - Hold You,0.7790156913243186,TREEAAM128F4278BF4,Hieroglyphics - Shift Shape,0.7589073932774928,TRQCXUL128E078A9D6,The Streets - The Irony Of It All (Album Version),0.7532121135683523,TROJYOU12903CBD2A8,Martin Jondo - Hold You,0.7910491929359419,TREEAAM128F4278BF4,Hieroglyphics - Shift Shape,0.7729686927188213,TRQCXUL128E078A9D6,The Streets - The Irony Of It All (Album Version),0.7677562712748037,TRFUJVJ128F426F2A2,Lauryn Hill - Interlude 5,232.64456769345827,TRDPGXU128F9339C2A,Beastie Boys - B-Boy Bouillabaisse: A.W.O.L. (2009 Digital Remaster),231.34733243888945,TRCHZXW128E079288A,Eminem - 8 Mile,215.800304126523,TRZNEII128F93319A2,Kristine W - Strings,103.80321757392207,TRCHZXW128E079288A,Eminem - 8 Mile,91.04455452974709,TRPOYEF128F4223199,Billy Talent - Red Flag,90.51151409603173,TRZNEII128F93319A2,Kristine W - Strings,0.23680904275617887,TRQHWDW128E078A651,Billy Corgan - Strayz (Album Version),0.23058512730095193,TRGKYFE128E0791D62,Carpenters - Eventide,0.22738567309122293,TRZNEII128F93319A2,Kristine W - Strings,0.3104128685378069,TRBRSVP128F4216C2A,Only Crime - Framed Then Failed,0.288548527790627,TRZTHTC128F423D121,Sally Shapiro - Hold Me So Tight,0.2853853559021894
TRDVYVJ128F426F7C0,SOXYGEE12CF5F875CF,AR5FP401187FB523C9,Bob Dylan,With God On Our Side,folk,TRFUJVJ128F426F2A2,Lauryn Hill - Interlude 5,3985.0,TRDPGXU128F9339C2A,Beastie Boys - B-Boy Bouillabaisse: A.W.O.L. (2009 Digital Remaster),3634.0,TRGUCIR128F933D817,Vanilla Ice - Ice Is Workin' It,2801.0,TRFUJVJ128F426F2A2,Lauryn Hill - Interlude 5,3508.440000000001,TRDPGXU128F9339C2A,Beastie Boys - B-Boy Bouillabaisse: A.W.O.L. (2009 Digital Remaster),3235.463749999999,TRGUCIR128F933D817,Vanilla Ice - Ice Is Workin' It,2575.6699999999964,TRJADED128E078FB2A,Lost Boyz - Keep It Real,0.7048937862645763,TRWFXWM128F148D2D1,Warren G - We Brings Heat,0.6934558728704395,TRCNQIU128F1469E36,Mack 10 - LBC And The ING (Explicit),0.6713103670352489,TRJADED128E078FB2A,Lost Boyz - Keep It Real,0.7258165704315714,TRWFXWM128F148D2D1,Warren G - We Brings Heat,0.7158439676971885,TRCNQIU128F1469E36,Mack 10 - LBC And The ING (Explicit),0.6962439773360479,TRFUJVJ128F426F2A2,Lauryn Hill - Interlude 5,296.70954033375693,TRDUSIG12903CA5FCB,Savatage - The Hourglass,279.19643547179663,TRDPGXU128F9339C2A,Beastie Boys - B-Boy Bouillabaisse: A.W.O.L. (2009 Digital Remaster),265.68651575368705,TRAIUPS128F92F2825,Ensiferum - Into Battle,144.06166872490874,TRDUSIG12903CA5FCB,Savatage - The Hourglass,142.3328508793195,TRJHZTW12903CA1A25,Blind Willie Johnson - Jesus Is Coming Soon,129.19226179453224,TRAIUPS128F92F2825,Ensiferum - Into Battle,0.30925524868878335,TRETDXU128F9308FB1,Discharge - Realities Of War,0.2795319066668525,TRNQUDL128F9310C3E,Nile - Kafir !,0.2781734623788358,TRAIUPS128F92F2825,Ensiferum - Into Battle,0.3692832041380839,TRJIBBZ128F425149A,Dead Kennedys - Kinky Sex Makes the World Go 'Round,0.335946468059485,TRLADEI128F932BBBA,Funker Vogt - Thanks For Nothing,0.33096235294818327
TREKVGV128E0788976,SOSHHZB12A6701F0C5,ARN5NHX1187FB4F755,The Smashing Pumpkins,Terrapin,folk,TRFUJVJ128F426F2A2,Lauryn Hill - Interlude 5,2977.0,TRWSYHO128F4282346,Twista - I'm A Winner (Amended Album Version),2510.0,TREBGAA128E078FC52,Erykah Badu - I Want You,2368.0,TRFUJVJ128F426F2A2,Lauryn Hill - Interlude 5,2781.9599999999996,TRWSYHO128F4282346,Twista - I'm A Winner (Amended Album Version),2382.534999999999,TREBGAA128E078FC52,Erykah Badu - I Want You,2296.3174999999997,TRVVIWJ128F42697BA,Fat Joe - Preacher On A Sunday Morning,0.686505395893891,TRSTDLM128EF3431B6,Ayo - Only You,0.6764096026138876,TRSOZIK128F934C856,Y&T - Beautiful Dreamer,0.6739731453621983,TRVVIWJ128F42697BA,Fat Joe - Preacher On A Sunday Morning,0.6963398906057763,TRSTDLM128EF3431B6,Ayo - Only You,0.6852653143008917,TRSOZIK128F934C856,Y&T - Beautiful Dreamer,0.6809746977294956,TRHKJVR128F42857EA,DJ Quik - Safe + Sound,130.19833104809933,TRLVRJP128F93519FB,Atmosphere - Hair,102.29540173669152,TRFUJVJ128F426F2A2,Lauryn Hill - Interlude 5,101.73599652806212,TRHKJVR128F42857EA,DJ Quik - Safe + Sound,90.17772329485456,TRIKPWO128F4265FA9,Harry Connick_ Jr. - We Are In Love,76.08726994146588,TRFCCKL128F426EE8E,Bob Dylan - Stuck Inside Of Mobile With The Memphis Blues Again,70.16924483945799,TRIKPWO128F4265FA9,Harry Connick_ Jr. - We Are In Love,0.31268042788745753,TRGSPTC128F92DEF01,Billie Holiday - Embraceable you,0.2879861140231001,TRQNGIX12903CF36EB,Joan Baez - Black Is The Color,0.2637393591762894,TRIKPWO128F4265FA9,Harry Connick_ Jr. - We Are In Love,0.3405502381904979,TRGSPTC128F92DEF01,Billie Holiday - Embraceable you,0.30678418509416083,TRQNGIX12903CF36EB,Joan Baez - Black Is The Color,0.28364089769936635
TRUUBKE128F426F5C0,SONBFSZ12AF729E7A3,ARSF0K11187B9AF319,James Taylor,On The 4th of July,folk,TRFUJVJ128F426F2A2,Lauryn Hill - Interlude 5,3136.0,TRDPGXU128F9339C2A,Beastie Boys - B-Boy Bouillabaisse: A.W.O.L. (2009 Digital Remaster),2180.0,TRTLIKK128E07862DA,Ja Rule - One of Us,2127.0,TRFUJVJ128F426F2A2,Lauryn Hill - Interlude 5,2795.6000000000004,TRTLIKK128E07862DA,Ja Rule - One of Us,1921.1875000000011,TRDPGXU128F9339C2A,Beastie Boys - B-Boy Bouillabaisse: A.W.O.L. (2009 Digital Remaster),1895.3312499999995,TRQXNOX128F1460E10,Kurt Elling - Moonlight Serenade,0.6564247701933793,TRFIFYV128F93556D2,Sebadoh - Showtape '91,0.647005410042937,TRVWTVK128F429AAAB,Immortal Technique - The 4th Branch,0.6463528621017658,TRQXNOX128F1460E10,Kurt Elling - Moonlight Serenade,0.6741126880317854,TRFIFYV128F93556D2,Sebadoh - Showtape '91,0.6659066271574315,TRVWTVK128F429AAAB,Immortal Technique - The 4th Branch,0.6655735905638792,TRCHZXW128E079288A,Eminem - 8 Mile,220.4338774858224,TRFUJVJ128F426F2A2,Lauryn Hill - Interlude 5,210.57064127325935,TRDUSIG12903CA5FCB,Savatage - The Hourglass,192.1868332501215,TRCHZXW128E079288A,Eminem - 8 Mile,105.35477198936364,TRWETTQ12903CF2084,Watch Them Die - Resurrection,101.47115125694299,TRKTGZZ128F932A9E2,Cinderella Effect - Standing,98.73830207366095,TROVKZW128F427CA18,The Beautiful Mistake - Stavesail,0.25745495201199786,TRUAKBS128F424357F,Fates Warning - Closer To The Heart,0.23728065616079522,TRHUDCG128EF3444D6,Ian McCulloch - Proud To Fall,0.23498537299948702,TRKTGZZ128F932A9E2,Cinderella Effect - Standing,0.2903051082045201,TRHUDCG128EF3444D6,Ian McCulloch - Proud To Fall,0.28559622506650745,TROVKZW128F427CA18,The Beautiful Mistake - Stavesail,0.2818243511430992
TRJZYIT128F426D5BE,SONYMBG12CF5826721,ARSF0K11187B9AF319,James Taylor,Company Man,folk,TRFUJVJ128F426F2A2,Lauryn Hill - Interlude 5,4436.0,TRWSYHO128F4282346,Twista - I'm A Winner (Amended Album Version),3564.0,TRQAWKR128F425EEC3,Michael Jackson - Man In The Mirror,3240.0,TRFUJVJ128F426F2A2,Lauryn Hill - Interlude 5,4112.16,TRWSYHO128F4282346,Twista - I'm A Winner (Amended Album Version),3352.36,TRQAWKR128F425EEC3,Michael Jackson - Man In The Mirror,2962.3600000000006,TRHMLCK128F93085F2,Jeff Timmons - Can't You See,0.7833967498079505,TRSTDLM128EF3431B6,Ayo - Only You,0.7690250460497656,TRZBPGN128F92EDF7E,HELLYEAH - Nausea,0.7671443386897427,TRHMLCK128F93085F2,Jeff Timmons - Can't You See,0.7889231788967777,TRZBPGN128F92EDF7E,HELLYEAH - Nausea,0.7770988005949183,TRSTDLM128EF3431B6,Ayo - Only You,0.7767673301754846,TRDPGXU128F9339C2A,Beastie Boys - B-Boy Bouillabaisse: A.W.O.L. (2009 Digital Remaster),251.21155926889284,TRQAWKR128F425EEC3,Michael Jackson - Man In The Mirror,206.40383222413573,TRFUJVJ128F426F2A2,Lauryn Hill - Interlude 5,197.6239138127946,TRQAWKR128F425EEC3,Michael Jackson - Man In The Mirror,140.4734819815618,TRDPGXU128F9339C2A,Beastie Boys - B-Boy Bouillabaisse: A.W.O.L. (2009 Digital Remaster),117.51601827112691,TRIOSDC128F931FF62,Moe Bandy - The Strawberry Roan,103.8043500854027,TRXVKCF128F4233FDD,Faith No More - Chinese Arithmetic,0.2769950863057187,TRLXZCU128F4298B33,The Enemy - It's Not OK [Live From London],0.26065573667089303,TRIOSDC128F931FF62,Moe Bandy - The Strawberry Roan,0.2595802261312537,TRXVKCF128F4233FDD,Faith No More - Chinese Arithmetic,0.3465590161060666,TRIOSDC128F931FF62,Moe Bandy - The Strawberry Roan,0.33862930449455925,TRLXZCU128F4298B33,The Enemy - It's Not OK [Live From London],0.32073536691223625
TRYOIZM128F14567A0,SODRUMV12A6D4F7A58,ARTBSEF1187FB3CBDE,Jimmy Buffett,Ace,folk,TRFUJVJ128F426F2A2,Lauryn Hill - Interlude 5,2508.0,TRDPGXU128F9339C2A,Beastie Boys - B-Boy Bouillabaisse: A.W.O.L. (2009 Digital Remaster),2241.0,TRQAWKR128F425EEC3,Michael Jackson - Man In The Mirror,2060.0,TRFUJVJ128F426F2A2,Lauryn Hill - Interlude 5,2062.72,TRDPGXU128F9339C2A,Beastie Boys - B-Boy Bouillabaisse: A.W.O.L. (2009 Digital Remaster),1868.6224999999997,TRQAWKR128F425EEC3,Michael Jackson - Man In The Mirror,1678.245,TRTLLMP128F9307700,Bellamy Brothers - Old Hippie,0.675917957069113,TRQZEGA128F428FEFE,Suicidal Tendencies - Possessed To Skate,0.6572485236859028,TROFSLV128F92E389A,Binary Star - Wolfman Jack,0.6500895763653676,TRTLLMP128F9307700,Bellamy Brothers - Old Hippie,0.6899667082079847,TROFSLV128F92E389A,Binary Star - Wolfman Jack,0.67493263812083,TRQZEGA128F428FEFE,Suicidal Tendencies - Possessed To Skate,0.6720943098962607,TRDPGXU128F9339C2A,Beastie Boys - B-Boy Bouillabaisse: A.W.O.L. (2009 Digital Remaster),339.91646501831366,TRDUSIG12903CA5FCB,Savatage - The Hourglass,323.93868715111967,TRFUJVJ128F426F2A2,Lauryn Hill - Interlude 5,267.0580694470431,TRDUSIG12903CA5FCB,Savatage - The Hourglass,198.44577651483368,TRTLLMP128F9307700,Bellamy Brothers - Old Hippie,172.78584417615548,TRDPGXU128F9339C2A,Beastie Boys - B-Boy Bouillabaisse: A.W.O.L. (2009 Digital Remaster),155.4946075099683,TRTLLMP128F9307700,Bellamy Brothers - Old Hippie,0.3166217336407412,TRZARJN128F42BC8F8,Boney M. - El Lute,0.2935557224709109,TRQZEGA128F428FEFE,Suicidal Tendencies - Possessed To Skate,0.2886146906205364,TRTLLMP128F9307700,Bellamy Brothers - Old Hippie,0.38362618686552297,TRDUSIG12903CA5FCB,Savatage - The Hourglass,0.36385316341363677,TRZARJN128F42BC8F8,Boney M. - El Lute,0.35990281409782243
TRQYFLB128E078941E,SOBRYFG12AF72A1BAE,ARGHBVV1187FB4D57A,Ryan Adams,How Do You Keep Love Alive,folk,TRFUJVJ128F426F2A2,Lauryn Hill - Interlude 5,3347.0,TRWSYHO128F4282346,Twista - I'm A Winner (Amended Album Version),3295.0,TREBGAA128E078FC52,Erykah Badu - I Want You,2643.0,TRWSYHO128F4282346,Twista - I'm A Winner (Amended Album Version),3066.525,TRFUJVJ128F426F2A2,Lauryn Hill - Interlude 5,2997.3999999999996,TREBGAA128E078FC52,Erykah Badu - I Want You,2514.5125000000007,TRFUJUF128E078895E,The Smashing Pumpkins - The Guns of Love Disastrous,0.6441043207316761,TRUUGTX128F4285B90,Jim White - Buzzards of Love,0.6376504192751724,TRHMLCK128F93085F2,Jeff Timmons - Can't You See,0.6358794944887619,TRFUJUF128E078895E,The Smashing Pumpkins - The Guns of Love Disastrous,0.6572720253602651,TRUUGTX128F4285B90,Jim White - Buzzards of Love,0.6544057887647112,TRCFORL128F427670A,Slum Village - Conant Gardens,0.6498491137650593,TRFUJVJ128F426F2A2,Lauryn Hill - Interlude 5,199.75588117818916,TRDPGXU128F9339C2A,Beastie Boys - B-Boy Bouillabaisse: A.W.O.L. (2009 Digital Remaster),189.4881020968062,TRDUSIG12903CA5FCB,Savatage - The Hourglass,171.50830914945735,TRBOEMU128F92EAFF9,Disciple - Southern Hospitality,118.1726286412792,TRJNANQ128F92D08C3,Four Tops - Ain't No Woman (Like The One I've Got),104.81173155950107,TREKDDG128F4298103,The Cat Empire - Days Like These,94.00493750537494,TRRPZRQ128F425E7C2,Say Anything - Goodbye Young Tutor_ You've Now Outgrown Me,0.26688680284852123,TRBOEMU128F92EAFF9,Disciple - Southern Hospitality,0.26040353763326113,TRDJJUK128F428F5B1,Nick Drake - Black Mountain Blues,0.2578778589561787,TRRPZRQ128F425E7C2,Say Anything - Goodbye Young Tutor_ You've Now Outgrown Me,0.3082189258146439,TRBOEMU128F92EAFF9,Disciple - Southern Hospitality,0.30442323822639683,TRJNANQ128F92D08C3,Four Tops - Ain't No Woman (Like The One I've Got),0.30169361603025696
TRZUSDI128F4259806,SOXBQDJ12A6D4F93CC,ARGHBVV1187FB4D57A,Ryan Adams,When The Stars Go Blue,folk,TRWSYHO128F4282346,Twista - I'm A Winner (Amended Album Version),2749.0,TRFUJVJ128F426F2A2,Lauryn Hill - Interlude 5,2386.0,TREBGAA128E078FC52,Erykah Badu - I Want You,2034.0,TRWSYHO128F4282346,Twista - I'm A Winner (Amended Album Version),2593.8774999999996,TRFUJVJ128F426F2A2,Lauryn Hill - Interlude 5,2148.6400000000003,TREBGAA128E078FC52,Erykah Badu - I Want You,1946.76375,TRKMBHB128F14624A9,Diana Ross - Do You Know Where You're Going To,0.5674580868569583,TRXNKTE128F427F992,Jennifer Lopez - Theme From Mahagony (Do You Know Where You're Going To),0.552986029861706,TRGESLP12903CE31C8,Bon Jovi - Superman Tonight,0.5365564444532787,TRKMBHB128F14624A9,Diana Ross - Do You Know Where You're Going To,0.5756519429010702,TRXNKTE128F427F992,Jennifer Lopez - Theme From Mahagony (Do You Know Where You're Going To),0.5616768149120054,TRGESLP12903CE31C8,Bon Jovi - Superman Tonight,0.5469083387728301,TRCLCNX128F1466731,Jon Secada - Where Do I Go From You,122.48872988793089,TROFJXZ128F93069FE,Katie Melua - Blue Shoes,112.45210647644485,TRTCOWO128F930C444,The Streets - Weak Become Heroes,99.5296218759656,TRCLCNX128F1466731,Jon Secada - Where Do I Go From You,103.9079918533443,TROFJXZ128F93069FE,Katie Melua - Blue Shoes,98.8786281933043,TRDGAJY128F4282EA6,Billie Holiday - Laughing At Life,89.50865708826156,TRDGAJY128F4282EA6,Billie Holiday - Laughing At Life,0.31199376369377496,TRIFNZI128F931CC21,Frank Sinatra - In The Blue Of The Evening,0.3010755229068835,TRFGWTJ128E0783A47,The Misfits - Static Age,0.2959103969901831,TRDGAJY128F4282EA6,Billie Holiday - Laughing At Life,0.33257828305430354,TRIFNZI128F931CC21,Frank Sinatra - In The Blue Of The Evening,0.3226440444100374,TRFGWTJ128E0783A47,The Misfits - Static Age,0.31027805272004866
TRWUFEW128F14782F3,SOBCLWO12A6D4F83AD,AR90WS41187FB3F064,Ray LaMontagne,Forever My Friend,folk,TRFUJVJ128F426F2A2,Lauryn Hill - Interlude 5,4171.0,TRDPGXU128F9339C2A,Beastie Boys - B-Boy Bouillabaisse: A.W.O.L. (2009 Digital Remaster),3187.0,TRCHZXW128E079288A,Eminem - 8 Mile,3124.0,TRFUJVJ128F426F2A2,Lauryn Hill - Interlude 5,3727.56,TRCHZXW128E079288A,Eminem - 8 Mile,2844.1387499999983,TRDPGXU128F9339C2A,Beastie Boys - B-Boy Bouillabaisse: A.W.O.L. (2009 Digital Remaster),2816.161249999997,TRNRDBW12903CF1361,The Tear Garden - Judgement Hour,0.6032377995339937,TRDFGKU128F9307788,Demi Lovato - This Is Me (Acoustic Full Version),0.602742652004757,TRBXSYV128F428957A,The Thermals - Time to Lose,0.6026333497750032,TRNRDBW12903CF1361,The Tear Garden - Judgement Hour,0.6235777533283492,TRDFGKU128F9307788,Demi Lovato - This Is Me (Acoustic Full Version),0.6204819523891244,TRLRKUK128F42B17A5,Bowling For Soup - Boulevard,0.6155496935042378,TRFUJVJ128F426F2A2,Lauryn Hill - Interlude 5,274.23941276249286,TRQQLZD128F425E9BC,Alicia Keys - Tell You Something (Nana's Reprise),186.5859488935345,TRDPGXU128F9339C2A,Beastie Boys - B-Boy Bouillabaisse: A.W.O.L. (2009 Digital Remaster),181.70216040878645,TRFUJVJ128F426F2A2,Lauryn Hill - Interlude 5,145.14062187509666,TRQQLZD128F425E9BC,Alicia Keys - Tell You Something (Nana's Reprise),142.36187362509247,TRVSEAY128F428EA5A,Eliane Elias - Call Me,136.3691988753309,TRVSEAY128F428EA5A,Eliane Elias - Call Me,0.3674883807410816,TRVHPUD128F145FE04,S Club - Straight From The Heart,0.30170688863436484,TRPSOTP128E0785533,Keith Sweat - Make You Sweat (LP Version),0.29860800849409486,TRVSEAY128F428EA5A,Eliane Elias - Call Me,0.40505588430583994,TRVHPUD128F145FE04,S Club - Straight From The Heart,0.34992232562794173,TRPSOTP128E0785533,Keith Sweat - Make You Sweat (LP Version),0.3440430201764325
TRPZXTD128F14856D4,SOFZRDV12A6D4FACB1,AR90WS41187FB3F064,Ray LaMontagne,How Come [Acoustic Mix],folk,TRFUJVJ128F426F2A2,Lauryn Hill - Interlude 5,3048.0,TRDPGXU128F9339C2A,Beastie Boys - B-Boy Bouillabaisse: A.W.O.L. (2009 Digital Remaster),2639.0,TRCHZXW128E079288A,Eminem - 8 Mile,2166.0,TRFUJVJ128F426F2A2,Lauryn Hill - Interlude 5,2694.720000000001,TRDPGXU128F9339C2A,Beastie Boys - B-Boy Bouillabaisse: A.W.O.L. (2009 Digital Remaster),2343.559999999999,TRCHZXW128E079288A,Eminem - 8 Mile,1943.0400000000006,TRGFFYK128F933CB76,Nick Cave & The Bad Seeds - Midnight Man,0.5627382432242997,TRYBPGK128F4255BE3,Interpol - Pace Is The Trick,0.5611403390898275,TRDPGXU128F9339C2A,Beastie Boys - B-Boy Bouillabaisse: A.W.O.L. (2009 Digital Remaster),0.5554083855171643,TRGFFYK128F933CB76,Nick Cave & The Bad Seeds - Midnight Man,0.5852238166776126,TRDPGXU128F9339C2A,Beastie Boys - B-Boy Bouillabaisse: A.W.O.L. (2009 Digital Remaster),0.5836354299324463,TRWVHON128F42639BA,Fugees (Tranzlator Crew) - Temple,0.5818670194058317,TRFUJVJ128F426F2A2,Lauryn Hill - Interlude 5,271.4584171988926,TRDPGXU128F9339C2A,Beastie Boys - B-Boy Bouillabaisse: A.W.O.L. (2009 Digital Remaster),222.42409991226015,TRWZUDO128F1495E26,Prince - I Love U In Me ( LP Version),182.95636911352184,TRFUJVJ128F426F2A2,Lauryn Hill - Interlude 5,131.79310350450953,TRPFCIB128F14B026B,Black Box - Everybody Everybody,117.8100382537569,TRTLIKK128E07862DA,Ja Rule - One of Us,97.59706761306961,TRPFCIB128F14B026B,Black Box - Everybody Everybody,0.29616496287538113,TRAYQIX128F92E8558,Space - Begin Again,0.27027163828935424,TRCDUCG128F4262F0C,Billy Gilman - The Christmas Song,0.24353625269214643,TRPFCIB128F14B026B,Black Box - Everybody Everybody,0.33662323547432316,TRAYQIX128F92E8558,Space - Begin Again,0.30499626578501166,TRGXGLD128F92EC261,Reverend Bizarre - Demons Annoying Me,0.2937303031933808
TRIOKOC128F4267572,SOIOLFS12D021989DD,ARTQ8QP1187FB3D220,Leonard Cohen,Chelsea Hotel #2,folk,TRFUJVJ128F426F2A2,Lauryn Hill - Interlude 5,6689.0,TRWSYHO128F4282346,Twista - I'm A Winner (Amended Album Version),5830.0,TREBGAA128E078FC52,Erykah Badu - I Want You,4980.0,TRFUJVJ128F426F2A2,Lauryn Hill - Interlude 5,6297.079999999998,TRWSYHO128F4282346,Twista - I'm A Winner (Amended Album Version),5573.8674999999985,TREBGAA128E078FC52,Erykah Badu - I Want You,4835.958750000002,TRPBTSJ128F42A3168,Harry Belafonte - Angelina,0.8419100364972374,TRAVRZW128F932016E,The Blues Brothers - Everybody Needs Somebody To Love,0.8379721205027801,TRGSDTP128F92F76D1,Bob Dylan - One Of Us Must Know (Sooner Or Later),0.8194665364814029,TRPBTSJ128F42A3168,Harry Belafonte - Angelina,0.8471485144612962,TRAVRZW128F932016E,The Blues Brothers - Everybody Needs Somebody To Love,0.8431146149360579,TRGSDTP128F92F76D1,Bob Dylan - One Of Us Must Know (Sooner Or Later),0.8255527888645763,TRFUJVJ128F426F2A2,Lauryn Hill - Interlude 5,209.05614695798445,TRNVKOI128E0799173,Snoop Dogg - Snoopafella (Edited),174.0854230986378,TRDPGXU128F9339C2A,Beastie Boys - B-Boy Bouillabaisse: A.W.O.L. (2009 Digital Remaster),171.24054204388563,TRNVKOI128E0799173,Snoop Dogg - Snoopafella (Edited),96.5862970629409,TRFUJVJ128F426F2A2,Lauryn Hill - Interlude 5,88.38829710380006,TRVZZRI128F14650C4,Keri Noble - Piece Of My Heart,86.07650545356611,TRHOTSL128F933F864,Moby - One Time We Lived,0.2644055667479633,TRMQAXR128F42560B8,Cassandra Wilson - 'Til There Was You,0.2619475500084567,TRTHDVP128F92E6B88,Ozark Henry - Weekenders,0.26074165556972717,TRHOTSL128F933F864,Moby - One Time We Lived,0.316410572234483,TRJACZG12903CB0C1D,Marvin Gaye - Come Get To This,0.3120572998879712,TRTHDVP128F92E6B88,Ozark Henry - Weekenders,0.31087330472812347
TREBQMO128F42828DB,SOOHIHR12AF72A7053,ARIDDOM1187B9A1360,We Are Scientists,Lethal Enforcer (Live From Union Chapel_ London),folk,TRFUJVJ128F426F2A2,Lauryn Hill - Interlude 5,4731.0,TRWSYHO128F4282346,Twista - I'm A Winner (Amended Album Version),3964.0,TRDPGXU128F9339C2A,Beastie Boys - B-Boy Bouillabaisse: A.W.O.L. (2009 Digital Remaster),3735.0,TRFUJVJ128F426F2A2,Lauryn Hill - Interlude 5,4302.280000000001,TRWSYHO128F4282346,Twista - I'm A Winner (Amended Album Version),3683.8174999999997,TRGUCIR128F933D817,Vanilla Ice - Ice Is Workin' It,3496.2899999999972,TROXHLM128F4266510,Blues Traveler - Hook,0.6808831495857788,TRNBWQY128F42425D0,Greeley Estates - This Song Goes Out To (Album Version),0.6728202770664782,TRPJCEM128F424ECC8,Tristan Prettyman - War Out Of Peace,0.6695478507569061,TROXHLM128F4266510,Blues Traveler - Hook,0.6948590830891974,TRTAYPD128F42A4C9C,Murs - You & I,0.6849975944183156,TRPJCEM128F424ECC8,Tristan Prettyman - War Out Of Peace,0.6838619934925734,TRFUJVJ128F426F2A2,Lauryn Hill - Interlude 5,262.6365636970392,TRGUCIR128F933D817,Vanilla Ice - Ice Is Workin' It,176.98423447190015,TRDPGXU128F9339C2A,Beastie Boys - B-Boy Bouillabaisse: A.W.O.L. (2009 Digital Remaster),174.24936262165758,TRFUJVJ128F426F2A2,Lauryn Hill - Interlude 5,139.62705497236695,TRQMYAZ128F146672E,Jon Secada - Take Me,136.81547925179166,TRYPQUN12903D06214,Conjure One - One Word,121.71370809610023,TRQMYAZ128F146672E,Jon Secada - Take Me,0.2859051107427903,TRAXPGM128F428BBA6,Natalie Cole - Don't Get Around Much Anymore,0.26973770410870224,TRJZQSM128F92C4D1B,Ladyhawke - Love Don't Live Here,0.25363308167143583,TRQMYAZ128F146672E,Jon Secada - Take Me,0.32721101496730187,TRAXPGM128F428BBA6,Natalie Cole - Don't Get Around Much Anymore,0.301737056496937,TRNHSZN128F930FF03,Clawfinger - Revenge,0.29581358094206506
TRIQKDQ128F146F504,SOVWOMM12A6D4F8484,ARCJKV91187FB46210,KT Tunstall,Change,folk,TRFUJVJ128F426F2A2,Lauryn Hill - Interlude 5,3840.0,TREBGAA128E078FC52,Erykah Badu - I Want You,3147.0,TRDPGXU128F9339C2A,Beastie Boys - B-Boy Bouillabaisse: A.W.O.L. (2009 Digital Remaster),3129.0,TRFUJVJ128F426F2A2,Lauryn Hill - Interlude 5,3516.16,TREBGAA128E078FC52,Erykah Badu - I Want You,3027.9800000000005,TRDPGXU128F9339C2A,Beastie Boys - B-Boy Bouillabaisse: A.W.O.L. (2009 Digital Remaster),2858.1800000000007,TRMEKRF12903CC80A6,Bouncing Souls_ The - Pervert,0.7534982285256839,TRHEDYV128F14856FC,Cherish - Oooh,0.7449380765193698,TRFVQEA128F4218DD2,Matt Nathanson - More Than This,0.7408473371049429,TRMEKRF12903CC80A6,Bouncing Souls_ The - Pervert,0.7621562886148283,TRHEDYV128F14856FC,Cherish - Oooh,0.7529615521109958,TRFVQEA128F4218DD2,Matt Nathanson - More Than This,0.7502234885264435,TRFUJVJ128F426F2A2,Lauryn Hill - Interlude 5,251.29293245575727,TRCHZXW128E079288A,Eminem - 8 Mile,168.59469651653185,TRBERRB128F932D534,Dar Williams - Mortal City,165.71775110699306,TRFUJVJ128F426F2A2,Lauryn Hill - Interlude 5,133.7431450636293,TRBERRB128F932D534,Dar Williams - Mortal City,100.34066435495038,TROHAHB128F4284DCA,Lou Reed - So Alone,99.79850389170494,TRYKNBQ12903CB726F,Sparks - Angst In My Pants,0.26158385710094506,TRWVJVV128F1459AE5,Pillar - Hindsight,0.25916750629992824,TRYIAKI128F147A5DC,The Red Jumpsuit Apparatus - Cat And Mouse,0.2497678880088294,TRWVJVV128F1459AE5,Pillar - Hindsight,0.30944667414651855,TRYKNBQ12903CB726F,Sparks - Angst In My Pants,0.3088356462342238,TROHAHB128F4284DCA,Lou Reed - So Alone,0.30761424514834135
TRBFURI128F1455498,SOLMCFH12A58A7FACE,ARCJKV91187FB46210,KT Tunstall,Under The Weather,folk,TRFUJVJ128F426F2A2,Lauryn Hill - Interlude 5,3820.0,TRWSYHO128F4282346,Twista - I'm A Winner (Amended Album Version),3403.0,TRDPGXU128F9339C2A,Beastie Boys - B-Boy Bouillabaisse: A.W.O.L. (2009 Digital Remaster),3189.0,TRFUJVJ128F426F2A2,Lauryn Hill - Interlude 5,3490.6400000000012,TRWSYHO128F4282346,Twista - I'm A Winner (Amended Album Version),3187.7525,TRDPGXU128F9339C2A,Beastie Boys - B-Boy Bouillabaisse: A.W.O.L. (2009 Digital Remaster),2913.5637500000007,TRMMAIV128F92E7F55,Eagles Of Death Metal - Already Died,0.7231795474917129,TRCUSJS128F4277162,Soul Asylum - Stranger,0.7166639685347115,TRVNXAG128E079098F,Conway Twitty - Where I Stand,0.6976664602578582,TRMMAIV128F92E7F55,Eagles Of Death Metal - Already Died,0.7325690820752915,TRCUSJS128F4277162,Soul Asylum - Stranger,0.7278528371557337,TRVNXAG128E079098F,Conway Twitty - Where I Stand,0.708217848970303,TRDPGXU128F9339C2A,Beastie Boys - B-Boy Bouillabaisse: A.W.O.L. (2009 Digital Remaster),165.68331924340492,TRCHZXW128E079288A,Eminem - 8 Mile,146.16883628628602,TRFUJVJ128F426F2A2,Lauryn Hill - Interlude 5,127.65879474416337,TRSODXM128F9342C6B,Lagwagon - Sick,88.25916320012949,TRLWCDK128F42ADF14,Vivian Green - Under My Skin,85.93618848118403,TRJISRM128F9328AD4,The Arrogant Sons Of Bitches - Kill The President,77.5917328834464,TRVNXAG128E079098F,Conway Twitty - Where I Stand,0.28095676535207664,TRTZPUX128F930F5CB,Swans - Can't Find My Way Home,0.25580567666112686,TRLNIUL128F92F5EC4,Pat Travers - Boom Boom (Out Go The Lights),0.2557410220981275,TRVNXAG128E079098F,Conway Twitty - Where I Stand,0.3266202434482614,TRHVAVY12903CB4417,Pepper - Love 101,0.29868098393013426,TRYRXYO128F92D1AC2,James Darren - I've Got You Under My Skin,0.29336333914251805
TRVLECJ128E078235B,SOSJLXU12A6310F2B2,AR0L04E1187B9AE90C,The Verve,So Sister,folk,TRDPGXU128F9339C2A,Beastie Boys - B-Boy Bouillabaisse: A.W.O.L. (2009 Digital Remaster),5200.0,TRFUJVJ128F426F2A2,Lauryn Hill - Interlude 5,4868.0,TREBGAA128E078FC52,Erykah Badu - I Want You,4562.0,TRDPGXU128F9339C2A,Beastie Boys - B-Boy Bouillabaisse: A.W.O.L. (2009 Digital Remaster),4841.4712500000005,TRFUJVJ128F426F2A2,Lauryn Hill - Interlude 5,4439.280000000001,TREBGAA128E078FC52,Erykah Badu - I Want You,4404.433749999999,TRBWKZD128F428AAEB,A Tribe Called Quest - Hot Sex,0.7770050661458137,TRHEDYV128F14856FC,Cherish - Oooh,0.747066100061881,TRSTJFQ128F428DA21,Less Than Jake - I Think I Love You,0.7283906212623221,TRBWKZD128F428AAEB,A Tribe Called Quest - Hot Sex,0.7842282792838822,TRHEDYV128F14856FC,Cherish - Oooh,0.7541778427106477,TRSTJFQ128F428DA21,Less Than Jake - I Think I Love You,0.7360537918528917,TRDPGXU128F9339C2A,Beastie Boys - B-Boy Bouillabaisse: A.W.O.L. (2009 Digital Remaster),168.20667870301483,TRHDMWX128F427F0C7,Johnny Winter - Miss Ann,150.33871525987388,TRBKQJB128F934EEF7,Ying Yang Twins - 1st Booty On Duty,149.68439867367132,TRHDMWX128F427F0C7,Johnny Winter - Miss Ann,137.4811468502883,TRFFSMS128F428BC88,Enrique Iglesias - Miss You,110.54442917188997,TRQPJWY128F931F542,Kristinia DeBarge - Disconnect,107.33003909151165,TRHDMWX128F427F0C7,Johnny Winter - Miss Ann,0.4221045929020075,TRPWHQK128F9326149,Brett Dennen - When She's Gone,0.3084081991342581,TRCWFSW128F933141E,Ella Fitzgerald - Miss Otis Regrets,0.30806600998246886,TRHDMWX128F427F0C7,Johnny Winter - Miss Ann,0.4439689821043742,TRIDXRJ128F932DB98,Isaac Hayes - By The Time I Get To Phoenix,0.34196556281435625,TRPWHQK128F9326149,Brett Dennen - When She's Gone,0.3358923988742745
TRMLKKJ128E0798A59,SONNMHJ12A67AE098E,AR8886N1187B9B330A,Liz Phair,Lost Tonight,folk,TRFUJVJ128F426F2A2,Lauryn Hill - Interlude 5,5305.0,TRWSYHO128F4282346,Twista - I'm A Winner (Amended Album Version),4323.0,TREBGAA128E078FC52,Erykah Badu - I Want You,3824.0,TRFUJVJ128F426F2A2,Lauryn Hill - Interlude 5,4938.840000000002,TRWSYHO128F4282346,Twista - I'm A Winner (Amended Album Version),4083.7025000000003,TREBGAA128E078FC52,Erykah Badu - I Want You,3689.4262500000013,TREPPUG128F9301FAB,Black Eyed Peas - Sexy,0.7484415930715319,TRYVYKU128F426F26F,Lauryn Hill - Interlude 1,0.7453642964459376,TRTYLFM12903CD2C97,Eric B. & Rakim - I Know You Got Soul,0.7401118409903511,TREPPUG128F9301FAB,Black Eyed Peas - Sexy,0.7595398537227716,TRYVYKU128F426F26F,Lauryn Hill - Interlude 1,0.7562653547560878,TRTYLFM12903CD2C97,Eric B. & Rakim - I Know You Got Soul,0.7505309506646636,TRDPGXU128F9339C2A,Beastie Boys - B-Boy Bouillabaisse: A.W.O.L. (2009 Digital Remaster),181.87319703571671,TRUWZJQ128F145E9F7,Afroman - Let's All Get Drunk,171.159355515067,TRLDJMI128E078F6F9,Jodeci - It's Alright,163.20952061477558,TRUWZJQ128F145E9F7,Afroman - Let's All Get Drunk,129.9844245399283,TRLDJMI128E078F6F9,Jodeci - It's Alright,121.12531508552247,TRVWFVQ128F9316F97,Avant - Out of Character,120.57631768283271,TRVWFVQ128F9316F97,Avant - Out of Character,0.32243918530967636,TREIBLK128F148642C,The Adicts - Disco,0.3212354160139709,TRFQDHT128F4277E01,The Gaslight Anthem - Even Cowgirls Get The Blues,0.31839041535362544,TRVWFVQ128F9316F97,Avant - Out of Character,0.36952841685816323,TRFQDHT128F4277E01,The Gaslight Anthem - Even Cowgirls Get The Blues,0.3562819584392378,TREIBLK128F148642C,The Adicts - Disco,0.3409413246821445
TRYBZQD12903CD1380,SONJLBP12AB018A66C,AR9UC071187B9B76FD,The Pogues,Sunnyside Of The Street,folk,TRDPGXU128F9339C2A,Beastie Boys - B-Boy Bouillabaisse: A.W.O.L. (2009 Digital Remaster),2505.0,TRCHZXW128E079288A,Eminem - 8 Mile,2269.0,TRFUJVJ128F426F2A2,Lauryn Hill - Interlude 5,2189.0,TRDPGXU128F9339C2A,Beastie Boys - B-Boy Bouillabaisse: A.W.O.L. (2009 Digital Remaster),2315.73375,TRCHZXW128E079288A,Eminem - 8 Mile,2126.16625,TRFUJVJ128F426F2A2,Lauryn Hill - Interlude 5,1962.68,TRUSZCW128F92F13E1,Charlotte Martin - In Parentheses,0.7842984035407795,TRDSUZH128F425BAC3,RODNEY CROWELL - Preachin' To The Choir,0.7796691403611355,TREBQOW128F92C4549,Common - Book Of Life,0.7784546780979922,TRUSZCW128F92F13E1,Charlotte Martin - In Parentheses,0.7923614115045462,TRDSUZH128F425BAC3,RODNEY CROWELL - Preachin' To The Choir,0.7890104881257605,TRASDCH128F92E53E5,Josh Martinez - Tour is War,0.7880236809033332,TRDPGXU128F9339C2A,Beastie Boys - B-Boy Bouillabaisse: A.W.O.L. (2009 Digital Remaster),158.44237508012125,TRFUJVJ128F426F2A2,Lauryn Hill - Interlude 5,150.4310228775702,TRYHHPK128F42A4CAF,Murs - The Dance,146.60450202453885,TRYHHPK128F42A4CAF,Murs - The Dance,84.35629494894471,TRGNBCC128F92F6218,N-Dubz - Work Work,82.42258212874806,TRFZDVP128F149613F,Us3 - Dead End Street,77.00412514762682,TRXDUSE128F42229E3,Benny Goodman - On The Sunny Side Of The Street,0.2730901196661063,TRQTCKX128F422B17E,Scarlett Johansson - Fannin Street,0.2609215443077168,TRGIFAY128F1463A83,Incognito - Marrakech,0.2538565086978173,TRXDUSE128F42229E3,Benny Goodman - On The Sunny Side Of The Street,0.3179940386838023,TRFZDVP128F149613F,Us3 - Dead End Street,0.3176418605261687,TRQTCKX128F422B17E,Scarlett Johansson - Fannin Street,0.30726223554582344
TRHYZQR128F428F5C5,SOAWESO12A8C13AC4E,ARRH63Y1187FB47783,Kanye West,Can't Tell Me Nothing,hip hop,TRFUJVJ128F426F2A2,Lauryn Hill - Interlude 5,8750.0,TRWSYHO128F4282346,Twista - I'm A Winner (Amended Album Version),7472.0,TRDPGXU128F9339C2A,Beastie Boys - B-Boy Bouillabaisse: A.W.O.L. (2009 Digital Remaster),6899.0,TRFUJVJ128F426F2A2,Lauryn Hill - Interlude 5,7863.119999999999,TRWSYHO128F4282346,Twista - I'm A Winner (Amended Album Version),6892.394999999999,TRZZQIP128F92EFEAD,Abba - Move On,6362.577500000002,TRHJAUP128F145E735,Pat Travers - I La La La Love You,0.692598732247821,TRIUAZO128C71965EF,Puressence - India,0.688871321165637,TRQZHWS128E0787004,Grand Puba - Very Special (LP Version),0.6720073692897209,TRIUAZO128C71965EF,Puressence - India,0.7024266522111294,TRHJAUP128F145E735,Pat Travers - I La La La Love You,0.7011174828583588,TRQZHWS128E0787004,Grand Puba - Very Special (LP Version),0.6912566449605438,TRFUJVJ128F426F2A2,Lauryn Hill - Interlude 5,550.3720678195742,TRDPGXU128F9339C2A,Beastie Boys - B-Boy Bouillabaisse: A.W.O.L. (2009 Digital Remaster),378.86187419296044,TRDFOXO128F42BBDCD,Clipse - Dirty Money,337.2772878470597,TRFUJVJ128F426F2A2,Lauryn Hill - Interlude 5,282.3900346124448,TRQQLZD128F425E9BC,Alicia Keys - Tell You Something (Nana's Reprise),214.75593953645793,TRDFOXO128F42BBDCD,Clipse - Dirty Money,208.40230307545184,TRHJAUP128F145E735,Pat Travers - I La La La Love You,0.3783755271556007,TRFUMBG128F92E3BDE,Grand Puba - Alamo,0.308478550125038,TRYLINA128F1459E1C,Shania Twain - I'm Not In The Mood (To Say No)!,0.27185566118363125,TRHJAUP128F145E735,Pat Travers - I La La La Love You,0.4153785875852433,TRFUJVJ128F426F2A2,Lauryn Hill - Interlude 5,0.37419441803276954,TRXRJZZ128F42BC247,Jessica Simpson - These Boots Are Made For Walkin',0.3400764639326135
TRPQDHV128E07845CB,SOWZAHB12AF72A4B46,ARRH63Y1187FB47783,Kanye West,Graduation Day,hip hop,TRFUJVJ128F426F2A2,Lauryn Hill - Interlude 5,3980.0,TRWSYHO128F4282346,Twista - I'm A Winner (Amended Album Version),3177.0,TREBGAA128E078FC52,Erykah Badu - I Want You,2856.0,TRFUJVJ128F426F2A2,Lauryn Hill - Interlude 5,3672.7199999999993,TRWSYHO128F4282346,Twista - I'm A Winner (Amended Album Version),2976.1824999999994,TREBGAA128E078FC52,Erykah Badu - I Want You,2743.0662500000008,TRIUYFJ128F421FBCA,Immortal Technique - Crossing the Boundary,0.7823577457682118,TRNHSZN128F930FF03,Clawfinger - Revenge,0.758694245988108,TRPBTSJ128F42A3168,Harry Belafonte - Angelina,0.7579775378434886,TRIUYFJ128F421FBCA,Immortal Technique - Crossing the Boundary,0.7942108846996822,TRNHSZN128F930FF03,Clawfinger - Revenge,0.7679399302907091,TRPBTSJ128F42A3168,Harry Belafonte - Angelina,0.7675755335260797,TRFUJVJ128F426F2A2,Lauryn Hill - Interlude 5,229.7206901852972,TRQWDRK128F4241A32,Twista - Overdose (Album Version),226.88594616325273,TRJGMSL128F4230A6C,The Game - Black Opera,221.6707661880342,TRJGMSL128F4230A6C,The Game - Black Opera,157.76765333866038,TRRJQIQ128F429A974,Petey Pablo - Fool For Love,142.76320533467918,TRBKQJB128F934EEF7,Ying Yang Twins - 1st Booty On Duty,142.37638171560832,TRIUYFJ128F421FBCA,Immortal Technique - Crossing the Boundary,0.2900166148696689,TRKXFLD128F1479BC0,Remy Ma - I'm,0.28887536541121955,TRJGMSL128F4230A6C,The Game - Black Opera,0.2746421624275732,TRIUYFJ128F421FBCA,Immortal Technique - Crossing the Boundary,0.36521901372601495,TRKXFLD128F1479BC0,Remy Ma - I'm,0.3584413264701051,TRJGMSL128F4230A6C,The Game - Black Opera,0.34531719942253314
TRHAGFQ128F428B8EA,SOLBUFV12A67020A39,ARRH63Y1187FB47783,Kanye West,Wake Up Mr. West,hip hop,TRFUJVJ128F426F2A2,Lauryn Hill - Interlude 5,2853.0,TRWSYHO128F4282346,Twista - I'm A Winner (Amended Album Version),2582.0,TREBGAA128E078FC52,Erykah Badu - I Want You,2236.0,TRFUJVJ128F426F2A2,Lauryn Hill - Interlude 5,2624.84,TRWSYHO128F4282346,Twista - I'm A Winner (Amended Album Version),2432.889999999999,TREBGAA128E078FC52,Erykah Badu - I Want You,2152.145000000001,TRUMCTQ128F42BAEA6,Todd Snider - Looking For A Job,0.7053803123090664,TRPBTSJ128F42A3168,Harry Belafonte - Angelina,0.704833800188221,TRBEWAM128F145CA91,Shannon McNally - Down And Dirty,0.6976273475421846,TRUMCTQ128F42BAEA6,Todd Snider - Looking For A Job,0.718813276487547,TRPBTSJ128F42A3168,Harry Belafonte - Angelina,0.715868751350209,TRAWCKU128F14771C0,Obie Trice - Hoodrats,0.7083972352800746,TRGUBSR128E0786082,DMX - Keep Your Shit The Hardest,212.93690720331963,TRQDUMO128F92E3896,Binary Star - Honest Expression,187.0976640602365,TRFUJVJ128F426F2A2,Lauryn Hill - Interlude 5,176.30968689030288,TRGUBSR128E0786082,DMX - Keep Your Shit The Hardest,155.73681814647304,TRQDUMO128F92E3896,Binary Star - Honest Expression,120.06661238270122,TRPWYWW128F422E08E,Eazy-E - Real Muthaphuckkin' G's,105.23369759988805,TRACGHT128F9336DF8,Billy Ray Cyrus - Like Nothing Else,0.2711278767881923,TRGUBSR128E0786082,DMX - Keep Your Shit The Hardest,0.2626511236303802,TRKWTXT128F42AF27B,Trent Willmon - Love Don't Have To Be So Hard,0.24692494315877508,TRGUBSR128E0786082,DMX - Keep Your Shit The Hardest,0.32393165124225104,TRACGHT128F9336DF8,Billy Ray Cyrus - Like Nothing Else,0.31754134722982386,TRQDUMO128F92E3896,Binary Star - Honest Expression,0.3013421163986601
TRQXYGU128E079236A,SOIJTSI12A6701FD8B,ARTDQRC1187FB4EFD4,Black Eyed Peas,A8,hip hop,TRFUJVJ128F426F2A2,Lauryn Hill - Interlude 5,16403.0,TRWSYHO128F4282346,Twista - I'm A Winner (Amended Album Version),13125.0,TREBGAA128E078FC52,Erykah Badu - I Want You,11110.0,TRFUJVJ128F426F2A2,Lauryn Hill - Interlude 5,15326.599999999997,TRWSYHO128F4282346,Twista - I'm A Winner (Amended Album Version),12421.537499999999,TREBGAA128E078FC52,Erykah Badu - I Want You,10714.39375,TRHMLCK128F93085F2,Jeff Timmons - Can't You See,0.7695401493939122,TRAVRZW128F932016E,The Blues Brothers - Everybody Needs Somebody To Love,0.7644836441216569,TRRBFPC12903CDF853,The Berzerker - All About You,0.762914295763349,TRHMLCK128F93085F2,Jeff Timmons - Can't You See,0.775640173200905,TRAVRZW128F932016E,The Blues Brothers - Everybody Needs Somebody To Love,0.7724608046830249,TRRBFPC12903CDF853,The Berzerker - All About You,0.77028834503191,TRFUJVJ128F426F2A2,Lauryn Hill - Interlude 5,546.1811320192693,TRQAWKR128F425EEC3,Michael Jackson - Man In The Mirror,522.7680003150881,TRDPGXU128F9339C2A,Beastie Boys - B-Boy Bouillabaisse: A.W.O.L. (2009 Digital Remaster),484.56626727573564,TRQAWKR128F425EEC3,Michael Jackson - Man In The Mirror,360.1751760265127,TROQUJK128F4254F90,Fun Lovin' Criminals - Blues For Suckers,248.98099464742637,TRQDUMO128F92E3896,Binary Star - Honest Expression,226.1090430559115,TRJRCCY128F930C12F,Kayah - Dla Niego,0.3999972185624534,TRDLFRY128F425CC13,Orla Fallon - An Mhaighdean Mhara,0.3717098368945669,TRGANKE128F4275BFF,Sentidos Opuestos - Oh Na Na Na,0.37132208440092807,TRQAWKR128F425EEC3,Michael Jackson - Man In The Mirror,0.39111294505352134,TRJRCCY128F930C12F,Kayah - Dla Niego,0.3872651133964596,TROQUJK128F4254F90,Fun Lovin' Criminals - Blues For Suckers,0.3855891100447397
TRBUESY128F92F81F6,SOVVVXC12AB017F162,ARTDQRC1187FB4EFD4,Black Eyed Peas,Boom Boom Guetta,hip hop,TRUEGMJ128F148D40C,Slick Rick - Let's Get Crazy,5646.0,TRWSYHO128F4282346,Twista - I'm A Winner (Amended Album Version),5165.0,TRPBLTG128F933924A,Calvin Harris - The Girls,4988.0,TRUEGMJ128F148D40C,Slick Rick - Let's Get Crazy,5495.672500000001,TRPBLTG128F933924A,Calvin Harris - The Girls,4821.580000000009,TRWSYHO128F4282346,Twista - I'm A Winner (Amended Album Version),4787.415,TRUEGMJ128F148D40C,Slick Rick - Let's Get Crazy,0.7763683564333996,TRUYSOV12903CED603,Esmée Denters - Getting Over You,0.580946317014819,TRQXTQT128E0781DA7,The Rolling Stones - Fight (1994 Digital Remaster),0.5719654414363775,TRUEGMJ128F148D40C,Slick Rick - Let's Get Crazy,0.7809157463430818,TRUYSOV12903CED603,Esmée Denters - Getting Over You,0.5910307485315972,TRQXTQT128E0781DA7,The Rolling Stones - Fight (1994 Digital Remaster),0.5821427032702406,TRQWDRK128F4241A32,Twista - Overdose (Album Version),305.57745664586383,TRRXEOI12903CE22D0,The Foreign Exchange - The Answer,247.10355388681472,TRCLGZL128F14629E3,Kurtis Blow - AJ Scratch,241.38044040161495,TRCLGZL128F14629E3,Kurtis Blow - AJ Scratch,204.58233049613955,TRQWDRK128F4241A32,Twista - Overdose (Album Version),203.93371216415701,TRRXEOI12903CE22D0,The Foreign Exchange - The Answer,188.43625590085668,TRYCZIW128F4299C5D,Chris Murray - Steady Beat Convention,0.3579441986377886,TRFSCLD12903CD213F,The Prodigy - We Gonna Rock,0.35220518422233127,TRUIKPU128F9317416,Darude - Feel The Beat,0.33864439771036803,TRYCZIW128F4299C5D,Chris Murray - Steady Beat Convention,0.37536336255052966,TRGVOYR128F9336E5A,Beastie Boys - Pass The Mic (Pt. 2_ Skills To Pay The Bills) (2009 Digital Remaster),0.36626254794469953,TRFSCLD12903CD213F,The Prodigy - We Gonna Rock,0.36062285156576557
TRPDBLM128E0792367,SOZRPOY12A8C1455F5,ARTDQRC1187FB4EFD4,Black Eyed Peas,Communication,hip hop,TRFUJVJ128F426F2A2,Lauryn Hill - Interlude 5,7908.0,TRBVPVV128F425F14F,Daft Punk - Touch It / Technologic,6512.0,TRGUCIR128F933D817,Vanilla Ice - Ice Is Workin' It,6373.0,TRFUJVJ128F426F2A2,Lauryn Hill - Interlude 5,7092.879999999999,TRBVPVV128F425F14F,Daft Punk - Touch It / Technologic,6190.271249999997,TRGUCIR128F933D817,Vanilla Ice - Ice Is Workin' It,5987.589999999997,TRFIYKD128F1460F2A,Dilated Peoples - Live On Stage,0.7080047235054064,TRCFORL128F427670A,Slum Village - Conant Gardens,0.6871821591396622,TRXWSOU128F42662B0,Above The Law - Flow On (Move Me No Mountain),0.6815502506040095,TRFIYKD128F1460F2A,Dilated Peoples - Live On Stage,0.7203881266821792,TRCFORL128F427670A,Slum Village - Conant Gardens,0.7013992079218276,TRXWSOU128F42662B0,Above The Law - Flow On (Move Me No Mountain),0.6962022825726946,TRDPGXU128F9339C2A,Beastie Boys - B-Boy Bouillabaisse: A.W.O.L. (2009 Digital Remaster),355.1331626845695,TRQWDRK128F4241A32,Twista - Overdose (Album Version),330.4698261333152,TRBIFOK128EF362D20,The Pharcyde - I'm That Type Of Ni**a,329.3148852511241,TRBIFOK128EF362D20,The Pharcyde - I'm That Type Of Ni**a,211.5069318021248,TREZBFM128F428508A,Fatboy Slim - The Rockafeller Skank,207.552138173693,TRQUQDU12903C9AF09,Biz Markie - Make the Music With Your Mouth_ Biz,195.90384299789477,TRRPZEH128F1466812,Us3 - I Got It Goin' On,0.2883572712424824,TRVUUKM128F425FB16,King Tee - Guitar Playin',0.2827361167962963,TRBIFOK128EF362D20,The Pharcyde - I'm That Type Of Ni**a,0.2794605345753472,TRVUUKM128F425FB16,King Tee - Guitar Playin',0.375227450414205,TRBIFOK128EF362D20,The Pharcyde - I'm That Type Of Ni**a,0.37458094470901776,TROOJPJ128F14A2A86,Brand Nubian - All For One (Explicit) (2006 Remastered LP Version),0.37201891241983825
TRLINLH128F9346400,SOROKRP12AF729F9B4,ARTDQRC1187FB4EFD4,Black Eyed Peas,One Tribe,hip hop,TRTLIKK128E07862DA,Ja Rule - One of Us,10279.0,TRFUJVJ128F426F2A2,Lauryn Hill - Interlude 5,9253.0,TRDPGXU128F9339C2A,Beastie Boys - B-Boy Bouillabaisse: A.W.O.L. (2009 Digital Remaster),5715.0,TRTLIKK128E07862DA,Ja Rule - One of Us,9642.649999999994,TRFUJVJ128F426F2A2,Lauryn Hill - Interlude 5,8200.519999999997,TROOJPJ128F14A2A86,Brand Nubian - All For One (Explicit) (2006 Remastered LP Version),5124.070000000001,TRFUZIQ128F14591A7,Cutting Crew - One For The Mockingbird,0.6387809100410823,TRBDUTO128F421A441,Avail - N30,0.6258167391979074,TRGPDHJ128F14527D5,Bob Marley & The Wailers - One Love / People Get Ready,0.5869638593102421,TRFUZIQ128F14591A7,Cutting Crew - One For The Mockingbird,0.6484252929966451,TRBDUTO128F421A441,Avail - N30,0.6355929422524544,TRGPDHJ128F14527D5,Bob Marley & The Wailers - One Love / People Get Ready,0.598910012511148,TRFUJVJ128F426F2A2,Lauryn Hill - Interlude 5,481.54412251018204,TRDPGXU128F9339C2A,Beastie Boys - B-Boy Bouillabaisse: A.W.O.L. (2009 Digital Remaster),394.6481869846571,TRIFVKW128F145C141,Gang Starr - The Illest Brother,334.6807289712297,TRFUJVJ128F426F2A2,Lauryn Hill - Interlude 5,247.86277706214256,TRIFVKW128F145C141,Gang Starr - The Illest Brother,205.59794236708098,TRZSUSN128F4240FCE,Will.I.Am - She's A Star,185.45399174168537,TRRGWST128F930E4AE,Sara Gazarek - Yours (Live),0.3110433041388512,TRWMHCZ128F42AE295,Matisyahu - Jerusalem,0.28891593213631855,TRIFVKW128F145C141,Gang Starr - The Illest Brother,0.2674298039494264,TRIFVKW128F145C141,Gang Starr - The Illest Brother,0.37000908909848834,TRRGWST128F930E4AE,Sara Gazarek - Yours (Live),0.3665958321901956,TRWMHCZ128F42AE295,Matisyahu - Jerusalem,0.3562236896909971
TREPPUG128F9301FAB,SOBRREA12A6701C403,ARTDQRC1187FB4EFD4,Black Eyed Peas,Sexy,hip hop,TRFUJVJ128F426F2A2,Lauryn Hill - Interlude 5,8731.0,TRWSYHO128F4282346,Twista - I'm A Winner (Amended Album Version),7236.0,TRDPGXU128F9339C2A,Beastie Boys - B-Boy Bouillabaisse: A.W.O.L. (2009 Digital Remaster),6427.0,TRFUJVJ128F426F2A2,Lauryn Hill - Interlude 5,8064.92,TRWSYHO128F4282346,Twista - I'm A Winner (Amended Album Version),6800.695000000001,TRDPGXU128F9339C2A,Beastie Boys - B-Boy Bouillabaisse: A.W.O.L. (2009 Digital Remaster),5869.972499999999,TRYQPDL128F4265A48,Kat DeLuna - Run The Show,0.7988137786752562,TRFYGMB128F425A7A2,Natasha Bedingfield - Stumble,0.7928167495154005,TRTNLQZ128F425C3D2,The Zutons - What's Your Problem,0.7910204605077429,TRYQPDL128F4265A48,Kat DeLuna - Run The Show,0.8086650794028996,TRFYGMB128F425A7A2,Natasha Bedingfield - Stumble,0.8013219695593266,TRZCHKB128F92CB740,Anastacia - Club Megamix,0.7996723191919811,TRFUJVJ128F426F2A2,Lauryn Hill - Interlude 5,349.64065083450424,TRQWDRK128F4241A32,Twista - Overdose (Album Version),338.58824681005206,TRQDUMO128F92E3896,Binary Star - Honest Expression,311.04111914518717,TRJLMAI128F92EBB04,Marques Houston - Naked,194.87642872275833,TRQWDRK128F4241A32,Twista - Overdose (Album Version),179.39335414639868,TRQDUMO128F92E3896,Binary Star - Honest Expression,166.14689561859865,TRJLMAI128F92EBB04,Marques Houston - Naked,0.3244892576775884,TRXTJGV12903CAC0F8,R. Kelly - In The Kitchen,0.3065441757656849,TRJPLTC128F1488490,Unbelievable Truth - Let It Flow,0.3018215689071168,TRJLMAI128F92EBB04,Marques Houston - Naked,0.40013374026968657,TRXTJGV12903CAC0F8,R. Kelly - In The Kitchen,0.3650841423926582,TRJPLTC128F1488490,Unbelievable Truth - Let It Flow,0.36052668129666054
TRBBVNR128E078E1E4,SOCMYLF12A67020A4D,ARTDQRC1187FB4EFD4,Black Eyed Peas,Tell Your Momma Come,hip hop,TRFUJVJ128F426F2A2,Lauryn Hill - Interlude 5,6243.0,TREXCMT128F933D825,Vanilla Ice - It's A Party,5347.0,TRLCWTH128F92C7F82,Marques Houston - Cancel (Album Version),4786.0,TRFUJVJ128F426F2A2,Lauryn Hill - Interlude 5,5490.439999999999,TREXCMT128F933D825,Vanilla Ice - It's A Party,5002.4175,TRLCWTH128F92C7F82,Marques Houston - Cancel (Album Version),4529.86375,TRGFFYK128F933CB76,Nick Cave & The Bad Seeds - Midnight Man,0.5732986916526916,TRHUGKY128F92E5EB3,Misery Speaks - Sounds Of Brutality,0.5566868914053548,TRLXIWQ128F428AB13,Dungeon Family - Trans DF Express,0.5504982982156523,TRGFFYK128F933CB76,Nick Cave & The Bad Seeds - Midnight Man,0.5903315118479259,TRHUGKY128F92E5EB3,Misery Speaks - Sounds Of Brutality,0.5711604400355598,TRLXIWQ128F428AB13,Dungeon Family - Trans DF Express,0.5694203753612118,TRQWDRK128F4241A32,Twista - Overdose (Album Version),361.10326349947576,TRHGZOJ128F14A2ED0,The Simpsons - Do The Bartman,353.659121961117,TRFUJVJ128F426F2A2,Lauryn Hill - Interlude 5,331.93008507274675,TRHGZOJ128F14A2ED0,The Simpsons - Do The Bartman,223.2255289335827,TRKHTHW128E0784E05,Missy Elliott - Back In The Day (Explicit LP Version),201.15549427584892,TRGVOYR128F9336E5A,Beastie Boys - Pass The Mic (Pt. 2_ Skills To Pay The Bills) (2009 Digital Remaster),200.60237795767318,TRGVOYR128F9336E5A,Beastie Boys - Pass The Mic (Pt. 2_ Skills To Pay The Bills) (2009 Digital Remaster),0.31321294830386076,TRKHTHW128E0784E05,Missy Elliott - Back In The Day (Explicit LP Version),0.2653618479905162,TRJEAVP128F42B83F0,Petey Pablo - Show Me The Money,0.2645537957788366,TRGVOYR128F9336E5A,Beastie Boys - Pass The Mic (Pt. 2_ Skills To Pay The Bills) (2009 Digital Remaster),0.39134923361739987,TRKHTHW128E0784E05,Missy Elliott - Back In The Day (Explicit LP Version),0.34739681108190457,TRJEAVP128F42B83F0,Petey Pablo - Show Me The Money,0.3436929815492488
TRTJVGX128E078EB1C,SOUNVLC12A6701C406,ARTDQRC1187FB4EFD4,Black Eyed Peas,The Apl Song,hip hop,TRFUJVJ128F426F2A2,Lauryn Hill - Interlude 5,2904.0,TRDPGXU128F9339C2A,Beastie Boys - B-Boy Bouillabaisse: A.W.O.L. (2009 Digital Remaster),2547.0,TRWSYHO128F4282346,Twista - I'm A Winner (Amended Album Version),2255.0,TRFUJVJ128F426F2A2,Lauryn Hill - Interlude 5,2521.2800000000007,TRDPGXU128F9339C2A,Beastie Boys - B-Boy Bouillabaisse: A.W.O.L. (2009 Digital Remaster),2226.9399999999987,TRGUCIR128F933D817,Vanilla Ice - Ice Is Workin' It,2015.0400000000018,TRJADED128E078FB2A,Lost Boyz - Keep It Real,0.6453813894774374,TRJBVSW128F9314E72,Souls Of Mischief - Fa Sho Fo Real,0.6249810593350325,TRNDOZZ128F92F336C,Dead Prez - Fucked Up,0.6212271001065204,TRJADED128E078FB2A,Lost Boyz - Keep It Real,0.6706259924490934,TRJBVSW128F9314E72,Souls Of Mischief - Fa Sho Fo Real,0.6540992986714538,TRNDOZZ128F92F336C,Dead Prez - Fucked Up,0.6469686558533245,TRFUJVJ128F426F2A2,Lauryn Hill - Interlude 5,309.0221131206491,TRQWDRK128F4241A32,Twista - Overdose (Album Version),291.4754451464799,TRDPGXU128F9339C2A,Beastie Boys - B-Boy Bouillabaisse: A.W.O.L. (2009 Digital Remaster),250.22210933769833,TRQWDRK128F4241A32,Twista - Overdose (Album Version),166.5219648649997,TRFUJVJ128F426F2A2,Lauryn Hill - Interlude 5,143.74653777881173,TRSZTKU128F148C558,Public Enemy - Party For Your Right To Fight,131.19617205790075,TRUSLVG128F930A59C,Beastie Boys - Futterman's Rule (2009 Digital Remaster),0.27427865000251406,TRSZTKU128F148C558,Public Enemy - Party For Your Right To Fight,0.26962578203819726,TRGVOYR128F9336E5A,Beastie Boys - Pass The Mic (Pt. 2_ Skills To Pay The Bills) (2009 Digital Remaster),0.23079952421623182,TRXWSOU128F42662B0,Above The Law - Flow On (Move Me No Mountain),0.31999111180731954,TRQWDRK128F4241A32,Twista - Overdose (Album Version),0.31652615181177707,TRSZTKU128F148C558,Public Enemy - Party For Your Right To Fight,0.31521886713615377
TRDJOCY128F4294CD5,SOTHRKJ12A6701C2D8,ARRH63Y1187FB47783,Kanye West,Diamonds From Sierra Leone,hip hop,TRFUJVJ128F426F2A2,Lauryn Hill - Interlude 5,7877.0,TRDPGXU128F9339C2A,Beastie Boys - B-Boy Bouillabaisse: A.W.O.L. (2009 Digital Remaster),6292.0,TRWSYHO128F4282346,Twista - I'm A Winner (Amended Album Version),5811.0,TRFUJVJ128F426F2A2,Lauryn Hill - Interlude 5,6927.5599999999995,TRDPGXU128F9339C2A,Beastie Boys - B-Boy Bouillabaisse: A.W.O.L. (2009 Digital Remaster),5498.004999999996,TRWSYHO128F4282346,Twista - I'm A Winner (Amended Album Version),5190.510000000002,TRLUOOO128F42B3BF4,Onyx - Onyx Is Back,0.6774987218359162,TRNYSCS128F427055D,Archers Of Loaf - Web In Front,0.5897832951715085,TRWFFHM128F92F99C4,Chrisette Michele - All I Ever Think About,0.5807370983003975,TRLUOOO128F42B3BF4,Onyx - Onyx Is Back,0.6965440087632736,TRNYSCS128F427055D,Archers Of Loaf - Web In Front,0.6087633742965205,TRWFFHM128F92F99C4,Chrisette Michele - All I Ever Think About,0.6018680423221451,TRDPGXU128F9339C2A,Beastie Boys - B-Boy Bouillabaisse: A.W.O.L. (2009 Digital Remaster),571.1110348675973,TRFUJVJ128F426F2A2,Lauryn Hill - Interlude 5,557.7282832977688,TRQWDRK128F4241A32,Twista - Overdose (Album Version),535.7002824131839,TRQWDRK128F4241A32,Twista - Overdose (Album Version),267.32453082615774,TRQDUMO128F92E3896,Binary Star - Honest Expression,262.6987120339646,TRXAORM128F933CA0D,EPMD - Knick Knack Patty Wack,247.8496070521732,TRXWSOU128F42662B0,Above The Law - Flow On (Move Me No Mountain),0.2702080088719454,TRQDUMO128F92E3896,Binary Star - Honest Expression,0.25947694050687775,TROSKLK128F145806A,Us3 - It's Like That,0.25796712694344237,TRXWSOU128F42662B0,Above The Law - Flow On (Move Me No Mountain),0.40439292302874325,TRQDUMO128F92E3896,Binary Star - Honest Expression,0.4029015278690785,TRFPLQD128F92FFB52,Kool Moe Dee - Bad Mutha,0.3839487427967983
TREADOS128E078EC1F,SORAWSB12A6701FBC8,ARTH9041187FB43E1F,Eminem,If I Had,hip hop,TRFUJVJ128F426F2A2,Lauryn Hill - Interlude 5,9605.0,TRDPGXU128F9339C2A,Beastie Boys - B-Boy Bouillabaisse: A.W.O.L. (2009 Digital Remaster),9469.0,TRCHZXW128E079288A,Eminem - 8 Mile,8214.0,TRDPGXU128F9339C2A,Beastie Boys - B-Boy Bouillabaisse: A.W.O.L. (2009 Digital Remaster),8578.06375,TRFUJVJ128F426F2A2,Lauryn Hill - Interlude 5,8539.64,TRCHZXW128E079288A,Eminem - 8 Mile,7541.6362500000005,TRPNIKB12903CE690B,Skip James - I'm So Glad,0.7339131273986794,TRCEFOS128F933D79B,Clipse - Freedom,0.694298444368742,TREYKNZ128F92F41C1,Swollen Members - Concerto,0.6889559816502872,TRPNIKB12903CE690B,Skip James - I'm So Glad,0.7344757735871994,TRCEFOS128F933D79B,Clipse - Freedom,0.7108053288697619,TREYKNZ128F92F41C1,Swollen Members - Concerto,0.7058563994824767,TRDPGXU128F9339C2A,Beastie Boys - B-Boy Bouillabaisse: A.W.O.L. (2009 Digital Remaster),505.86737157854674,TRFUJVJ128F426F2A2,Lauryn Hill - Interlude 5,497.9000931400964,TRQWDRK128F4241A32,Twista - Overdose (Album Version),486.4664235544801,TRQWDRK128F4241A32,Twista - Overdose (Album Version),244.85283044875905,TRYCBLK12903CE6A0E,Twiztid - She Ain't Afraid,234.1473523864343,TRQDUMO128F92E3896,Binary Star - Honest Expression,233.787483543876,TRPNIKB12903CE690B,Skip James - I'm So Glad,0.4137507390428889,TRZQZRN128F4262039,Rosanne Cash - This World,0.27167695912219103,TRCRFNF128F93297BF,Terminal Choice - Be Like Me,0.2538032775583274,TRPNIKB12903CE690B,Skip James - I'm So Glad,0.4133255028329053,TRQDUMO128F92E3896,Binary Star - Honest Expression,0.36149530649233935,TRJVBYA128F93434FD,Immortal Technique - That's What It Is,0.3550304923918471
TRHPAVK128E078EC9C,SOKJZZN12A6701C77A,ARTH9041187FB43E1F,Eminem,Ken Kaniff,hip hop,TRFUJVJ128F426F2A2,Lauryn Hill - Interlude 5,8216.0,TRDPGXU128F9339C2A,Beastie Boys - B-Boy Bouillabaisse: A.W.O.L. (2009 Digital Remaster),7588.0,TRCHZXW128E079288A,Eminem - 8 Mile,6209.0,TRFUJVJ128F426F2A2,Lauryn Hill - Interlude 5,7308.880000000001,TRDPGXU128F9339C2A,Beastie Boys - B-Boy Bouillabaisse: A.W.O.L. (2009 Digital Remaster),6829.396250000003,TRCHZXW128E079288A,Eminem - 8 Mile,5636.503750000005,TRADFVJ12903CA80F0,Madness - Cardiac Arrest,0.727052288707104,TRMLERK128F4294CBC,K'Naan - Voices In My Head,0.726970447957655,TRETTPG128F9343EE4,Organized Konfusion - Releasing Hypnotical Gases,0.7257340005560255,TRADFVJ12903CA80F0,Madness - Cardiac Arrest,0.7456132409803983,TRETTPG128F9343EE4,Organized Konfusion - Releasing Hypnotical Gases,0.7442381017090358,TRFLQUL128F93196AF,Saul Williams - Elohim (1972),0.7412218710825725,TRQWDRK128F4241A32,Twista - Overdose (Album Version),462.487024566545,TRDPGXU128F9339C2A,Beastie Boys - B-Boy Bouillabaisse: A.W.O.L. (2009 Digital Remaster),458.6122652456057,TRFUJVJ128F426F2A2,Lauryn Hill - Interlude 5,452.12755126933416,TRSLSWO128E0786285,Redman - Soopaman Luva 3,266.52209494191465,TRYCBLK12903CE6A0E,Twiztid - She Ain't Afraid,263.5834155234304,TRQWDRK128F4241A32,Twista - Overdose (Album Version),235.56628728782684,TRSLSWO128E0786285,Redman - Soopaman Luva 3,0.30299091987790117,TRPNSHU128F428049F,The Darkness - Givin' Up (Clean Version),0.2957325982021949,TRQNKAB128F4278C15,Del The Funky Homosapien - Faulty,0.28941864900268305,TRSLSWO128E0786285,Redman - Soopaman Luva 3,0.4183351676395836,TRQNKAB128F4278C15,Del The Funky Homosapien - Faulty,0.385632908775589,TRLVRJP128F93519FB,Atmosphere - Hair,0.3808573634059859
TRGLNKG128F9307689,SOFVLYU12AB017F502,ARTH9041187FB43E1F,Eminem,My Darling,hip hop,TRFUJVJ128F426F2A2,Lauryn Hill - Interlude 5,22766.0,TRWSYHO128F4282346,Twista - I'm A Winner (Amended Album Version),18521.0,TRDPGXU128F9339C2A,Beastie Boys - B-Boy Bouillabaisse: A.W.O.L. (2009 Digital Remaster),16797.0,TRFUJVJ128F426F2A2,Lauryn Hill - Interlude 5,21108.160000000003,TRWSYHO128F4282346,Twista - I'm A Winner (Amended Album Version),17437.547499999997,TRDPGXU128F9339C2A,Beastie Boys - B-Boy Bouillabaisse: A.W.O.L. (2009 Digital Remaster),15410.586249999998,TRKLAOB12903C9A1CD,Kevin Devine - Fever Moon,0.8462124674347412,TRNHSZN128F930FF03,Clawfinger - Revenge,0.8416920316225494,TRJOXWB128F92D8498,The Inchtabokatables - Underdrive,0.8393010640528752,TRKLAOB12903C9A1CD,Kevin Devine - Fever Moon,0.8531169870408263,TRNHSZN128F930FF03,Clawfinger - Revenge,0.8474561027279263,TRJOXWB128F92D8498,The Inchtabokatables - Underdrive,0.8437087151733264,TRFUJVJ128F426F2A2,Lauryn Hill - Interlude 5,723.1319973716301,TRDPGXU128F9339C2A,Beastie Boys - B-Boy Bouillabaisse: A.W.O.L. (2009 Digital Remaster),664.5240751486315,TRQWDRK128F4241A32,Twista - Overdose (Album Version),621.5551081368943,TRQWDRK128F4241A32,Twista - Overdose (Album Version),279.98877779764445,TRFUJVJ128F426F2A2,Lauryn Hill - Interlude 5,271.3432865886248,TRWSYHO128F4282346,Twista - I'm A Winner (Amended Album Version),247.11521685607465,TRPQUWE128F42B1B53,Johnny Nash - Stir It Up,0.2882613965873101,TRBFTHL128C7196B42,Etta James - My Dearest Darling,0.25291947483687266,TRJBKRC128F92F81DB,Simply Red - Go Now,0.2517109727480485,TRIFVKW128F145C141,Gang Starr - The Illest Brother,0.3847686203755039,TRFUJVJ128F426F2A2,Lauryn Hill - Interlude 5,0.3736161495112072,TRQUYEY128F93148DF,Souls Of Mischief - Rock It Like That,0.36711741317097185
TRCHZXW128E079288A,SOMEJDK12D0219BB71,ARTH9041187FB43E1F,Eminem,8 Mile,hip hop,TRDPGXU128F9339C2A,Beastie Boys - B-Boy Bouillabaisse: A.W.O.L. (2009 Digital Remaster),17013.0,TRFUJVJ128F426F2A2,Lauryn Hill - Interlude 5,16626.0,TRWSYHO128F4282346,Twista - I'm A Winner (Amended Album Version),14068.0,TRDPGXU128F9339C2A,Beastie Boys - B-Boy Bouillabaisse: A.W.O.L. (2009 Digital Remaster),15583.501250000001,TRFUJVJ128F426F2A2,Lauryn Hill - Interlude 5,14916.639999999996,TRKLJAG128F42B31CF,Mario Vazquez - Everytime I...,13159.43749999998,TREBQOW128F92C4549,Common - Book Of Life,0.8921928015781576,TRTVTYS128E0792887,Eminem - Rabbit Run,0.8693785025650074,TRQMGEQ128F145F0AF,Gang Starr - Gotta Get Over (Taking Loot) (Explicit),0.8653391439458403,TREBQOW128F92C4549,Common - Book Of Life,0.896699433811434,TRTVTYS128E0792887,Eminem - Rabbit Run,0.8769762457980983,TRQMGEQ128F145F0AF,Gang Starr - Gotta Get Over (Taking Loot) (Explicit),0.8727866174428162,TRDPGXU128F9339C2A,Beastie Boys - B-Boy Bouillabaisse: A.W.O.L. (2009 Digital Remaster),808.9468899169303,TRFUJVJ128F426F2A2,Lauryn Hill - Interlude 5,797.6246297916822,TRQWDRK128F4241A32,Twista - Overdose (Album Version),693.2410766172818,TRYCBLK12903CE6A0E,Twiztid - She Ain't Afraid,341.4018619166017,TRWSYHO128F4282346,Twista - I'm A Winner (Amended Album Version),338.1472090940675,TRPWYWW128F422E08E,Eazy-E - Real Muthaphuckkin' G's,295.1550632602855,TREBQOW128F92C4549,Common - Book Of Life,0.26356663871711894,TRRFAZP128F426674F,Will Smith - Momma Knows,0.2541266025174289,TRYCBLK12903CE6A0E,Twiztid - She Ain't Afraid,0.2539724294579775,TREBQOW128F92C4549,Common - Book Of Life,0.4114836812640654,TRXWSOU128F42662B0,Above The Law - Flow On (Move Me No Mountain),0.4050451840858351,TROYKQM128F428CCED,OutKast - Mainstream,0.40440463465023574
TRCDLUM128F9331CA9,SOOOJWM12A8C13AC0E,ARPDVPJ1187B9ADBE9,Usher,Love Was Here,hip hop,TRFUJVJ128F426F2A2,Lauryn Hill - Interlude 5,7931.0,TRWSYHO128F4282346,Twista - I'm A Winner (Amended Album Version),7167.0,TREBGAA128E078FC52,Erykah Badu - I Want You,6340.0,TRFUJVJ128F426F2A2,Lauryn Hill - Interlude 5,7277.799999999998,TRWSYHO128F4282346,Twista - I'm A Winner (Amended Album Version),6740.112500000002,TREBGAA128E078FC52,Erykah Badu - I Want You,6099.931250000001,TRMASAZ128F428EF4E,The Jeff Healey Band - You're Coming Home,0.7483436842603647,TRJLMAI128F92EBB04,Marques Houston - Naked,0.720132087174014,TRMWVDI128F92FFA8A,Gotye - Coming Back,0.7148908365381214,TRMASAZ128F428EF4E,The Jeff Healey Band - You're Coming Home,0.759042196768557,TRJLMAI128F92EBB04,Marques Houston - Naked,0.7339754351838812,TRMWVDI128F92FFA8A,Gotye - Coming Back,0.7278671472553035,TRFUJVJ128F426F2A2,Lauryn Hill - Interlude 5,321.3380048562633,TRQAWKR128F425EEC3,Michael Jackson - Man In The Mirror,303.5881036860021,TRLVRJP128F93519FB,Atmosphere - Hair,246.91389599896848,TRQAWKR128F425EEC3,Michael Jackson - Man In The Mirror,215.32862048034272,TRYOUMI128E078F4DE,K-Ci & JoJo - Baby Come Back,171.56618243915096,TROTTNB128F4264052,Blackstreet - Billie Jean,161.65545954989184,TRDIYGM128F425B1F1,Willie Nelson - All Of Me,0.4000362648317422,TRYOUMI128E078F4DE,K-Ci & JoJo - Baby Come Back,0.3485113833011952,TROTTNB128F4264052,Blackstreet - Billie Jean,0.34561086642429834,TRDIYGM128F425B1F1,Willie Nelson - All Of Me,0.43435644012143243,TRYOUMI128E078F4DE,K-Ci & JoJo - Baby Come Back,0.4001418036204125,TROTTNB128F4264052,Blackstreet - Billie Jean,0.39986784027980216
TRPMNRL128F9302AD7,SOEVGOY12AB0181053,ARCGJ6U1187FB4D01F,Akon,Be With You,hip hop,TRFUJVJ128F426F2A2,Lauryn Hill - Interlude 5,14362.0,TRDPGXU128F9339C2A,Beastie Boys - B-Boy Bouillabaisse: A.W.O.L. (2009 Digital Remaster),11253.0,TRWSYHO128F4282346,Twista - I'm A Winner (Amended Album Version),11057.0,TRFUJVJ128F426F2A2,Lauryn Hill - Interlude 5,13482.48,TRDPGXU128F9339C2A,Beastie Boys - B-Boy Bouillabaisse: A.W.O.L. (2009 Digital Remaster),10517.477499999999,TRWSYHO128F4282346,Twista - I'm A Winner (Amended Album Version),10482.204999999998,TRNHSZN128F930FF03,Clawfinger - Revenge,0.8135375366003691,TRHVNJF128F934B8C0,Machinemade God - With You,0.7757605977112659,TRQCMLS128F933DB3B,Boyz II Men - Could It Be I'm Falling In Love,0.7635556890909763,TRNHSZN128F930FF03,Clawfinger - Revenge,0.819537726220782,TRHVNJF128F934B8C0,Machinemade God - With You,0.7824318819588947,TRQCMLS128F933DB3B,Boyz II Men - Could It Be I'm Falling In Love,0.7706665638678859,TRFUJVJ128F426F2A2,Lauryn Hill - Interlude 5,357.83508403367216,TRDPGXU128F9339C2A,Beastie Boys - B-Boy Bouillabaisse: A.W.O.L. (2009 Digital Remaster),300.9127685960192,TRQDUMO128F92E3896,Binary Star - Honest Expression,235.0367067975427,TRFUJVJ128F426F2A2,Lauryn Hill - Interlude 5,186.25766647338824,TRVYMSA128F4266A4F,3LW - Playas Gon' Play,149.35012225505474,TRNHSZN128F930FF03,Clawfinger - Revenge,138.20737269997912,TRDQNSS128F4240C31,Millencolin - Random I Am (Album Version),0.33835760606901083,TRTUCHE128F425B7CC,Jennifer Lopez - The Way It Is,0.307019057944843,TRNHSZN128F930FF03,Clawfinger - Revenge,0.3063131486877253,TRDQNSS128F4240C31,Millencolin - Random I Am (Album Version),0.3939021939329246,TRNHSZN128F930FF03,Clawfinger - Revenge,0.38449942836524625,TREIEOO128F42B0099,Chris Brown - Ain't No Way (You Won't Love Me),0.36690653277838253
TRRIRMX128F92E6272,SOILRPD12A6701E38C,ARCGJ6U1187FB4D01F,Akon,Locked Up,hip hop,TRHJDKU128F1456E10,Ice Cube - When I Get To Heaven (Remix) (Explicit),8786.0,TRUGLTC128F4227B93,Danity Kane - Hold Me Down (Album Version),6272.0,TRDPGXU128F9339C2A,Beastie Boys - B-Boy Bouillabaisse: A.W.O.L. (2009 Digital Remaster),6231.0,TRHJDKU128F1456E10,Ice Cube - When I Get To Heaven (Remix) (Explicit),8471.776249999999,TRCJADX128F428D3E0,Britney Spears - Let Me Be,5912.842500000001,TRUGLTC128F4227B93,Danity Kane - Hold Me Down (Album Version),5865.357499999999,TRHJDKU128F1456E10,Ice Cube - When I Get To Heaven (Remix) (Explicit),0.6788456750240752,TRMHLKD12903C98020,JET - Let Me Out,0.6362666877782961,TRJEZJN128F421AD62,Tommy Castro - Nasty Habits,0.6321070553838414,TRHJDKU128F1456E10,Ice Cube - When I Get To Heaven (Remix) (Explicit),0.6865571612397183,TRMHLKD12903C98020,JET - Let Me Out,0.6459752707942557,TRJEZJN128F421AD62,Tommy Castro - Nasty Habits,0.641198889310491,TRFEGNP128F93462CB,Kurupt - It Ain't About You,317.23726179216055,TRIMUPV128F1486694,Lloyd Banks - Make A Move,299.47580394568723,TRBKQJB128F934EEF7,Ying Yang Twins - 1st Booty On Duty,279.6955227806344,TRFEGNP128F93462CB,Kurupt - It Ain't About You,217.6920387763081,TRIMUPV128F1486694,Lloyd Banks - Make A Move,210.47322699351295,TROQUJK128F4254F90,Fun Lovin' Criminals - Blues For Suckers,194.8690888690063,TRVVWII128F423EC88,KathrynWilliams - Room In My Head,0.38470694208077294,TRIIVHH128F429133E,J.J. Cale - Shanghaid,0.34425886053527077,TROQUJK128F4254F90,Fun Lovin' Criminals - Blues For Suckers,0.29219693472497005,TRVVWII128F423EC88,KathrynWilliams - Room In My Head,0.4059631184100472,TRIIVHH128F429133E,J.J. Cale - Shanghaid,0.3860314013119453,TROQUJK128F4254F90,Fun Lovin' Criminals - Blues For Suckers,0.3377203504736941
TRCEYQJ128E07862DE,SOAUEBB12A67020DC4,ARLGIX31187B9AE9A0,Jay-Z,So Ghetto,hip hop,TRFUJVJ128F426F2A2,Lauryn Hill - Interlude 5,8107.0,TRDPGXU128F9339C2A,Beastie Boys - B-Boy Bouillabaisse: A.W.O.L. (2009 Digital Remaster),7905.0,TRCHZXW128E079288A,Eminem - 8 Mile,7155.0,TRFUJVJ128F426F2A2,Lauryn Hill - Interlude 5,7164.919999999999,TRDPGXU128F9339C2A,Beastie Boys - B-Boy Bouillabaisse: A.W.O.L. (2009 Digital Remaster),7117.160000000003,TRCHZXW128E079288A,Eminem - 8 Mile,6560.4400000000005,TRSEKVK128F4289138,Amel Larrieux - lucky to be me,0.7741734030921312,TRTPMBB128F42934F8,Sage Francis - Keep Moving,0.7599273913551403,TRQXHBL128F42A56FE,Ledisi - Best Friend,0.7494190681785076,TRSEKVK128F4289138,Amel Larrieux - lucky to be me,0.77977202325625,TRTPMBB128F42934F8,Sage Francis - Keep Moving,0.7744778017557445,TRQXHBL128F42A56FE,Ledisi - Best Friend,0.7597862287839753,TRQWDRK128F4241A32,Twista - Overdose (Album Version),565.0259605174281,TRDPGXU128F9339C2A,Beastie Boys - B-Boy Bouillabaisse: A.W.O.L. (2009 Digital Remaster),550.1051298642453,TRISBQQ128F93217A2,2Pac - Strictly 4 My N.I.G.G.A.Z.,542.0826104732533,TRISBQQ128F93217A2,2Pac - Strictly 4 My N.I.G.G.A.Z.,345.68487186231215,TRHDXOY128F42B3BE9,Onyx - Slam Harder,340.76252554852175,TRPUEFZ128F146269E,Onyx - Slam,340.76252554852175,TRSQUMU128F148CBBA,EPMD - Right Now,0.36419650468533743,TRISBQQ128F93217A2,2Pac - Strictly 4 My N.I.G.G.A.Z.,0.34313769285090556,TRQQALN128F148D20E,Insane Clown Posse - Fuck Off,0.33305335496350724,TRISBQQ128F93217A2,2Pac - Strictly 4 My N.I.G.G.A.Z.,0.44982558330248856,TRSQUMU128F148CBBA,EPMD - Right Now,0.44776536300694825,TRJUUKB128F428E973,Soulja Slim - From What I Was Told,0.43205265625935896
TRZGUNN128E07862F7,SOGFJJE12A58A80C35,ARLGIX31187B9AE9A0,Jay-Z,Heart Of The City (Ain't No Love),hip hop,TRFUJVJ128F426F2A2,Lauryn Hill - Interlude 5,7878.0,TRDPGXU128F9339C2A,Beastie Boys - B-Boy Bouillabaisse: A.W.O.L. (2009 Digital Remaster),7351.0,TRCHZXW128E079288A,Eminem - 8 Mile,6530.0,TRFUJVJ128F426F2A2,Lauryn Hill - Interlude 5,7037.1200000000035,TRDPGXU128F9339C2A,Beastie Boys - B-Boy Bouillabaisse: A.W.O.L. (2009 Digital Remaster),6647.791249999999,TRCHZXW128E079288A,Eminem - 8 Mile,5999.308750000003,TRZCHKB128F92CB740,Anastacia - Club Megamix,0.7728379195250739,TRQXHBL128F42A56FE,Ledisi - Best Friend,0.7698358288326562,TRTHFTG128F42550BC,Lil Wyte - Ten Toes Tall,0.756956572967453,TRZCHKB128F92CB740,Anastacia - Club Megamix,0.7862626433588975,TRQXHBL128F42A56FE,Ledisi - Best Friend,0.7792451081910555,TRTHFTG128F42550BC,Lil Wyte - Ten Toes Tall,0.7731535716743303,TRQWDRK128F4241A32,Twista - Overdose (Album Version),531.5139805634911,TRBKQJB128F934EEF7,Ying Yang Twins - 1st Booty On Duty,527.4709024193706,TRGUBSR128E0786082,DMX - Keep Your Shit The Hardest,522.2645450662167,TRHKGFY128F42ACC54,Three 6 Mafia - Who Run It,360.87747147374574,TRBKQJB128F934EEF7,Ying Yang Twins - 1st Booty On Duty,353.01586258633125,TRGUBSR128E0786082,DMX - Keep Your Shit The Hardest,343.3055414381287,TREWWOJ128F42742B2,Westside Connection - Superstar (Double Murder = Double Platinum),0.34678162414826924,TRHKGFY128F42ACC54,Three 6 Mafia - Who Run It,0.3409511853551722,TRISBQQ128F93217A2,2Pac - Strictly 4 My N.I.G.G.A.Z.,0.3330407773873122,TRISBQQ128F93217A2,2Pac - Strictly 4 My N.I.G.G.A.Z.,0.43761587697182996,TREWWOJ128F42742B2,Westside Connection - Superstar (Double Murder = Double Platinum),0.4310919691865737,TRHKGFY128F42ACC54,Three 6 Mafia - Who Run It,0.42718707527753114
TRTVTYS128E0792887,SORCZHK12A6701FFB0,ARTH9041187FB43E1F,Eminem,Rabbit Run,hip hop,TRFUJVJ128F426F2A2,Lauryn Hill - Interlude 5,10439.0,TRDPGXU128F9339C2A,Beastie Boys - B-Boy Bouillabaisse: A.W.O.L. (2009 Digital Remaster),9936.0,TRWSYHO128F4282346,Twista - I'm A Winner (Amended Album Version),9500.0,TRFUJVJ128F426F2A2,Lauryn Hill - Interlude 5,9441.720000000001,TRDPGXU128F9339C2A,Beastie Boys - B-Boy Bouillabaisse: A.W.O.L. (2009 Digital Remaster),9101.997500000005,TRWSYHO128F4282346,Twista - I'm A Winner (Amended Album Version),8848.245000000003,TRCHZXW128E079288A,Eminem - 8 Mile,0.8693785025650074,TREBQOW128F92C4549,Common - Book Of Life,0.8506579041417829,TRDSUZH128F425BAC3,RODNEY CROWELL - Preachin' To The Choir,0.8415246429452564,TRCHZXW128E079288A,Eminem - 8 Mile,0.8769762457980983,TREBQOW128F92C4549,Common - Book Of Life,0.8573360919159411,TRDSUZH128F425BAC3,RODNEY CROWELL - Preachin' To The Choir,0.849360414465328,TRQWDRK128F4241A32,Twista - Overdose (Album Version),569.3920002358544,TRYCBLK12903CE6A0E,Twiztid - She Ain't Afraid,553.6878584430436,TRCHZXW128E079288A,Eminem - 8 Mile,549.1850154856749,TRYCBLK12903CE6A0E,Twiztid - She Ain't Afraid,342.08926967284094,TRQWDRK128F4241A32,Twista - Overdose (Album Version),311.0900481488417,TRBKQJB128F934EEF7,Ying Yang Twins - 1st Booty On Duty,299.11874257537227,TRYCBLK12903CE6A0E,Twiztid - She Ain't Afraid,0.3274700347082773,TRTQMQX128F931173A,The Forces Of Evil - My Life,0.3135739462257229,TRQQALN128F148D20E,Insane Clown Posse - Fuck Off,0.2951657662792609,TRYCBLK12903CE6A0E,Twiztid - She Ain't Afraid,0.44071994312826485,TRQWDRK128F4241A32,Twista - Overdose (Album Version),0.41507607373996636,TROYKQM128F428CCED,OutKast - Mainstream,0.4069055512699496
TRBEBJO128C719646B,SORXHBR12AF72A5DA5,ARCBD0U1187FB466EF,Nelly,Splurge,hip hop,TRFUJVJ128F426F2A2,Lauryn Hill - Interlude 5,20757.0,TRDPGXU128F9339C2A,Beastie Boys - B-Boy Bouillabaisse: A.W.O.L. (2009 Digital Remaster),16731.0,TRWSYHO128F4282346,Twista - I'm A Winner (Amended Album Version),16494.0,TRFUJVJ128F426F2A2,Lauryn Hill - Interlude 5,19408.279999999995,TRWSYHO128F4282346,Twista - I'm A Winner (Amended Album Version),15612.567499999994,TRDPGXU128F9339C2A,Beastie Boys - B-Boy Bouillabaisse: A.W.O.L. (2009 Digital Remaster),15603.096249999997,TRKXFLD128F1479BC0,Remy Ma - I'm,0.8464237494375487,TRFPLQD128F92FFB52,Kool Moe Dee - Bad Mutha,0.8451237364280122,TRNHSZN128F930FF03,Clawfinger - Revenge,0.8434406793283219,TRKXFLD128F1479BC0,Remy Ma - I'm,0.8525079920543649,TRFPLQD128F92FFB52,Kool Moe Dee - Bad Mutha,0.8516197674376584,TRNHSZN128F930FF03,Clawfinger - Revenge,0.849029887280976,TRBKQJB128F934EEF7,Ying Yang Twins - 1st Booty On Duty,554.5082604730842,TRGUBSR128E0786082,DMX - Keep Your Shit The Hardest,547.3862716930715,TRFUJVJ128F426F2A2,Lauryn Hill - Interlude 5,523.0962250573973,TRBKQJB128F934EEF7,Ying Yang Twins - 1st Booty On Duty,371.06816925004694,TRGUBSR128E0786082,DMX - Keep Your Shit The Hardest,359.2102466144134,TRLRCZU128F1475FBA,Juvenile - Around The Way [Explicit Album Version],331.8509592971791,TRLRCZU128F1475FBA,Juvenile - Around The Way [Explicit Album Version],0.35020189891468906,TRYKMPI12903D03F54,Levon Helm - Feelin' Good,0.33115558082135194,TRGUBSR128E0786082,DMX - Keep Your Shit The Hardest,0.3092999209100691,TRLRCZU128F1475FBA,Juvenile - Around The Way [Explicit Album Version],0.43938879572200523,TRGUBSR128E0786082,DMX - Keep Your Shit The Hardest,0.40560889434023933,TRFOGZN128F42882B5,OutKast - Claimin' True,0.4030598484963782
TRMWYIH128E078DCA6,SOMTUPP12A6701FC38,ARCBD0U1187FB466EF,Nelly,St. Louie,hip hop,TRFUJVJ128F426F2A2,Lauryn Hill - Interlude 5,9575.0,TRDPGXU128F9339C2A,Beastie Boys - B-Boy Bouillabaisse: A.W.O.L. (2009 Digital Remaster),7227.0,TRWSYHO128F4282346,Twista - I'm A Winner (Amended Album Version),6326.0,TRFUJVJ128F426F2A2,Lauryn Hill - Interlude 5,8645.800000000003,TRDPGXU128F9339C2A,Beastie Boys - B-Boy Bouillabaisse: A.W.O.L. (2009 Digital Remaster),6449.931249999999,TRWSYHO128F4282346,Twista - I'm A Winner (Amended Album Version),5718.737499999998,TRJUUKB128F428E973,Soulja Slim - From What I Was Told,0.6727790489311304,TRHKJVR128F42857EA,DJ Quik - Safe + Sound,0.667709963864419,TRQSXXR128F4266519,Blues Traveler - Run Around,0.662820809918822,TRJUUKB128F428E973,Soulja Slim - From What I Was Told,0.6956358428070462,TRHKJVR128F42857EA,DJ Quik - Safe + Sound,0.6904687041916838,TRQSXXR128F4266519,Blues Traveler - Run Around,0.6844385076896574,TRDPGXU128F9339C2A,Beastie Boys - B-Boy Bouillabaisse: A.W.O.L. (2009 Digital Remaster),534.8903486283185,TRQWDRK128F4241A32,Twista - Overdose (Album Version),474.7876167794142,TRFUJVJ128F426F2A2,Lauryn Hill - Interlude 5,434.20843366063997,TRQWDRK128F4241A32,Twista - Overdose (Album Version),257.7361173037986,TRPDDZW128F42712B2,Young Jeezy - Still On It,256.1963404056471,TRXDWYK128F425C160,Mos Def - The Easy Spell,249.0465207838974,TRDXSJQ128F92CEE86,The Replacements - Love You Till Friday,0.27025875286722273,TRHXTHR128F145E864,Nelly - Wrap Sumden,0.268946795465088,TRQUACS128E0780F89,Lloyd Banks - Just Another Day,0.2683622659255885,TRHXTHR128F145E864,Nelly - Wrap Sumden,0.3681128943298217,TRJUUKB128F428E973,Soulja Slim - From What I Was Told,0.3672398899284653,TRQUACS128E0780F89,Lloyd Banks - Just Another Day,0.36381581993370116
TRHXTHR128F145E864,SOTUHWK12A6310D7E5,ARCBD0U1187FB466EF,Nelly,Wrap Sumden,hip hop,TRFUJVJ128F426F2A2,Lauryn Hill - Interlude 5,7411.0,TRDPGXU128F9339C2A,Beastie Boys - B-Boy Bouillabaisse: A.W.O.L. (2009 Digital Remaster),6648.0,TRCHZXW128E079288A,Eminem - 8 Mile,5497.0,TRFUJVJ128F426F2A2,Lauryn Hill - Interlude 5,6719.160000000002,TRDPGXU128F9339C2A,Beastie Boys - B-Boy Bouillabaisse: A.W.O.L. (2009 Digital Remaster),6069.429999999997,TRBEBJO128C719646B,Nelly - Splurge,5105.490000000001,TRKXFLD128F1479BC0,Remy Ma - I'm,0.8330510814071291,TRDPGXU128F9339C2A,Beastie Boys - B-Boy Bouillabaisse: A.W.O.L. (2009 Digital Remaster),0.8251990738049688,TRTHFTG128F42550BC,Lil Wyte - Ten Toes Tall,0.8174710110294232,TRKXFLD128F1479BC0,Remy Ma - I'm,0.8402796190115877,TRDPGXU128F9339C2A,Beastie Boys - B-Boy Bouillabaisse: A.W.O.L. (2009 Digital Remaster),0.8376436529288706,TRTHFTG128F42550BC,Lil Wyte - Ten Toes Tall,0.8305199178109834,TRQWDRK128F4241A32,Twista - Overdose (Album Version),473.99953705756894,TRBKQJB128F934EEF7,Ying Yang Twins - 1st Booty On Duty,429.1281167174918,TRKGULH128F428C170,Mobb Deep - Trife Life,418.29655625886977,TRBKQJB128F934EEF7,Ying Yang Twins - 1st Booty On Duty,270.95819537744006,TRQWDRK128F4241A32,Twista - Overdose (Album Version),265.0933423358632,TRGMVZO128E078607E,DMX - Bring Your Whole Crew,237.3430333245167,TRRODLK128F934814F,KMD - Contact Blitt,0.3196482786636526,TRNRSMW128F14624A1,N.W.A. - The Dayz Of Wayback,0.2954038680301271,TREEAAM128F4278BF4,Hieroglyphics - Shift Shape,0.29116533261987537,TRRODLK128F934814F,KMD - Contact Blitt,0.4141790718805987,TRKGULH128F428C170,Mobb Deep - Trife Life,0.40662577823182783,TRQSIZR128EF362D3A,The Pharcyde - Pack The Pipe,0.40483882745916694
TRQRAKE128F9322866,SOJQLHA12AB017F7D4,ARLGIX31187B9AE9A0,Jay-Z,Soon You'll Understand,hip hop,TRFUJVJ128F426F2A2,Lauryn Hill - Interlude 5,16833.0,TRWSYHO128F4282346,Twista - I'm A Winner (Amended Album Version),14552.0,TREBGAA128E078FC52,Erykah Badu - I Want You,11823.0,TRFUJVJ128F426F2A2,Lauryn Hill - Interlude 5,15670.12,TRWSYHO128F4282346,Twista - I'm A Winner (Amended Album Version),13792.01999999999,TREBGAA128E078FC52,Erykah Badu - I Want You,11395.61,TRNHSZN128F930FF03,Clawfinger - Revenge,0.8172833654342355,TREUZWP128F421CBB7,Chely Wright - Between A Mother And A Child,0.8126473257695461,TRPBTSJ128F42A3168,Harry Belafonte - Angelina,0.8017084907007062,TRNHSZN128F930FF03,Clawfinger - Revenge,0.8240500724231242,TREUZWP128F421CBB7,Chely Wright - Between A Mother And A Child,0.8209644768440513,TRPBTSJ128F42A3168,Harry Belafonte - Angelina,0.8093392605993524,TRFUJVJ128F426F2A2,Lauryn Hill - Interlude 5,646.2360206841577,TRCHZXW128E079288A,Eminem - 8 Mile,521.4832588085808,TRQWDRK128F4241A32,Twista - Overdose (Album Version),505.04533442384513,TRFUJVJ128F426F2A2,Lauryn Hill - Interlude 5,279.89631585238976,TRKGULH128F428C170,Mobb Deep - Trife Life,231.3028909132088,TRQWDRK128F4241A32,Twista - Overdose (Album Version),228.08111276348853,TREUMGR128E079338F,Samantha Mumba - What's It Gonna Be,0.2616981900110804,TRRFAZP128F426674F,Will Smith - Momma Knows,0.2570965480102593,TRQSIZR128EF362D3A,The Pharcyde - Pack The Pipe,0.24807127261258316,TRQSIZR128EF362D3A,The Pharcyde - Pack The Pipe,0.3851111437354709,TRFUJVJ128F426F2A2,Lauryn Hill - Interlude 5,0.38093323217520086,TRIFVKW128F145C141,Gang Starr - The Illest Brother,0.37059844259562075
TRCDAUA128E0784644,SOAZMZB12A6701D958,ARLGIX31187B9AE9A0,Jay-Z,Encore,hip hop,TRFUJVJ128F426F2A2,Lauryn Hill - Interlude 5,9611.0,TRWSYHO128F4282346,Twista - I'm A Winner (Amended Album Version),8460.0,TREBGAA128E078FC52,Erykah Badu - I Want You,6725.0,TRFUJVJ128F426F2A2,Lauryn Hill - Interlude 5,8810.599999999999,TRWSYHO128F4282346,Twista - I'm A Winner (Amended Album Version),7936.912500000002,TREBGAA128E078FC52,Erykah Badu - I Want You,6430.831250000002,TRWLKBS12903CC57D7,Good Old War - Tell Me (Acoustic),0.8157285543350989,TRFYGMB128F425A7A2,Natasha Bedingfield - Stumble,0.8076014582768111,TRISFKH128F9336E63,Beastie Boys - So What'Cha Want (Butt Naked Version) (Explicit) (2009 Digital Remaster),0.8069587678611955,TRWLKBS12903CC57D7,Good Old War - Tell Me (Acoustic),0.8259639967078707,TRISFKH128F9336E63,Beastie Boys - So What'Cha Want (Butt Naked Version) (Explicit) (2009 Digital Remaster),0.8162256778666267,TRFYGMB128F425A7A2,Natasha Bedingfield - Stumble,0.8151545838093671,TRQWDRK128F4241A32,Twista - Overdose (Album Version),513.4109557142903,TRFUJVJ128F426F2A2,Lauryn Hill - Interlude 5,496.7875890556921,TRDPGXU128F9339C2A,Beastie Boys - B-Boy Bouillabaisse: A.W.O.L. (2009 Digital Remaster),443.0986472444503,TRQWDRK128F4241A32,Twista - Overdose (Album Version),293.527713454279,TRBKQJB128F934EEF7,Ying Yang Twins - 1st Booty On Duty,274.5315053670578,TRHDXOY128F42B3BE9,Onyx - Slam Harder,254.1080723955851,TRGVOYR128F9336E5A,Beastie Boys - Pass The Mic (Pt. 2_ Skills To Pay The Bills) (2009 Digital Remaster),0.30485016113240343,TRLSQAR128F4263CBC,A Tribe Called Quest - Peace_ Prosperity & Paper,0.29682444643809197,TRLGWGC128EF34DBAB,Bone Thugs-N-Harmony - 9mm,0.2895417197091436,TRQWDRK128F4241A32,Twista - Overdose (Album Version),0.4106762747919477,TRLSQAR128F4263CBC,A Tribe Called Quest - Peace_ Prosperity & Paper,0.40758776342548,TRGVOYR128F9336E5A,Beastie Boys - Pass The Mic (Pt. 2_ Skills To Pay The Bills) (2009 Digital Remaster),0.39978285546543585
TRBCPZS128F145ECC1,SOOKDOU12D0219A1C0,ARCBD0U1187FB466EF,Nelly,Say Now,hip hop,TRFUJVJ128F426F2A2,Lauryn Hill - Interlude 5,7559.0,TRQAWKR128F425EEC3,Michael Jackson - Man In The Mirror,6921.0,TREZBFM128F428508A,Fatboy Slim - The Rockafeller Skank,6009.0,TRFUJVJ128F426F2A2,Lauryn Hill - Interlude 5,6644.52,TRQAWKR128F425EEC3,Michael Jackson - Man In The Mirror,6136.982500000002,TREZBFM128F428508A,Fatboy Slim - The Rockafeller Skank,5611.399999999998,TRDXEIG128F4292FF1,Bruce Hornsby and the Range - The Red Plains,0.6061194489518105,TRWCKEI128E0780E47,Blink-182 - Online Songs,0.6059385776483655,TRAWSJK128F42767F2,Ini Kamoze - Here Comes The Hotstepper,0.5962512597307601,TRWCKEI128E0780E47,Blink-182 - Online Songs,0.6237764408472842,TRDXEIG128F4292FF1,Bruce Hornsby and the Range - The Red Plains,0.6185799010369691,TRAWSJK128F42767F2,Ini Kamoze - Here Comes The Hotstepper,0.6064342889763552,TRQAWKR128F425EEC3,Michael Jackson - Man In The Mirror,537.6366216256878,TRFUJVJ128F426F2A2,Lauryn Hill - Interlude 5,496.86949388116517,TRQWDRK128F4241A32,Twista - Overdose (Album Version),452.81532539755597,TRQAWKR128F425EEC3,Michael Jackson - Man In The Mirror,383.67448107349503,TROQUJK128F4254F90,Fun Lovin' Criminals - Blues For Suckers,305.2334911284724,TRJJNLV128F92DF509,Tiziano Ferro - Universal Prayer,295.8245757050674,TRGANKE128F4275BFF,Sentidos Opuestos - Oh Na Na Na,0.421432195522257,TRJRCCY128F930C12F,Kayah - Dla Niego,0.4182590042746081,TRDLFRY128F425CC13,Orla Fallon - An Mhaighdean Mhara,0.3690724606173548,TRJJNLV128F92DF509,Tiziano Ferro - Universal Prayer,0.41711419065296407,TRGANKE128F4275BFF,Sentidos Opuestos - Oh Na Na Na,0.4139108990687238,TRPHTZZ128F429349E,Tim Armstrong - Take This City,0.4118609570578756
TRWFVOW128E0793847,SOZDHYB12A679D7E52,ARZER7I1187FB385AF,Dr. Dre,Been There Done That,hip hop,TRFUJVJ128F426F2A2,Lauryn Hill - Interlude 5,6947.0,TRDPGXU128F9339C2A,Beastie Boys - B-Boy Bouillabaisse: A.W.O.L. (2009 Digital Remaster),5817.0,TRQAWKR128F425EEC3,Michael Jackson - Man In The Mirror,5648.0,TRFUJVJ128F426F2A2,Lauryn Hill - Interlude 5,6172.360000000001,TRDPGXU128F9339C2A,Beastie Boys - B-Boy Bouillabaisse: A.W.O.L. (2009 Digital Remaster),5169.186250000001,TRQAWKR128F425EEC3,Michael Jackson - Man In The Mirror,4983.8725,TRKKWMQ128F4266186,Mobb Deep - Live Foul,0.6982076517092871,TRJADED128E078FB2A,Lost Boyz - Keep It Real,0.6381602946481137,TRFOGZN128F42882B5,OutKast - Claimin' True,0.6378632481194221,TRKKWMQ128F4266186,Mobb Deep - Live Foul,0.7168507480305717,TRJADED128E078FB2A,Lost Boyz - Keep It Real,0.6613645872091801,TRKKHPA128F93148E5,Souls Of Mischief - Do You Want It?,0.6599652717296057,TRDPGXU128F9339C2A,Beastie Boys - B-Boy Bouillabaisse: A.W.O.L. (2009 Digital Remaster),429.62519894106714,TRQWDRK128F4241A32,Twista - Overdose (Album Version),404.19441618988503,TRHKJVR128F42857EA,DJ Quik - Safe + Sound,353.51135376653025,TREADOS128E078EC1F,Eminem - If I Had,195.73636597251334,TRHKGFY128F42ACC54,Three 6 Mafia - Who Run It,193.36993102163623,TRSHSSK128F42829E0,WWE John Cena and Tha Trademarc - Just Another Day,192.09541821385238,TRJSVVI12903CA8185,Bobby Bare - Marie Laveau,0.2558507201808613,TRSHSSK128F42829E0,WWE John Cena and Tha Trademarc - Just Another Day,0.23268249545991437,TREADOS128E078EC1F,Eminem - If I Had,0.22894699509897773,TRIFVKW128F145C141,Gang Starr - The Illest Brother,0.3499569032375065,TRSHSSK128F42829E0,WWE John Cena and Tha Trademarc - Just Another Day,0.33998092912735056,TRJSVVI12903CA8185,Bobby Bare - Marie Laveau,0.33955004776479686
TRWZWOX128F935A084,SOTYTWT12A58A7BBEE,AR9LJ9D1187FB4303D,Sean Kingston,Magical,hip hop,TRFUJVJ128F426F2A2,Lauryn Hill - Interlude 5,5677.0,TRUEPSG128F149639E,Stevie Wonder - All Day Sucker,5057.0,TRXHMID128F42BA902,Brick & Lace - Love Is Wicked,5031.0,TRFUJVJ128F426F2A2,Lauryn Hill - Interlude 5,5062.44,TRUEPSG128F149639E,Stevie Wonder - All Day Sucker,4844.91,TRXHMID128F42BA902,Brick & Lace - Love Is Wicked,4785.510000000002,TRJVRGE128F149E808,Ben E. King - Supernatural Thing Part 1,0.7067527753415465,TRJZQSM128F92C4D1B,Ladyhawke - Love Don't Live Here,0.6890688376692659,TRCYLAX128F42B0D01,Aretha Franklin - A Deeper Love,0.6863434513649261,TRJVRGE128F149E808,Ben E. King - Supernatural Thing Part 1,0.7159543389876427,TRJZQSM128F92C4D1B,Ladyhawke - Love Don't Live Here,0.6980204346348534,TRCYLAX128F42B0D01,Aretha Franklin - A Deeper Love,0.6951663405273613,TRFUJVJ128F426F2A2,Lauryn Hill - Interlude 5,326.4766511511499,TRDPGXU128F9339C2A,Beastie Boys - B-Boy Bouillabaisse: A.W.O.L. (2009 Digital Remaster),233.15067837450115,TRCHZXW128E079288A,Eminem - 8 Mile,193.2032224739583,TRFUJVJ128F426F2A2,Lauryn Hill - Interlude 5,180.99672262291597,TRWHWLL128F4264927,Babyface - I Love You Babe,156.4039140810186,TRCTLQY128F92F1539,Next - I Still Love You,139.3110177184267,TRWHWLL128F4264927,Babyface - I Love You Babe,0.36532918217984184,TRUAHJY128F42704AB,Dion - Can't We Be Sweethearts,0.33310808131247055,TRCTLQY128F92F1539,Next - I Still Love You,0.3213924588473585,TRWHWLL128F4264927,Babyface - I Love You Babe,0.4020713423377804,TRWXSWA128F1456793,Shai - Waiting For The Day,0.3791005863240237,TRCTLQY128F92F1539,Next - I Still Love You,0.3773877279247986
TRXGBGU128F935A092,SOGKYFP12AB0185ED3,AR9LJ9D1187FB4303D,Sean Kingston,Over,hip hop,TRFUJVJ128F426F2A2,Lauryn Hill - Interlude 5,6535.0,TRDPGXU128F9339C2A,Beastie Boys - B-Boy Bouillabaisse: A.W.O.L. (2009 Digital Remaster),5407.0,TRWSYHO128F4282346,Twista - I'm A Winner (Amended Album Version),5135.0,TRFUJVJ128F426F2A2,Lauryn Hill - Interlude 5,5848.6799999999985,TRDPGXU128F9339C2A,Beastie Boys - B-Boy Bouillabaisse: A.W.O.L. (2009 Digital Remaster),4833.046249999999,TRWSYHO128F4282346,Twista - I'm A Winner (Amended Album Version),4686.467500000002,TRVRIIT12903CD89B7,Marilyn Monroe - Do It Again,0.7160385288649296,TRMXOMP128F427ECE8,Albert Hammond Jr. - Bright Young Thing,0.7033672945159105,TREAGMV128F933A01E,Wall Of Voodoo - Do It Again,0.656249997273154,TRVRIIT12903CD89B7,Marilyn Monroe - Do It Again,0.734288180086579,TRMXOMP128F427ECE8,Albert Hammond Jr. - Bright Young Thing,0.7169261586694056,TRJLMAI128F92EBB04,Marques Houston - Naked,0.6744386318958402,TRDPGXU128F9339C2A,Beastie Boys - B-Boy Bouillabaisse: A.W.O.L. (2009 Digital Remaster),356.6708165168478,TRFUJVJ128F426F2A2,Lauryn Hill - Interlude 5,292.22198221970586,TRYHHPK128F42A4CAF,Murs - The Dance,256.7144054561368,TRUPCGD128F4282340,Omarion - I'm Gon' Change,179.77017114164914,TRQMION128E078F6F6,Jodeci - My Phone,169.10114840774816,TRJASND128F92E6260,Will Smith - Switch,167.25353566299697,TRGPGNA128F1495ABA,João Gilberto - Ave Maria No Morro,0.28738222744860786,TREAGMV128F933A01E,Wall Of Voodoo - Do It Again,0.2768393616152452,TRUPCGD128F4282340,Omarion - I'm Gon' Change,0.263099048162474,TREAGMV128F933A01E,Wall Of Voodoo - Do It Again,0.33283997134628573,TRUPCGD128F4282340,Omarion - I'm Gon' Change,0.3274258137500572,TRJASND128F92E6260,Will Smith - Switch,0.31993703033026727
TRFKPZK128F935A08D,SOJHMSM12AB0185233,AR9LJ9D1187FB4303D,Sean Kingston,Wrap U Around Me,hip hop,TRUGLTC128F4227B93,Danity Kane - Hold Me Down (Album Version),6024.0,TRVLIZK128F428845E,Five - That's What You Told Me,5223.0,TRFUJVJ128F426F2A2,Lauryn Hill - Interlude 5,5089.0,TRUGLTC128F4227B93,Danity Kane - Hold Me Down (Album Version),5768.249999999998,TRVLIZK128F428845E,Five - That's What You Told Me,5011.4999999999945,TRFUJVJ128F426F2A2,Lauryn Hill - Interlude 5,4536.999999999998,TRKZRCW128F4233621,Diana Krall - Peel Me A Grape,0.6994488668706811,TRXKSAZ12903CAFB8E,Jill Scott - He Loves Me (Lyzel In E Flat),0.6651443334644149,TRIRVHL128F92F5ECF,Jeff Buckley - Be Your Husband,0.6415283655082863,TRKZRCW128F4233621,Diana Krall - Peel Me A Grape,0.7042804296396256,TRXKSAZ12903CAFB8E,Jill Scott - He Loves Me (Lyzel In E Flat),0.67081577954257,TRIRVHL128F92F5ECF,Jeff Buckley - Be Your Husband,0.6507598774277561,TRWZUDO128F1495E26,Prince - I Love U In Me ( LP Version),268.5280863389824,TRFUJVJ128F426F2A2,Lauryn Hill - Interlude 5,258.64637328189644,TRQAWKR128F425EEC3,Michael Jackson - Man In The Mirror,222.37732677191232,TRWZUDO128F1495E26,Prince - I Love U In Me ( LP Version),182.5707702396844,TRYGRKO128F9343244,R. Kelly - Chocolate Factory,165.42630197915435,TRLNRDG128F429C5E9,Prince - Jack U Off (LP Version),160.76086821175514,TRLNRDG128F429C5E9,Prince - Jack U Off (LP Version),0.3266408474005689,TRBRNTL128F9328C50,John Lee Hooker - House Rent Boogie,0.3251605119612344,TRJAQUQ128F426757B,Janet Jackson - Never Letchu Go,0.317881196410983,TRLNRDG128F429C5E9,Prince - Jack U Off (LP Version),0.36007441766758524,TRJAQUQ128F426757B,Janet Jackson - Never Letchu Go,0.35982555765335034,TRBRNTL128F9328C50,John Lee Hooker - House Rent Boogie,0.35862532354552923
TRWVTDX128F931ECEF,SOUOEMP12A8C13866E,ARDDMYP1187B9B8AE4,M.I.A.,Paper Planes,hip hop,TRFUJVJ128F426F2A2,Lauryn Hill - Interlude 5,8072.0,TRDPGXU128F9339C2A,Beastie Boys - B-Boy Bouillabaisse: A.W.O.L. (2009 Digital Remaster),7106.0,TRWSYHO128F4282346,Twista - I'm A Winner (Amended Album Version),5644.0,TRFUJVJ128F426F2A2,Lauryn Hill - Interlude 5,7464.8,TRDPGXU128F9339C2A,Beastie Boys - B-Boy Bouillabaisse: A.W.O.L. (2009 Digital Remaster),6598.2125,TRBEBJO128C719646B,Nelly - Splurge,5264.637499999998,TROOJPJ128F14A2A86,Brand Nubian - All For One (Explicit) (2006 Remastered LP Version),0.7680797407766707,TRKXFLD128F1479BC0,Remy Ma - I'm,0.7608096802470191,TRVQHEV128F4259AB2,The Clash - I Fought The Law,0.746834145317188,TROOJPJ128F14A2A86,Brand Nubian - All For One (Explicit) (2006 Remastered LP Version),0.776999349082176,TRKXFLD128F1479BC0,Remy Ma - I'm,0.769496976440744,TRXYREI128F4261E8F,Big L - Lifestylez Ov Da Poor & Dangerous,0.7553429725110976,TRDPGXU128F9339C2A,Beastie Boys - B-Boy Bouillabaisse: A.W.O.L. (2009 Digital Remaster),253.24546214729418,TRZARUP128F9348146,KMD - Plumskinzz (Loose Hoe_ God & Cupid),248.24231857414603,TRQWDRK128F4241A32,Twista - Overdose (Album Version),240.10681792090594,TRZARUP128F9348146,KMD - Plumskinzz (Loose Hoe_ God & Cupid),165.2756645287753,TRDFOXO128F42BBDCD,Clipse - Dirty Money,156.45590829486127,TRHKGFY128F42ACC54,Three 6 Mafia - Who Run It,155.2047952274097,TRGBUXG128F428E684,Plasmatics - Monkey Suit,0.2798878473739135,TRTQOTU128E0789689,Van Morrison - Just Like Greta,0.24090745252548196,TRQACQR128F931471A,Elliot Minor - Electric High,0.23822035834185032,TRZARUP128F9348146,KMD - Plumskinzz (Loose Hoe_ God & Cupid),0.302817071572276,TRGBUXG128F428E684,Plasmatics - Monkey Suit,0.30087560324504936,TRTQOTU128E0789689,Van Morrison - Just Like Greta,0.2958102184045927
TRWTZGX128F149535F,SOQFNGB12A6D4FA61E,AR9RYZP1187FB36C6A,Thousand Foot Krutch,Set It Off,hip hop,TRFUJVJ128F426F2A2,Lauryn Hill - Interlude 5,5985.0,TRDPGXU128F9339C2A,Beastie Boys - B-Boy Bouillabaisse: A.W.O.L. (2009 Digital Remaster),4891.0,TRBVPVV128F425F14F,Daft Punk - Touch It / Technologic,4576.0,TRFUJVJ128F426F2A2,Lauryn Hill - Interlude 5,5214.040000000001,TRBVPVV128F425F14F,Daft Punk - Touch It / Technologic,4271.70125,TRDPGXU128F9339C2A,Beastie Boys - B-Boy Bouillabaisse: A.W.O.L. (2009 Digital Remaster),4246.26375,TRSKTET128F42BBABC,John Legend - Out Of Sight,0.6394761374215039,TRATUIZ128F423B591,Smif-n-Wessun - LET's GIT IT ON,0.6234171373081917,TRPLDIL128F4276880,Shannon McNally - Miracle Mile,0.6183037241130304,TRSKTET128F42BBABC,John Legend - Out Of Sight,0.6575173470477002,TRATUIZ128F423B591,Smif-n-Wessun - LET's GIT IT ON,0.6444180361569123,TRKIELV12903CA25E5,Organized Konfusion - Confrontations,0.640770187106105,TRDPGXU128F9339C2A,Beastie Boys - B-Boy Bouillabaisse: A.W.O.L. (2009 Digital Remaster),467.2497797049495,TRQWDRK128F4241A32,Twista - Overdose (Album Version),356.5795419282701,TRFEGNP128F93462CB,Kurupt - It Ain't About You,304.75078679086965,TRDPGXU128F9339C2A,Beastie Boys - B-Boy Bouillabaisse: A.W.O.L. (2009 Digital Remaster),237.00369276946157,TRLUXWO128F14618D6,Dilated Peoples - Expansion Team Theme,205.5591877929878,TRQWDRK128F4241A32,Twista - Overdose (Album Version),185.79604343957214,TRXTAPD128F145A606,Jeru The Damaja - Physical Stamina,0.2968060208998195,TRSQUMU128F148CBBA,EPMD - Right Now,0.25904699308305723,TRLUXWO128F14618D6,Dilated Peoples - Expansion Team Theme,0.24405740985140714,TRXTAPD128F145A606,Jeru The Damaja - Physical Stamina,0.37660926696406405,TRDPGXU128F9339C2A,Beastie Boys - B-Boy Bouillabaisse: A.W.O.L. (2009 Digital Remaster),0.35992776965022244,TRSQUMU128F148CBBA,EPMD - Right Now,0.34001864037428503
TRCACEF128F42434D7,SOEFLLL12AF72A15EA,AR7NPRY1187B9ADE15,Ludacris,Ho,hip hop,TRFUJVJ128F426F2A2,Lauryn Hill - Interlude 5,4262.0,TRQLSLN12903CA37C3,Big Bad Voodoo Daddy - Mambo Swing,3395.0,TRDPGXU128F9339C2A,Beastie Boys - B-Boy Bouillabaisse: A.W.O.L. (2009 Digital Remaster),3224.0,TRFUJVJ128F426F2A2,Lauryn Hill - Interlude 5,3798.32,TRQLSLN12903CA37C3,Big Bad Voodoo Daddy - Mambo Swing,3328.8500000000013,TRWSYHO128F4282346,Twista - I'm A Winner (Amended Album Version),2874.97,TRQLSLN12903CA37C3,Big Bad Voodoo Daddy - Mambo Swing,0.8275470070215455,TRTUWLC12903C94E7A,Gene Autry - Up On The House Top,0.665830976278246,TRFWLYB128F4291502,Nina Hagen - Live On Mars,0.4264494506448965,TRQLSLN12903CA37C3,Big Bad Voodoo Daddy - Mambo Swing,0.8286527685473251,TRTUWLC12903C94E7A,Gene Autry - Up On The House Top,0.6742611420066916,TRFWLYB128F4291502,Nina Hagen - Live On Mars,0.4323110927386168,TRQLSLN12903CA37C3,Big Bad Voodoo Daddy - Mambo Swing,345.9327586687606,TRGUBSR128E0786082,DMX - Keep Your Shit The Hardest,333.03127039630834,TRGMVZO128E078607E,DMX - Bring Your Whole Crew,316.34596307794965,TRQLSLN12903CA37C3,Big Bad Voodoo Daddy - Mambo Swing,321.83548388371213,TRTUWLC12903C94E7A,Gene Autry - Up On The House Top,239.6501902229463,TRGUBSR128E0786082,DMX - Keep Your Shit The Hardest,231.43207405496563,TRQLSLN12903CA37C3,Big Bad Voodoo Daddy - Mambo Swing,0.49202348883307895,TRTUWLC12903C94E7A,Gene Autry - Up On The House Top,0.4428382469731122,TRFWLYB128F4291502,Nina Hagen - Live On Mars,0.38161124812605185,TRQLSLN12903CA37C3,Big Bad Voodoo Daddy - Mambo Swing,0.5067183426592576,TRTUWLC12903C94E7A,Gene Autry - Up On The House Top,0.4654088964974745,TRFWLYB128F4291502,Nina Hagen - Live On Mars,0.38622985084522315
TRCQNWN128F92EA07D,SOEARQO12AB017F7F0,ARVTAI41187B9B8B67,Wu-Tang Clan,The What,hip hop,TRFUJVJ128F426F2A2,Lauryn Hill - Interlude 5,5138.0,TRWSYHO128F4282346,Twista - I'm A Winner (Amended Album Version),4480.0,TRDPGXU128F9339C2A,Beastie Boys - B-Boy Bouillabaisse: A.W.O.L. (2009 Digital Remaster),4091.0,TRFUJVJ128F426F2A2,Lauryn Hill - Interlude 5,4569.4400000000005,TRWSYHO128F4282346,Twista - I'm A Winner (Amended Album Version),4108.4275,TRDPGXU128F9339C2A,Beastie Boys - B-Boy Bouillabaisse: A.W.O.L. (2009 Digital Remaster),3615.52625,TRJVBYA128F93434FD,Immortal Technique - That's What It Is,0.7229745743863901,TRPWCMZ128F9300B63,Aesop Rock - Mars Attacks,0.7224920128510345,TRBHNHZ128F42A6BEF,Cam'Ron - Bubble Music,0.7183852001543051,TRPWCMZ128F9300B63,Aesop Rock - Mars Attacks,0.7484972895490318,TRJVBYA128F93434FD,Immortal Technique - That's What It Is,0.7442728902025324,TRBHNHZ128F42A6BEF,Cam'Ron - Bubble Music,0.7378569294732891,TRBKQJB128F934EEF7,Ying Yang Twins - 1st Booty On Duty,503.90941258874125,TRQWDRK128F4241A32,Twista - Overdose (Album Version),486.4950336536626,TRKGULH128F428C170,Mobb Deep - Trife Life,449.28997997644706,TRBKQJB128F934EEF7,Ying Yang Twins - 1st Booty On Duty,348.90162406890124,TRHKGFY128F42ACC54,Three 6 Mafia - Who Run It,282.91522684592684,TRQWDRK128F4241A32,Twista - Overdose (Album Version),281.7652912503143,TRYHHXT128F4276F89,50 Cent - Rowdy Rowdy,0.37828866168926895,TRBKQJB128F934EEF7,Ying Yang Twins - 1st Booty On Duty,0.3431160773689664,TRBFRZX128F9341EAE,Busta Rhymes - We Got What You Want,0.3427970618696503,TRYHHXT128F4276F89,50 Cent - Rowdy Rowdy,0.46742216470323783,TRTNPZQ128F148C125,Onyx - The Worst,0.45181110393000284,TRISBQQ128F93217A2,2Pac - Strictly 4 My N.I.G.G.A.Z.,0.4439715230399117
TRYHHXT128F4276F89,SOKMCHV12D02194FF6,AR23C041187FB4D534,50 Cent,Rowdy Rowdy,hip hop,TRFUJVJ128F426F2A2,Lauryn Hill - Interlude 5,6437.0,TRDPGXU128F9339C2A,Beastie Boys - B-Boy Bouillabaisse: A.W.O.L. (2009 Digital Remaster),5453.0,TRWSYHO128F4282346,Twista - I'm A Winner (Amended Album Version),5239.0,TRFUJVJ128F426F2A2,Lauryn Hill - Interlude 5,5726.759999999998,TRDPGXU128F9339C2A,Beastie Boys - B-Boy Bouillabaisse: A.W.O.L. (2009 Digital Remaster),4859.042499999998,TRWSYHO128F4282346,Twista - I'm A Winner (Amended Album Version),4774.835,TRBXUMD12903CBB64D,Wu-Tang Clan - Da Mystery Of Chessboxin',0.7930668090285937,TRDQIWP128F9342105,Company Flow - The Fire In Which You Burn (feat. J-Treds & The Brewin From The Juggaknots),0.7622132918618587,TRQSBLH128F148CB93,Def Squad - You Do_ I Do,0.7615667137426032,TRBXUMD12903CBB64D,Wu-Tang Clan - Da Mystery Of Chessboxin',0.8092966735575772,TRDQIWP128F9342105,Company Flow - The Fire In Which You Burn (feat. J-Treds & The Brewin From The Juggaknots),0.7825224390980428,TRQSBLH128F148CB93,Def Squad - You Do_ I Do,0.7775343206630656,TRGUBSR128E0786082,DMX - Keep Your Shit The Hardest,631.2361109425408,TRHKJVR128F42857EA,DJ Quik - Safe + Sound,628.7484258935215,TRPWYWW128F422E08E,Eazy-E - Real Muthaphuckkin' G's,591.5682891219005,TRGUBSR128E0786082,DMX - Keep Your Shit The Hardest,453.6151841443521,TRHKJVR128F42857EA,DJ Quik - Safe + Sound,435.76110016509386,TRPWYWW128F422E08E,Eazy-E - Real Muthaphuckkin' G's,424.1580401302529,TRAFLMU128F4274A4D,G-Unit - I Don't Want To Talk About It,0.43531992236237643,TRPWYWW128F422E08E,Eazy-E - Real Muthaphuckkin' G's,0.4303866395776644,TRJUUKB128F428E973,Soulja Slim - From What I Was Told,0.42601918181708065,TRJUUKB128F428E973,Soulja Slim - From What I Was Told,0.5149050984487225,TRPWYWW128F422E08E,Eazy-E - Real Muthaphuckkin' G's,0.5129386683653443,TRAFLMU128F4274A4D,G-Unit - I Don't Want To Talk About It,0.5099434154693453
TRIGDUK128E0784045,SOFXFJC12A6310E2F1,ARZ5H0P1187B98A1DD,Snoop Dogg,Bang Out,hip hop,TRFUJVJ128F426F2A2,Lauryn Hill - Interlude 5,5629.0,TRDPGXU128F9339C2A,Beastie Boys - B-Boy Bouillabaisse: A.W.O.L. (2009 Digital Remaster),5095.0,TRWSYHO128F4282346,Twista - I'm A Winner (Amended Album Version),4948.0,TRFUJVJ128F426F2A2,Lauryn Hill - Interlude 5,4970.279999999999,TRDPGXU128F9339C2A,Beastie Boys - B-Boy Bouillabaisse: A.W.O.L. (2009 Digital Remaster),4544.127500000002,TRWSYHO128F4282346,Twista - I'm A Winner (Amended Album Version),4517.505000000002,TRCNKKU12903D0CD48,Wu-Tang Clan - Uzi,0.6536404155780997,TRXRIRD128F930AADB,Kool Keith - Clifton,0.6449039473917966,TRTHFTG128F42550BC,Lil Wyte - Ten Toes Tall,0.6448174644826912,TRCNKKU12903D0CD48,Wu-Tang Clan - Uzi,0.6788064827768119,TRTHFTG128F42550BC,Lil Wyte - Ten Toes Tall,0.6691453207971828,TRXRIRD128F930AADB,Kool Keith - Clifton,0.6671982078043007,TRBKQJB128F934EEF7,Ying Yang Twins - 1st Booty On Duty,579.7554700807657,TRQWDRK128F4241A32,Twista - Overdose (Album Version),511.7191366646259,TRKQJBJ128F4241A45,Twista - No Remorse (Album Version),455.3344451025231,TRBKQJB128F934EEF7,Ying Yang Twins - 1st Booty On Duty,447.57936890398526,TRQWDRK128F4241A32,Twista - Overdose (Album Version),337.1448175017049,TRKQJBJ128F4241A45,Twista - No Remorse (Album Version),321.7615473727851,TRBKQJB128F934EEF7,Ying Yang Twins - 1st Booty On Duty,0.3846695080847959,TRCQOTP128F146300B,N.W.A. - Arrested (Insert) (Explicit),0.36548104046574975,TRMVPVK128F93462DE,Kurupt - Ho's A Housewife,0.34830776440736233,TRBKQJB128F934EEF7,Ying Yang Twins - 1st Booty On Duty,0.44702145978825764,TRMVPVK128F93462DE,Kurupt - Ho's A Housewife,0.4222220645091673,TRCQOTP128F146300B,N.W.A. - Arrested (Insert) (Explicit),0.41274269742396213
TRNVKOI128E0799173,SOIYRHZ12A67AD8126,ARZ5H0P1187B98A1DD,Snoop Dogg,Snoopafella (Edited),hip hop,TRFUJVJ128F426F2A2,Lauryn Hill - Interlude 5,15031.0,TRDPGXU128F9339C2A,Beastie Boys - B-Boy Bouillabaisse: A.W.O.L. (2009 Digital Remaster),13137.0,TRWSYHO128F4282346,Twista - I'm A Winner (Amended Album Version),11084.0,TRFUJVJ128F426F2A2,Lauryn Hill - Interlude 5,13750.35999999999,TRDPGXU128F9339C2A,Beastie Boys - B-Boy Bouillabaisse: A.W.O.L. (2009 Digital Remaster),12066.030000000004,TRWSYHO128F4282346,Twista - I'm A Winner (Amended Album Version),10247.059999999994,TRPJILS128F9301616,Us3 - Goodbye,0.8616027405496899,TRJPNAE128F425FAFB,King Tee - Act A Fool,0.8607171272163057,TRDPGXU128F9339C2A,Beastie Boys - B-Boy Bouillabaisse: A.W.O.L. (2009 Digital Remaster),0.8554211356996275,TRPJILS128F9301616,Us3 - Goodbye,0.8702964194888465,TRJPNAE128F425FAFB,King Tee - Act A Fool,0.8695694012122461,TRDPGXU128F9339C2A,Beastie Boys - B-Boy Bouillabaisse: A.W.O.L. (2009 Digital Remaster),0.8650766272567033,TRDPGXU128F9339C2A,Beastie Boys - B-Boy Bouillabaisse: A.W.O.L. (2009 Digital Remaster),732.9143327058456,TRFUJVJ128F426F2A2,Lauryn Hill - Interlude 5,681.0683421470003,TRQWDRK128F4241A32,Twista - Overdose (Album Version),588.4376007767304,TRDPGXU128F9339C2A,Beastie Boys - B-Boy Bouillabaisse: A.W.O.L. (2009 Digital Remaster),298.36769235956785,TRSLSWO128E0786285,Redman - Soopaman Luva 3,289.697082525174,TRBERRB128F932D534,Dar Williams - Mortal City,286.7990495594866,TRPYYFJ128F42818FC,Adam Green - Bungee,0.3062024388955053,TRBERRB128F932D534,Dar Williams - Mortal City,0.2980303572762887,TRSLSWO128E0786285,Redman - Soopaman Luva 3,0.2951884812333098,TRDPGXU128F9339C2A,Beastie Boys - B-Boy Bouillabaisse: A.W.O.L. (2009 Digital Remaster),0.4410044249983306,TRSLSWO128E0786285,Redman - Soopaman Luva 3,0.43755482411448143,TRBERRB128F932D534,Dar Williams - Mortal City,0.43619531816474416
TRLVRJP128F93519FB,SOOENST12AC9E1344B,ARZYMH91187B99CEFC,Atmosphere,Hair,hip hop,TRFUJVJ128F426F2A2,Lauryn Hill - Interlude 5,10509.0,TRDPGXU128F9339C2A,Beastie Boys - B-Boy Bouillabaisse: A.W.O.L. (2009 Digital Remaster),9207.0,TRWSYHO128F4282346,Twista - I'm A Winner (Amended Album Version),7901.0,TRFUJVJ128F426F2A2,Lauryn Hill - Interlude 5,9432.599999999999,TRDPGXU128F9339C2A,Beastie Boys - B-Boy Bouillabaisse: A.W.O.L. (2009 Digital Remaster),8306.831250000001,TRWSYHO128F4282346,Twista - I'm A Winner (Amended Album Version),7197.5375,TRVDTEO128F14956CF,Eric B. & Rakim - What's On Your Mind,0.8046953575223295,TRDPGXU128F9339C2A,Beastie Boys - B-Boy Bouillabaisse: A.W.O.L. (2009 Digital Remaster),0.8001580434449278,TRAQDFB128F4234E3B,Example - Birthday Card,0.7952730121131917,TRVDTEO128F14956CF,Eric B. & Rakim - What's On Your Mind,0.818815366805303,TRDPGXU128F9339C2A,Beastie Boys - B-Boy Bouillabaisse: A.W.O.L. (2009 Digital Remaster),0.8161024490747625,TRAQDFB128F4234E3B,Example - Birthday Card,0.8084758026197649,TRFUJVJ128F426F2A2,Lauryn Hill - Interlude 5,616.1442595917338,TRDPGXU128F9339C2A,Beastie Boys - B-Boy Bouillabaisse: A.W.O.L. (2009 Digital Remaster),560.5686076981955,TRCHZXW128E079288A,Eminem - 8 Mile,536.2024520778021,TRFUJVJ128F426F2A2,Lauryn Hill - Interlude 5,214.53645464708907,TRCHZXW128E079288A,Eminem - 8 Mile,212.6540986247709,TRLZVNA128F1474A16,Javier - Slow Motion,208.69579012435295,TRBYYXH128F429F794,Reel Big Fish - She's Famous Now,0.2780956768899146,TRTDVZO128F146EB73,Chicago - Caroline (Album Version),0.2756918567633238,TRSAGOE128F4260C77,John Legend - I Can Change,0.2720298268672972,TRTDVZO128F146EB73,Chicago - Caroline (Album Version),0.38547163591916217,TRSAGOE128F4260C77,John Legend - I Can Change,0.38391304846197044,TRFUJVJ128F426F2A2,Lauryn Hill - Interlude 5,0.38298134798991795
TRBZXAC12903CBB0CE,SOHAYPC12A6D4FB7A7,ARZYMH91187B99CEFC,Atmosphere,Happymess,hip hop,TRFUJVJ128F426F2A2,Lauryn Hill - Interlude 5,10649.0,TRDPGXU128F9339C2A,Beastie Boys - B-Boy Bouillabaisse: A.W.O.L. (2009 Digital Remaster),8009.0,TRWSYHO128F4282346,Twista - I'm A Winner (Amended Album Version),7264.0,TRFUJVJ128F426F2A2,Lauryn Hill - Interlude 5,9844.920000000006,TRDPGXU128F9339C2A,Beastie Boys - B-Boy Bouillabaisse: A.W.O.L. (2009 Digital Remaster),7336.56625,TRWSYHO128F4282346,Twista - I'm A Winner (Amended Album Version),6738.507500000002,TRTAYPD128F42A4C9C,Murs - You & I,0.8130814239195993,TRFPLQD128F92FFB52,Kool Moe Dee - Bad Mutha,0.8067309259411548,TRKXFLD128F1479BC0,Remy Ma - I'm,0.801732502375916,TRTAYPD128F42A4C9C,Murs - You & I,0.824366035372372,TRFPLQD128F92FFB52,Kool Moe Dee - Bad Mutha,0.8177630584938008,TRVUUKM128F425FB16,King Tee - Guitar Playin',0.812877151116447,TRFUJVJ128F426F2A2,Lauryn Hill - Interlude 5,458.49763303997696,TRDPGXU128F9339C2A,Beastie Boys - B-Boy Bouillabaisse: A.W.O.L. (2009 Digital Remaster),360.7406267158169,TRGLNKG128F9307689,Eminem - My Darling,319.80591011784895,TRFUJVJ128F426F2A2,Lauryn Hill - Interlude 5,192.3995075630727,TRDFOXO128F42BBDCD,Clipse - Dirty Money,163.36392158133185,TRPIELK128F931F06C,Amber Pacific - The Right to Write Me Off,149.16377468061856,TRPIELK128F931F06C,Amber Pacific - The Right to Write Me Off,0.25590066810672385,TRGXDVA128F9350A48,Psapp - I Want That,0.22851809826045646,TRAYJOF128F92F9EEA,Kelly Clarkson - Cry,0.22842208054710164,TRFUJVJ128F426F2A2,Lauryn Hill - Interlude 5,0.34728833197465997,TRPIELK128F931F06C,Amber Pacific - The Right to Write Me Off,0.33792002274008925,TRAQDFB128F4234E3B,Example - Birthday Card,0.3205353032997297
TRUNSXQ128E078B97D,SOALPQQ12A6701F302,ARN0YZ71187B9BA57B,Michael Bublé,Put Your Head On My Shoulder (Album Version),jazz,TRFUJVJ128F426F2A2,Lauryn Hill - Interlude 5,2939.0,TRUGLTC128F4227B93,Danity Kane - Hold Me Down (Album Version),2498.0,TRVLIZK128F428845E,Five - That's What You Told Me,2452.0,TRFUJVJ128F426F2A2,Lauryn Hill - Interlude 5,2655.6400000000003,TRUGLTC128F4227B93,Danity Kane - Hold Me Down (Album Version),2366.715,TRVLIZK128F428845E,Five - That's What You Told Me,2343.430000000001,TRNCIOP128F426A93D,Brownstone - Kiss And Tell,0.6856774468740647,TRMBEML128F148D1C7,Wang Chung - Hypnotize Me,0.6778424575604487,TRZHFGK128F423B618,Sharon Jones & The Dap-Kings - Tell Me,0.6718434396125437,TRNCIOP128F426A93D,Brownstone - Kiss And Tell,0.6976633312578044,TRMBEML128F148D1C7,Wang Chung - Hypnotize Me,0.6897901908854601,TRZHFGK128F423B618,Sharon Jones & The Dap-Kings - Tell Me,0.6810213726814099,TRFUJVJ128F426F2A2,Lauryn Hill - Interlude 5,148.24382585511935,TRUWTMI128F92E3892,Binary Star - Indy 500,135.36416338974126,TRQWDRK128F4241A32,Twista - Overdose (Album Version),124.33863924889796,TRXWCAM128F4261C7C,Luther Vandross - I Can Make It Better,84.13224600994546,TRUWTMI128F92E3892,Binary Star - Indy 500,81.88250596793966,TRNODEK128E07861DD,LL Cool J - Lollipop,81.80208191066045,TRFXTXA128F148206F,The Spencer Davis Group - I Can't Stand It,0.2707314808886747,TRNZPAS128F148D3EB,Jesse Johnson - Love Struck,0.25918262059418634,TRQZPJS12903CD6FFB,Eddy Grant - Can't Get Enough Of You,0.2506943831933583,TRNZPAS128F148D3EB,Jesse Johnson - Love Struck,0.3054268742131598,TRQZPJS12903CD6FFB,Eddy Grant - Can't Get Enough Of You,0.2984291328644451,TRFXTXA128F148206F,The Spencer Davis Group - I Can't Stand It,0.29738054296489475
TRFUJLG128F4255312,SOELKTY12A8C135CCC,ARN0YZ71187B9BA57B,Michael Bublé,Stuck In The Middle With You (Non-Album Track),jazz,TRFUJVJ128F426F2A2,Lauryn Hill - Interlude 5,6146.0,TRWSYHO128F4282346,Twista - I'm A Winner (Amended Album Version),5387.0,TRDPGXU128F9339C2A,Beastie Boys - B-Boy Bouillabaisse: A.W.O.L. (2009 Digital Remaster),5357.0,TRFUJVJ128F426F2A2,Lauryn Hill - Interlude 5,5687.839999999997,TRWSYHO128F4282346,Twista - I'm A Winner (Amended Album Version),5087.5775,TRDPGXU128F9339C2A,Beastie Boys - B-Boy Bouillabaisse: A.W.O.L. (2009 Digital Remaster),4973.851250000001,TRAZHNL12903CC1B6C,Mac Lethal - Rotten Apple Pie,0.8300856592954706,TRBWKZD128F428AAEB,A Tribe Called Quest - Hot Sex,0.8245009501149407,TRKXFLD128F1479BC0,Remy Ma - I'm,0.8112845791108259,TRAZHNL12903CC1B6C,Mac Lethal - Rotten Apple Pie,0.837945199176861,TRBWKZD128F428AAEB,A Tribe Called Quest - Hot Sex,0.8326642603915566,TRKXFLD128F1479BC0,Remy Ma - I'm,0.819070083963102,TRFUJVJ128F426F2A2,Lauryn Hill - Interlude 5,232.01872798019326,TRDPGXU128F9339C2A,Beastie Boys - B-Boy Bouillabaisse: A.W.O.L. (2009 Digital Remaster),204.1596877636303,TRRKBRB128EF35E2DA,N-Dubz - Feva Las Vegas,203.44014884724828,TRWTRMR128F1499D24,Marvin Sease - Stuck In The Middle,140.1085313946503,TRRKBRB128EF35E2DA,N-Dubz - Feva Las Vegas,136.7726057708298,TRPUCBD128F428BB20,Westbound Train - When I Die,131.74130952100387,TRPUCBD128F428BB20,Westbound Train - When I Die,0.3301207615411554,TRKEINR128F4258B98,Albert Hammond Jr - G Up,0.30537559397742664,TRWTRMR128F1499D24,Marvin Sease - Stuck In The Middle,0.30105841283705226,TRPUCBD128F428BB20,Westbound Train - When I Die,0.387546107052286,TRWTRMR128F1499D24,Marvin Sease - Stuck In The Middle,0.3500719783044121,TRKEINR128F4258B98,Albert Hammond Jr - G Up,0.3480347550559234
TRQPMHA128E078B979,SOSHDEL12A6701F300,ARN0YZ71187B9BA57B,Michael Bublé,You'll Never Find Another Love Like Mine (Album Version),jazz,TRFUJVJ128F426F2A2,Lauryn Hill - Interlude 5,8846.0,TRWSYHO128F4282346,Twista - I'm A Winner (Amended Album Version),8012.0,TRGLNKG128F9307689,Eminem - My Darling,6826.0,TRFUJVJ128F426F2A2,Lauryn Hill - Interlude 5,8205.68,TRWSYHO128F4282346,Twista - I'm A Winner (Amended Album Version),7593.529999999999,TRGLNKG128F9307689,Eminem - My Darling,6434.065000000002,TRPWHQK128F9326149,Brett Dennen - When She's Gone,0.740453962104554,TRHBWQF128F933687C,Paul Anka - You Are My Destiny,0.7259837808997764,TRZEQMX128F42883EF,Phyllis Hyman - Falling Star,0.7248242380419161,TRPWHQK128F9326149,Brett Dennen - When She's Gone,0.7457744617225673,TRZEQMX128F42883EF,Phyllis Hyman - Falling Star,0.7317463099137409,TRHBWQF128F933687C,Paul Anka - You Are My Destiny,0.7307450668572184,TRYAWRN128F42792CB,Janis Joplin - Kozmic Blues,270.8610471287011,TRFUJVJ128F426F2A2,Lauryn Hill - Interlude 5,253.18215131773056,TRFEEWH128F145174E,Everything But The Girl - Love Is Strange,247.75106596047064,TRFEEWH128F145174E,Everything But The Girl - Love Is Strange,221.94448052333377,TRYAWRN128F42792CB,Janis Joplin - Kozmic Blues,209.55634396763702,TRGBRBV128F148194F,Dusty Springfield - Some Of Your Lovin',176.1709686518315,TRFEEWH128F145174E,Everything But The Girl - Love Is Strange,0.4200676021044348,TRGBRBV128F148194F,Dusty Springfield - Some Of Your Lovin',0.36599796788556854,TRUICTA128F92F0AFB,Gene Vincent - Lotta Lovin',0.3531972092230486,TRFEEWH128F145174E,Everything But The Girl - Love Is Strange,0.4462807293622055,TRGBRBV128F148194F,Dusty Springfield - Some Of Your Lovin',0.39733233213358743,TRUICTA128F92F0AFB,Gene Vincent - Lotta Lovin',0.37922845577009395
TRZPSAF128F9349767,SOLOQYJ12AB0188A53,AR20CFC1187B98A25D,Ray Charles,Kiss me baby,jazz,TRUGLTC128F4227B93,Danity Kane - Hold Me Down (Album Version),2766.0,TRFUJVJ128F426F2A2,Lauryn Hill - Interlude 5,2715.0,TRVLIZK128F428845E,Five - That's What You Told Me,2651.0,TRUGLTC128F4227B93,Danity Kane - Hold Me Down (Album Version),2614.2549999999983,TRVLIZK128F428845E,Five - That's What You Told Me,2525.509999999998,TRFUJVJ128F426F2A2,Lauryn Hill - Interlude 5,2387.480000000001,TROTCDE128F4267AB1,Aretha Franklin - All Night Long,0.6633840411473826,TRYIILA128F4281F96,Bo Diddley - I'm Looking For A Woman,0.616315895596644,TRDKRBH128F148AF14,Slim Harpo - Late Last Night,0.613694407449678,TROTCDE128F4267AB1,Aretha Franklin - All Night Long,0.6717406806374625,TRYIILA128F4281F96,Bo Diddley - I'm Looking For A Woman,0.6271205255021244,TRDKRBH128F148AF14,Slim Harpo - Late Last Night,0.6246459926082454,TRDPGXU128F9339C2A,Beastie Boys - B-Boy Bouillabaisse: A.W.O.L. (2009 Digital Remaster),157.41910180732705,TRCEYQJ128E07862DE,Jay-Z - So Ghetto,117.51155860042907,TRFUJVJ128F426F2A2,Lauryn Hill - Interlude 5,115.1331918242076,TRJKRIH128F426697D,Colin James - Sit Right Here,93.75087545403044,TRWJOFH128F9314DAF,The Jeff Healey Band - How Long Can A Man Be Strong,89.39168127780674,TRNZNSR128F429F04B,Ray Charles - Don't You Know,89.33954323500627,TRNZNSR128F429F04B,Ray Charles - Don't You Know,0.33780220262876715,TRJKRIH128F426697D,Colin James - Sit Right Here,0.31816738236347847,TRYIILA128F4281F96,Bo Diddley - I'm Looking For A Woman,0.30955539026736373,TRNZNSR128F429F04B,Ray Charles - Don't You Know,0.37040570583983995,TRJKRIH128F426697D,Colin James - Sit Right Here,0.35486863509460764,TRYIILA128F4281F96,Bo Diddley - I'm Looking For A Woman,0.3423484893996136
TRAEPAC12903CE5DC8,SOELRRQ12AB0188C34,AR20CFC1187B98A25D,Ray Charles,Let's Go,jazz,TRFUJVJ128F426F2A2,Lauryn Hill - Interlude 5,4629.0,TRWSYHO128F4282346,Twista - I'm A Winner (Amended Album Version),4033.0,TRUGLTC128F4227B93,Danity Kane - Hold Me Down (Album Version),3503.0,TRFUJVJ128F426F2A2,Lauryn Hill - Interlude 5,4367.72,TRWSYHO128F4282346,Twista - I'm A Winner (Amended Album Version),3862.2450000000017,TRUGLTC128F4227B93,Danity Kane - Hold Me Down (Album Version),3381.945,TRGTQCP128F932573A,Hilary Duff - Play With Fire,0.8356431488620776,TRNFUML128F92E41EA,Leon Jackson - You Don't Know Me,0.8186475686719422,TRUBHKR128F427ECDE,Harry Connick_ Jr. - You Don't Know Me,0.8173676222289012,TRGTQCP128F932573A,Hilary Duff - Play With Fire,0.8396840181999419,TRNFUML128F92E41EA,Leon Jackson - You Don't Know Me,0.8233483257866896,TRUBHKR128F427ECDE,Harry Connick_ Jr. - You Don't Know Me,0.8221095552280268,TRDPGXU128F9339C2A,Beastie Boys - B-Boy Bouillabaisse: A.W.O.L. (2009 Digital Remaster),122.96690931163813,TRFUJVJ128F426F2A2,Lauryn Hill - Interlude 5,113.034218360703,TRGLNKG128F9307689,Eminem - My Darling,108.58727560211656,TRRZMLV128F9314D5E,JLS - Beat Again,78.97410000274836,TRQGOOD128F429CD06,Spice Girls - Ain't No Stopping Us Now,73.15713934613603,TRYQPDL128F4265A48,Kat DeLuna - Run The Show,67.8905273877472,TREGVOT128F92F15C8,Steely Dan - Don't Let Me In,0.3527925374500209,TRLGCXQ128F1496464,Stevie Wonder - If You Really Love Me,0.33753219636212844,TRQCAIL128F425F0B0,The Planet Smashers - Police The Nation,0.3113224025536405,TREGVOT128F92F15C8,Steely Dan - Don't Let Me In,0.3855359845938114,TRLGCXQ128F1496464,Stevie Wonder - If You Really Love Me,0.37246481009344756,TRRZMLV128F9314D5E,JLS - Beat Again,0.3483956121309202
TRMJMVW12903CD44F4,SOZKIGX12D021902C2,AR20CFC1187B98A25D,Ray Charles,Moon Over Miami,jazz,TRFUJVJ128F426F2A2,Lauryn Hill - Interlude 5,628.0,TREXCMT128F933D825,Vanilla Ice - It's A Party,436.0,TRDPGXU128F9339C2A,Beastie Boys - B-Boy Bouillabaisse: A.W.O.L. (2009 Digital Remaster),412.0,TRFUJVJ128F426F2A2,Lauryn Hill - Interlude 5,526.7999999999998,TREXCMT128F933D825,Vanilla Ice - It's A Party,389.66249999999997,TRFSCLD12903CD213F,The Prodigy - We Gonna Rock,363.10000000000025,TRLKDAS128F14610D7,Diana Krall - Charmed Life,0.440612918201503,TRGAPEV12903D09678,Dragonforce - Heart of a Dragon,0.43689036318517255,TRFJQMU128F4273B8F,Chaka Khan - Lullaby Of Birdland,0.424246694034766,TRLKDAS128F14610D7,Diana Krall - Charmed Life,0.4655051307245378,TRGAPEV12903D09678,Dragonforce - Heart of a Dragon,0.45978957318854374,TRFJQMU128F4273B8F,Chaka Khan - Lullaby Of Birdland,0.45068090520852994,TRTCOWO128F930C444,The Streets - Weak Become Heroes,94.0743549280585,TROPMTP128F931C9D8,Ella Fitzgerald - How High The Moon,84.62905631850757,TRDPGXU128F9339C2A,Beastie Boys - B-Boy Bouillabaisse: A.W.O.L. (2009 Digital Remaster),74.21078124469916,TROPMTP128F931C9D8,Ella Fitzgerald - How High The Moon,75.28488345618457,TRTCOWO128F930C444,The Streets - Weak Become Heroes,63.91095061822351,TREMWFU12903CEB28F,Ella Fitzgerald - Russian Lullaby,56.248713344227475,TROPMTP128F931C9D8,Ella Fitzgerald - How High The Moon,0.333651362896038,TREMWFU12903CEB28F,Ella Fitzgerald - Russian Lullaby,0.3070768687671674,TRNIDUE12903CCD61D,Way Out West - The Gift,0.2886151798290681,TROPMTP128F931C9D8,Ella Fitzgerald - How High The Moon,0.36000752574789635,TREMWFU12903CEB28F,Ella Fitzgerald - Russian Lullaby,0.33026915458004097,TROLLRQ12903CF7205,Erin McKeown - Paper Moon,0.2998663782212259
TRBXTYM128F930793B,SOAAYTO12D021B0A4B,AREIN101187FB5A5FA,Nat King Cole,Hit That Jive Jack,jazz,TRFUJVJ128F426F2A2,Lauryn Hill - Interlude 5,5170.0,TRDPGXU128F9339C2A,Beastie Boys - B-Boy Bouillabaisse: A.W.O.L. (2009 Digital Remaster),4761.0,TRQAWKR128F425EEC3,Michael Jackson - Man In The Mirror,4288.0,TRFUJVJ128F426F2A2,Lauryn Hill - Interlude 5,4717.36,TRDPGXU128F9339C2A,Beastie Boys - B-Boy Bouillabaisse: A.W.O.L. (2009 Digital Remaster),4382.4675,TRWSYHO128F4282346,Twista - I'm A Winner (Amended Album Version),3974.1849999999995,TRMTSMP128F92F621B,N-Dubz - Sex,0.6503563740723228,TRLRCZU128F1475FBA,Juvenile - Around The Way [Explicit Album Version],0.6478431455711025,TRTNPZQ128F148C125,Onyx - The Worst,0.6462460748082285,TRMTSMP128F92F621B,N-Dubz - Sex,0.6640112241959808,TRLRCZU128F1475FBA,Juvenile - Around The Way [Explicit Album Version],0.6616251667757008,TRTNPZQ128F148C125,Onyx - The Worst,0.6597749337002387,TRHGZOJ128F14A2ED0,The Simpsons - Do The Bartman,190.48518127640062,TRYCBLK12903CE6A0E,Twiztid - She Ain't Afraid,176.54215565240588,TRKCOFR128F42418DC,Twista - Get It How You Live  (Explicit Chopped & Screwed Version),167.90578270448154,TROLRVR128F42437D1,Mississippi Fred McDowell - Shake 'Em On Down,143.80170434831498,TREAUPB128F4266117,Nivea - Indian Dance,142.6264298430972,TRHGZOJ128F14A2ED0,The Simpsons - Do The Bartman,140.678186672926,TRWLYED128E078A45F,Sam Cooke - Shake,0.28709508738518025,TRRHMRE12903CE73EE,Tommy Johnson - Big Fat Mama Blues,0.2785439229520734,TROLRVR128F42437D1,Mississippi Fred McDowell - Shake 'Em On Down,0.2750564777871614,TRWLYED128E078A45F,Sam Cooke - Shake,0.31519848869596817,TREAUPB128F4266117,Nivea - Indian Dance,0.3059154032334079,TRRHMRE12903CE73EE,Tommy Johnson - Big Fat Mama Blues,0.3031122577165662
TRFORZM12903CDF88C,SODTNSX12D021979B9,AREIN101187FB5A5FA,Nat King Cole,The Christmas Song,jazz,TRFUJVJ128F426F2A2,Lauryn Hill - Interlude 5,1674.0,TRDPGXU128F9339C2A,Beastie Boys - B-Boy Bouillabaisse: A.W.O.L. (2009 Digital Remaster),1136.0,TRQAWKR128F425EEC3,Michael Jackson - Man In The Mirror,944.0,TRFUJVJ128F426F2A2,Lauryn Hill - Interlude 5,1519.440000000001,TRDPGXU128F9339C2A,Beastie Boys - B-Boy Bouillabaisse: A.W.O.L. (2009 Digital Remaster),1006.7450000000003,TRQAWKR128F425EEC3,Michael Jackson - Man In The Mirror,811.4900000000005,TRCDUCG128F4262F0C,Billy Gilman - The Christmas Song,0.9497017650005212,TRVOQHA12903CF601C,Gang Starr - Just To Get A Rep,0.6086829337448769,TRKHTKI128F92EA339,Matisyahu - Close My Eyes,0.5951070970181551,TRCDUCG128F4262F0C,Billy Gilman - The Christmas Song,0.9522158241939748,TRVOQHA12903CF601C,Gang Starr - Just To Get A Rep,0.6323971716269889,TRKHTKI128F92EA339,Matisyahu - Close My Eyes,0.6182285620531937,TRFUJVJ128F426F2A2,Lauryn Hill - Interlude 5,140.55452283788892,TRCDUCG128F4262F0C,Billy Gilman - The Christmas Song,119.47036806497667,TRKHTKI128F92EA339,Matisyahu - Close My Eyes,107.62864370853353,TRCDUCG128F4262F0C,Billy Gilman - The Christmas Song,113.06551006182225,TRFUJVJ128F426F2A2,Lauryn Hill - Interlude 5,72.3149445819077,TRKHTKI128F92EA339,Matisyahu - Close My Eyes,68.99915670627823,TRCDUCG128F4262F0C,Billy Gilman - The Christmas Song,0.9524461849579662,TRUNNVP128F147F8A9,Seth Lakeman - The Colliers,0.2505799852691458,TRPEWXU12903CE6EA2,Selena Gomez & The Scene - Tell Me Something I Don't Know,0.24309504073505017,TRCDUCG128F4262F0C,Billy Gilman - The Christmas Song,0.9548660651850566,TRUNNVP128F147F8A9,Seth Lakeman - The Colliers,0.2931903874368353,TRPEWXU12903CE6EA2,Selena Gomez & The Scene - Tell Me Something I Don't Know,0.28498008750579507
TREMJFY12903CF1630,SOMTUNZ12D021B236A,AREIN101187FB5A5FA,Nat King Cole,Too Young,jazz,TRFUJVJ128F426F2A2,Lauryn Hill - Interlude 5,1400.0,TRDPGXU128F9339C2A,Beastie Boys - B-Boy Bouillabaisse: A.W.O.L. (2009 Digital Remaster),806.0,TRUWTMI128F92E3892,Binary Star - Indy 500,714.0,TRFUJVJ128F426F2A2,Lauryn Hill - Interlude 5,1216.0000000000005,TRDPGXU128F9339C2A,Beastie Boys - B-Boy Bouillabaisse: A.W.O.L. (2009 Digital Remaster),652.1250000000007,TRUWTMI128F92E3892,Binary Star - Indy 500,622.8749999999999,TRGDFQG128F4264F30,Dan Hartman - We Are The Young,0.518834847852949,TRMXXLD12903CD5C1B,Carole King - We Are All In This Together,0.5102111362907643,TRJDKEI128F9337CDF,Thought Riot - Save The Humans,0.4815758991125397,TRGDFQG128F4264F30,Dan Hartman - We Are The Young,0.5324500101412878,TRMXXLD12903CD5C1B,Carole King - We Are All In This Together,0.5321206915650755,TRJDKEI128F9337CDF,Thought Riot - Save The Humans,0.5051737784923711,TRDPGXU128F9339C2A,Beastie Boys - B-Boy Bouillabaisse: A.W.O.L. (2009 Digital Remaster),137.3838143170771,TRFUJVJ128F426F2A2,Lauryn Hill - Interlude 5,133.62233500680802,TRDUSIG12903CA5FCB,Savatage - The Hourglass,124.26658682397971,TRIQUNM128F4285A01,The Partridge Family - It's You,88.23203405705623,TRNQDAJ128F92F4AE0,Maroon 5 - Nothing Lasts Forever,81.36146183723396,TRQYDIY128F4214A1A,G-Unit - Beg For Mercy,75.5815056803014,TRIQUNM128F4285A01,The Partridge Family - It's You,0.3406095821699952,TRUFUBA128F14B0FA9,Donny Hathaway - To Be Young_ Gifted And Black (LP Version),0.3268952711003428,TRSTSNL128E0781C06,The Sundays - My Finest Hour,0.26870717858722887,TRIQUNM128F4285A01,The Partridge Family - It's You,0.37034774025990536,TRUFUBA128F14B0FA9,Donny Hathaway - To Be Young_ Gifted And Black (LP Version),0.3548767697506141,TRSTSNL128E0781C06,The Sundays - My Finest Hour,0.3055376381563647
TRKBPHV128F92E3B2D,SOBHTSP12D021B0A27,AREIN101187FB5A5FA,Nat King Cole,Unforgettable,jazz,TRFUJVJ128F426F2A2,Lauryn Hill - Interlude 5,1899.0,TRQAWKR128F425EEC3,Michael Jackson - Man In The Mirror,1525.0,TRFLWJZ128F425C9E4,The Pharcyde - Otha Fish,1354.0,TRFUJVJ128F426F2A2,Lauryn Hill - Interlude 5,1722.3600000000001,TRQAWKR128F425EEC3,Michael Jackson - Man In The Mirror,1373.56,TRFLWJZ128F425C9E4,The Pharcyde - Otha Fish,1262.2000000000003,TRPNVGR128F1460F31,Dilated Peoples - Clockwork,0.5819247502710332,TRQLVEF128F426370C,Johnny Mathis - The Windmills Of Your Mind,0.5657645593341235,TRIDJMD128E078B984,Michael Bublé - That's All (Album Version),0.5631505296369687,TRPNVGR128F1460F31,Dilated Peoples - Clockwork,0.6016092411518471,TRQLVEF128F426370C,Johnny Mathis - The Windmills Of Your Mind,0.5822395834631303,TRMKGXJ128F423A067,Joe Nichols - Another Side Of You,0.5797494446083384,TRFUJVJ128F426F2A2,Lauryn Hill - Interlude 5,119.68201383766204,TRGLNKG128F9307689,Eminem - My Darling,112.92803816313602,TRDPGXU128F9339C2A,Beastie Boys - B-Boy Bouillabaisse: A.W.O.L. (2009 Digital Remaster),111.10119720601219,TRKEHBK128F92F2780,Will.I.Am - The Traveling Song,80.43322500912282,TRIMCYW12903CF18AA,Mutya Buena - It's Not Easy,74.46999808056687,TRBCZNE12903D09503,Whitney Houston - You Give Good Love,71.7243282719764,TRARSWT12903CB735E,Lloyd Price - Just Because,0.2859773923757022,TRHOXSK128F145C9F9,Nat King Cole - The Very Thought Of You,0.2796748748558159,TRBCZNE12903D09503,Whitney Houston - You Give Good Love,0.27207641767523133,TRARSWT12903CB735E,Lloyd Price - Just Because,0.3191161754863027,TRHOXSK128F145C9F9,Nat King Cole - The Very Thought Of You,0.3125682714754412,TRBCZNE12903D09503,Whitney Houston - You Give Good Love,0.3071044801976042
TRHYGVQ12903D046A9,SOEPFCI12AC46877AA,AREIN101187FB5A5FA,Nat King Cole,Autumn Leaves,jazz,TRFUJVJ128F426F2A2,Lauryn Hill - Interlude 5,1572.0,TRDPGXU128F9339C2A,Beastie Boys - B-Boy Bouillabaisse: A.W.O.L. (2009 Digital Remaster),1120.0,TRWSYHO128F4282346,Twista - I'm A Winner (Amended Album Version),1070.0,TRFUJVJ128F426F2A2,Lauryn Hill - Interlude 5,1399.0400000000004,TRDPGXU128F9339C2A,Beastie Boys - B-Boy Bouillabaisse: A.W.O.L. (2009 Digital Remaster),975.3574999999996,TRGLNKG128F9307689,Eminem - My Darling,957.1325000000002,TRFBASZ128F42317D3,Dawn of Relic - The Awakening,0.5862140234521477,TRTMJLR128F1463837,Dusty Springfield - Meditation,0.5584673794427354,TREFQCV128F92FC88B,Snog - Into The Light,0.5510577888746051,TRFBASZ128F42317D3,Dawn of Relic - The Awakening,0.6035304042203067,TRTMJLR128F1463837,Dusty Springfield - Meditation,0.5788828223712844,TRLFKXW128F425B9A2,311 - Firewater,0.5754381238653518,TRGLNKG128F9307689,Eminem - My Darling,108.4702471385991,TRDPGXU128F9339C2A,Beastie Boys - B-Boy Bouillabaisse: A.W.O.L. (2009 Digital Remaster),106.83382730569576,TRFUJVJ128F426F2A2,Lauryn Hill - Interlude 5,106.25613969983965,TRTSJDG128F429B2BD,Anatomy Of A Ghost - Last Transmission,63.87488047136508,TRYPZQG128E07999D6,Ms. Dynamite - Back Then,60.08566471675215,TRGQBAX128F426EFCA,Bob Dylan - Ballad In Plain D,57.35458787710722,TRBCVSA128E0792027,Stevie Wonder - Stay Gold,0.24073851846990746,TRPTSDT12903CF2175,Kotipelto - Evening's Fall,0.2254897115652053,TRNWXWI128F14A2CEF,Steven Delopoulos - Seasons,0.2227323411071262,TRBCVSA128E0792027,Stevie Wonder - Stay Gold,0.28372341563579523,TRPTSDT12903CF2175,Kotipelto - Evening's Fall,0.27276917107329096,TRJFPFY128F932B628,Katie Melua - All In My Head,0.26947779476131606
TRWIGSY128F92FE6B6,SOHZWJK12AB017DCF8,AREIN101187FB5A5FA,Nat King Cole,Love Is A Many Splendored Thing,jazz,TRFUJVJ128F426F2A2,Lauryn Hill - Interlude 5,1247.0,TRQAWKR128F425EEC3,Michael Jackson - Man In The Mirror,1090.0,TRDPGXU128F9339C2A,Beastie Boys - B-Boy Bouillabaisse: A.W.O.L. (2009 Digital Remaster),1004.0,TRFUJVJ128F426F2A2,Lauryn Hill - Interlude 5,1068.5200000000002,TRQAWKR128F425EEC3,Michael Jackson - Man In The Mirror,936.9824999999997,TRDPGXU128F9339C2A,Beastie Boys - B-Boy Bouillabaisse: A.W.O.L. (2009 Digital Remaster),854.74125,TRJWBUM128C7196B23,Marvin Gaye - That's The Way Love Is,0.5704907538328294,TRARREW128F92CD3D9,Bette Midler - The Rose,0.5683491376103905,TRREMEE128F932A4C4,Giuliano Palma & The Bluebeaters - Somewhere In My Heart,0.5552952203453165,TRARREW128F92CD3D9,Bette Midler - The Rose,0.5853694070049635,TRJWBUM128C7196B23,Marvin Gaye - That's The Way Love Is,0.5849201282374121,TRREMEE128F932A4C4,Giuliano Palma & The Bluebeaters - Somewhere In My Heart,0.575161050162068,TRDPGXU128F9339C2A,Beastie Boys - B-Boy Bouillabaisse: A.W.O.L. (2009 Digital Remaster),134.9727794333725,TRDGICW128F42963E2,Recoil - Curse,108.19392764540058,TRFFJLM128F148BCEF,Momus - Closer To You,100.76816140387774,TRPUUSG128E07953B7,Shaggy - Luv Me Up,66.83983842712063,TRSWZCK128F423CD2E,Other Two - One Last Kiss,65.5258441064073,TRFPSCB128F4294AF9,Lisa Stansfield - Time To Make You Mine,64.15448957107597,TRWAYCE128F9304FDF,Pnau - Lover,0.27695216792644783,TRFIUPB128F4291360,J.J. Cale - Humdinger,0.2520000526727736,TRFTIBH12903CFB937,John Denver - For You,0.2460043182582611,TRWAYCE128F9304FDF,Pnau - Lover,0.29652649480468934,TRFTIBH12903CFB937,John Denver - For You,0.2820733998434845,TREDTFM128F429484F,Blu Cantrell - Holding On To Love,0.27790565008267726
TRHEGPE128F9311A85,SOHHACX12AB0181443,AREIN101187FB5A5FA,Nat King Cole,Smoke Gets in Your Eyes,jazz,TRDPGXU128F9339C2A,Beastie Boys - B-Boy Bouillabaisse: A.W.O.L. (2009 Digital Remaster),1997.0,TRFUJVJ128F426F2A2,Lauryn Hill - Interlude 5,1906.0,TRWSYHO128F4282346,Twista - I'm A Winner (Amended Album Version),1771.0,TRDPGXU128F9339C2A,Beastie Boys - B-Boy Bouillabaisse: A.W.O.L. (2009 Digital Remaster),1810.8112500000004,TRFUJVJ128F426F2A2,Lauryn Hill - Interlude 5,1683.3600000000013,TRWSYHO128F4282346,Twista - I'm A Winner (Amended Album Version),1625.4975,TRUSMEO128F1469319,Bryan Ferry - Smoke Gets In Your Eyes,0.9598809690955711,TRTFNGC128F9343C22,Frenzal Rhomb - I Love Fucking Up,0.6990726697270934,TRQGAOW128F92FBF94,Patsy Cline - I Love You Honey,0.6941063111843564,TRUSMEO128F1469319,Bryan Ferry - Smoke Gets In Your Eyes,0.9615489344015546,TRTFNGC128F9343C22,Frenzal Rhomb - I Love Fucking Up,0.7078443967508355,TRQGAOW128F92FBF94,Patsy Cline - I Love You Honey,0.702430049446232,TRUSMEO128F1469319,Bryan Ferry - Smoke Gets In Your Eyes,211.53018990585545,TRFUJVJ128F426F2A2,Lauryn Hill - Interlude 5,146.1500272354245,TRGLNKG128F9307689,Eminem - My Darling,127.78191235266816,TRUSMEO128F1469319,Bryan Ferry - Smoke Gets In Your Eyes,200.2537382679036,TRKUCYF12903D06F03,David Ball - Blowin' Smoke,77.99365774913232,TRBRZRE128E0783781,Le Tigre - This Island,77.85375297577811,TRUSMEO128F1469319,Bryan Ferry - Smoke Gets In Your Eyes,0.9445591376504983,TRCOIXB128F93451E0,Alison Krauss / Union Station - Find My Way Back To My Heart,0.25583828808463815,TRKEAKN12903CCA2E5,The Adicts - It's A Laugh,0.25161311974092715,TRUSMEO128F1469319,Bryan Ferry - Smoke Gets In Your Eyes,0.9473557804305535,TRCOIXB128F93451E0,Alison Krauss / Union Station - Find My Way Back To My Heart,0.30739738863200733,TRQLYMS12903CE81DD,Leigh Nash - I've Gotta See You Smile,0.27591021544381245
TRWZCIQ12903C97881,SOKLXSK12A58A7C3DA,AREIN101187FB5A5FA,Nat King Cole,If You Can't Smile And Say Yes,jazz,TRFUJVJ128F426F2A2,Lauryn Hill - Interlude 5,3250.0,TRPZAPZ128F9341D3E,R. Kelly - Don't You Say No,2375.0,TRDPGXU128F9339C2A,Beastie Boys - B-Boy Bouillabaisse: A.W.O.L. (2009 Digital Remaster),2150.0,TRFUJVJ128F426F2A2,Lauryn Hill - Interlude 5,2996.08,TRPZAPZ128F9341D3E,R. Kelly - Don't You Say No,2290.302499999999,TRGLNKG128F9307689,Eminem - My Darling,1973.5775000000008,TRPZAPZ128F9341D3E,R. Kelly - Don't You Say No,0.7420650301266785,TRTBBGQ128E078FE63,Kelly Price - Don't Say Goodbye,0.667891788850201,TRSEAVW128F429E22F,A Tribe Called Quest - Rap Promoter,0.6469414151461195,TRPZAPZ128F9341D3E,R. Kelly - Don't You Say No,0.7486364422954158,TRTBBGQ128E078FE63,Kelly Price - Don't Say Goodbye,0.6800893517252719,TRSEAVW128F429E22F,A Tribe Called Quest - Rap Promoter,0.6610104303769662,TRFUJVJ128F426F2A2,Lauryn Hill - Interlude 5,136.58115404504605,TRLVRJP128F93519FB,Atmosphere - Hair,125.90272306384962,TRCDLUM128F9331CA9,Usher - Love Was Here,101.35767287499024,TRQNQIX128F424EF1C,Róisín Murphy - Cry Baby,85.79614440270448,TRCDLUM128F9331CA9,Usher - Love Was Here,80.33967618095154,TRLVRJP128F93519FB,Atmosphere - Hair,77.83134469604795,TRQNQIX128F424EF1C,Róisín Murphy - Cry Baby,0.3143122954422893,TRJWAVI128F426602D,Melody Club - Golden Day,0.28554481479198873,TRKEINR128F4258B98,Albert Hammond Jr - G Up,0.28395249629855007,TRQNQIX128F424EF1C,Róisín Murphy - Cry Baby,0.3496488683673867,TRKEINR128F4258B98,Albert Hammond Jr - G Up,0.3186742712576989,TRMOZFR128F425F610,Fats Domino - Every Night About This Time,0.31367489186963493
TREENNZ128F145B67D,SOALXFE12A6D4F78B0,AREIN101187FB5A5FA,Nat King Cole,She's Funny That Way,jazz,TRFUJVJ128F426F2A2,Lauryn Hill - Interlude 5,3712.0,TRDPGXU128F9339C2A,Beastie Boys - B-Boy Bouillabaisse: A.W.O.L. (2009 Digital Remaster),3221.0,TRGLNKG128F9307689,Eminem - My Darling,3085.0,TRFUJVJ128F426F2A2,Lauryn Hill - Interlude 5,3424.96,TRDPGXU128F9339C2A,Beastie Boys - B-Boy Bouillabaisse: A.W.O.L. (2009 Digital Remaster),2980.954999999999,TRGLNKG128F9307689,Eminem - My Darling,2909.3050000000003,TRFUZQB128F4235491,Guy Clark - I Don't Love You Much Do I (2007 Remastered LP Version),0.8118769735659425,TRKAEFD128F428C723,Keyshia Cole - I Changed My Mind,0.7947174268108048,TRZCHKB128F92CB740,Anastacia - Club Megamix,0.7662608459268436,TRFUZQB128F4235491,Guy Clark - I Don't Love You Much Do I (2007 Remastered LP Version),0.8169047955167411,TRKAEFD128F428C723,Keyshia Cole - I Changed My Mind,0.8020789901428723,TRZCHKB128F92CB740,Anastacia - Club Megamix,0.7754714430742043,TROGOFF128F42827CE,Natalie Cole - Your Eyes,135.7690022460165,TRDPGXU128F9339C2A,Beastie Boys - B-Boy Bouillabaisse: A.W.O.L. (2009 Digital Remaster),127.2046199896791,TRFUJVJ128F426F2A2,Lauryn Hill - Interlude 5,117.77556314388748,TROGOFF128F42827CE,Natalie Cole - Your Eyes,113.65753611121819,TROSAQJ128F92D308C,Charlie Wilson - What You Do To Me,86.08894982898344,TRAJVCL128F932A6F3,Louise - One Kiss From Heaven,83.8180574243423,TROSAQJ128F92D308C,Charlie Wilson - What You Do To Me,0.3261590601894175,TREQTXJ128F92FFE9C,Royksopp - Miss It So Much,0.31765619772711334,TROGOFF128F42827CE,Natalie Cole - Your Eyes,0.3120096179987326,TROSAQJ128F92D308C,Charlie Wilson - What You Do To Me,0.3754044664296684,TROGOFF128F42827CE,Natalie Cole - Your Eyes,0.351363536772878,TRJKYAO128F427420D,Luther Vandross - Never Too Much,0.3447390790416459
TRVUYIL128F4275FAD,SOCKFLV12A8C133605,AREIN101187FB5A5FA,Nat King Cole,The Ruby And The Pearl (2003 Digital Remaster),jazz,TRFUJVJ128F426F2A2,Lauryn Hill - Interlude 5,2218.0,TRDPGXU128F9339C2A,Beastie Boys - B-Boy Bouillabaisse: A.W.O.L. (2009 Digital Remaster),1625.0,TRLUXWO128F14618D6,Dilated Peoples - Expansion Team Theme,1563.0,TRFUJVJ128F426F2A2,Lauryn Hill - Interlude 5,2019.280000000001,TRLUXWO128F14618D6,Dilated Peoples - Expansion Team Theme,1490.2350000000029,TRDPGXU128F9339C2A,Beastie Boys - B-Boy Bouillabaisse: A.W.O.L. (2009 Digital Remaster),1458.815,TRLUXWO128F14618D6,Dilated Peoples - Expansion Team Theme,0.632460435291294,TRTYQXA128F147F7F8,Patricia Barber - Phaeton,0.5745397407741704,TREFQCV128F92FC88B,Snog - Into The Light,0.5697915434614416,TRLUXWO128F14618D6,Dilated Peoples - Expansion Team Theme,0.6430775696660427,TRTYQXA128F147F7F8,Patricia Barber - Phaeton,0.5877345201340949,TREFQCV128F92FC88B,Snog - Into The Light,0.5832268370598154,TRDPGXU128F9339C2A,Beastie Boys - B-Boy Bouillabaisse: A.W.O.L. (2009 Digital Remaster),89.62135042658404,TRITESU128F425F778,Paul Anka - Love Me Warm And Tender,84.87687021965766,TRCLVPW128F92F1ED1,Jamie Foxx - Warm Bed,83.55263095432842,TRITESU128F425F778,Paul Anka - Love Me Warm And Tender,75.66958788300101,TRCLVPW128F92F1ED1,Jamie Foxx - Warm Bed,65.42302646335865,TRUKCBZ128F92F155C,Lonestar - Summertime,58.31363599348341,TRITESU128F425F778,Paul Anka - Love Me Warm And Tender,0.32988320484919387,TRSEDGR12903CF88B3,The Gathering - Nighttime Birds,0.3206750306304652,TRUKCBZ128F92F155C,Lonestar - Summertime,0.2664500434812042,TRITESU128F425F778,Paul Anka - Love Me Warm And Tender,0.35571320494710923,TRSEDGR12903CF88B3,The Gathering - Nighttime Birds,0.33750823863195634,TRUKCBZ128F92F155C,Lonestar - Summertime,0.29708746037679234
TRHOXSK128F145C9F9,SOLCRAY12A6D4F6095,AREIN101187FB5A5FA,Nat King Cole,The Very Thought Of You,jazz,TRFUJVJ128F426F2A2,Lauryn Hill - Interlude 5,3398.0,TRWSYHO128F4282346,Twista - I'm A Winner (Amended Album Version),2878.0,TRDPGXU128F9339C2A,Beastie Boys - B-Boy Bouillabaisse: A.W.O.L. (2009 Digital Remaster),2441.0,TRFUJVJ128F426F2A2,Lauryn Hill - Interlude 5,3149.600000000001,TRWSYHO128F4282346,Twista - I'm A Winner (Amended Album Version),2715.6624999999985,TRHNOMB12903CB2544,Life Without Buildings - New Town,2281.8937499999984,TRDNUNW128F933DB3D,Boyz II Men - Amazed,0.7350222437746734,TRJIQFW128F428DE49,7L & Esoteric - Boxcutter Rap,0.71974635863732,TRDZHMB128F14925BA,Marissa Nadler - Famous Blue Raincoat,0.7088604095240717,TRDNUNW128F933DB3D,Boyz II Men - Amazed,0.7446471259315678,TRJIQFW128F428DE49,7L & Esoteric - Boxcutter Rap,0.7308070669318518,TRDZHMB128F14925BA,Marissa Nadler - Famous Blue Raincoat,0.7208331122794644,TRDPGXU128F9339C2A,Beastie Boys - B-Boy Bouillabaisse: A.W.O.L. (2009 Digital Remaster),136.87228209839526,TRFUJVJ128F426F2A2,Lauryn Hill - Interlude 5,117.61888041043052,TRDUSIG12903CA5FCB,Savatage - The Hourglass,111.74644994799203,TRDGEKV128F1487CCF,Heaven 17 - We're Going To Live For A Very Long Time (2006 Digital Remaster),78.36488195643764,TREABTP128F424B802,Willie Nelson - A Moment Isn't Very Long,76.95794704210134,TRFDIPO128F425B470,Paul Potts - Caruso,71.94621047488948,TREABTP128F424B802,Willie Nelson - A Moment Isn't Very Long,0.2945076669280436,TRKBPHV128F92E3B2D,Nat King Cole - Unforgettable,0.2796748748558159,TRTMJLR128F1463837,Dusty Springfield - Meditation,0.27133257337716493,TREABTP128F424B802,Willie Nelson - A Moment Isn't Very Long,0.32934179795329754,TRTMJLR128F1463837,Dusty Springfield - Meditation,0.3167530251739916,TRKBPHV128F92E3B2D,Nat King Cole - Unforgettable,0.3125682714754412
TRETXLU12903CD5688,SOIMSGC12D02198A5A,ARRL2QH1187B9AC814,Bing Crosby,Rudolph The Red-Nosed Reindeer,jazz,TRFUJVJ128F426F2A2,Lauryn Hill - Interlude 5,3806.0,TRWSYHO128F4282346,Twista - I'm A Winner (Amended Album Version),2567.0,TRDPGXU128F9339C2A,Beastie Boys - B-Boy Bouillabaisse: A.W.O.L. (2009 Digital Remaster),2556.0,TRFUJVJ128F426F2A2,Lauryn Hill - Interlude 5,3493.2000000000016,TRWSYHO128F4282346,Twista - I'm A Winner (Amended Album Version),2362.575000000001,TRDPGXU128F9339C2A,Beastie Boys - B-Boy Bouillabaisse: A.W.O.L. (2009 Digital Remaster),2294.4124999999995,TRDBNWO12903CC8E18,Gene Autry - Rudolph The Red Nosed Reindeer,0.7584909214891551,TROMMRU128F4250C74,Classified - All About U,0.717824806385555,TRRGWST128F930E4AE,Sara Gazarek - Yours (Live),0.700928580197361,TRDBNWO12903CC8E18,Gene Autry - Rudolph The Red Nosed Reindeer,0.7688021592271441,TROMMRU128F4250C74,Classified - All About U,0.73169100437109,TRRGWST128F930E4AE,Sara Gazarek - Yours (Live),0.7139231121911069,TRDPGXU128F9339C2A,Beastie Boys - B-Boy Bouillabaisse: A.W.O.L. (2009 Digital Remaster),245.95829135656973,TRFUJVJ128F426F2A2,Lauryn Hill - Interlude 5,216.99588554358525,TRDUSIG12903CA5FCB,Savatage - The Hourglass,156.40435703612528,TRDBNWO12903CC8E18,Gene Autry - Rudolph The Red Nosed Reindeer,128.0709081606843,TRDPGXU128F9339C2A,Beastie Boys - B-Boy Bouillabaisse: A.W.O.L. (2009 Digital Remaster),126.4663950494653,TRAXQYP128F930458D,UB40 - Red Red Wine (Edit),108.60162128022004,TRDBNWO12903CC8E18,Gene Autry - Rudolph The Red Nosed Reindeer,0.5576965726464578,TRSYGTC128F1483C4B,Tom Waits - Reeperbahn,0.307411480889685,TRKSGSC128F4288E48,The Monochrome Set - He's Frank,0.2986146796749603,TRDBNWO12903CC8E18,Gene Autry - Rudolph The Red Nosed Reindeer,0.5818717185198693,TRSYGTC128F1483C4B,Tom Waits - Reeperbahn,0.3627531179171239,TRNVCTM128E0781AE2,Spearhead - Red Beans & Rice,0.3401306254319876
TRORBTM128F93368FB,SOBEALQ12AB017EC86,ARBJ22B1187B9AD31C,Norah Jones,December,jazz,TRWSYHO128F4282346,Twista - I'm A Winner (Amended Album Version),2451.0,TRDPGXU128F9339C2A,Beastie Boys - B-Boy Bouillabaisse: A.W.O.L. (2009 Digital Remaster),2307.0,TRFUJVJ128F426F2A2,Lauryn Hill - Interlude 5,2297.0,TRWSYHO128F4282346,Twista - I'm A Winner (Amended Album Version),2297.08,TRDPGXU128F9339C2A,Beastie Boys - B-Boy Bouillabaisse: A.W.O.L. (2009 Digital Remaster),2110.040000000001,TRFUJVJ128F426F2A2,Lauryn Hill - Interlude 5,2061.4800000000005,TRARHIC128F424B27B,Marilyn Monroe - When I Fall In Love,0.6581244224660247,TRMYJUA128F428A590,Descendents - When I Get Old,0.6524725067505618,TRZRCGB128F146F82B,Tina Turner - All The Woman (Recorded Live In London '99),0.6520204845866953,TRARHIC128F424B27B,Marilyn Monroe - When I Fall In Love,0.667356774338222,TRMYJUA128F428A590,Descendents - When I Get Old,0.6613952399697519,TRZRCGB128F146F82B,Tina Turner - All The Woman (Recorded Live In London '99),0.6610822342429592,TRCUITI128F42982DB,Spice Girls - Take Me Home,101.25688285508971,TRFFJLM128F148BCEF,Momus - Closer To You,97.76905275570451,TRTVVYX128F9328DBA,Sugarland - Baby Girl,94.75667440626809,TRCUITI128F42982DB,Spice Girls - Take Me Home,82.92300536927829,TRGGHRZ128F427836C,Bill Withers - Wintertime,75.4301584059407,TROWYLI128F4263DB4,Gabrielle - Don't Need The Sun To Shine (To Make Me Smile),70.26005523679515,TRDBOVM128F4268BB9,Celtic Woman - May It Be,0.2801698622683477,TRNUBEN12903CB7896,Koop - Words of Tranquility,0.27865757029539057,TRLFYKX128F1493334,Laura Fygi - I Wish You Love,0.27413506813623495,TRDBOVM128F4268BB9,Celtic Woman - May It Be,0.3077182050728292,TRLFYKX128F1493334,Laura Fygi - I Wish You Love,0.2997115066124614,TRNUBEN12903CB7896,Koop - Words of Tranquility,0.2985566163011473
TRFCNIJ128F423F32E,SOTBYQW12A6D4FE74B,ARBJ22B1187B9AD31C,Norah Jones,Don't Know Why (Live),jazz,TRDPGXU128F9339C2A,Beastie Boys - B-Boy Bouillabaisse: A.W.O.L. (2009 Digital Remaster),3481.0,TRFUJVJ128F426F2A2,Lauryn Hill - Interlude 5,3363.0,TROIJDA128F9341E70,R. Kelly - I Mean (I Don't Mean It),3249.0,TRDPGXU128F9339C2A,Beastie Boys - B-Boy Bouillabaisse: A.W.O.L. (2009 Digital Remaster),3256.3424999999997,TROIJDA128F9341E70,R. Kelly - I Mean (I Don't Mean It),3135.302500000002,TRKLJAG128F42B31CF,Mario Vazquez - Everytime I...,3113.8749999999995,TRURGUR128F149409A,Mr. Vegas - I Don't Know Why I Love You,0.7964535510271475,TRDQNSS128F4240C31,Millencolin - Random I Am (Album Version),0.7754608983961562,TRVVBPB128F4250C72,Classified - Freezin In The Cold,0.7678561831880136,TRURGUR128F149409A,Mr. Vegas - I Don't Know Why I Love You,0.8008764409912635,TRDQNSS128F4240C31,Millencolin - Random I Am (Album Version),0.7808365982363298,TRVVBPB128F4250C72,Classified - Freezin In The Cold,0.7738191946775766,TRFLWJZ128F425C9E4,The Pharcyde - Otha Fish,126.53968304300483,TRDPGXU128F9339C2A,Beastie Boys - B-Boy Bouillabaisse: A.W.O.L. (2009 Digital Remaster),122.18812075992047,TRCHZXW128E079288A,Eminem - 8 Mile,112.08117021352643,TRFLWJZ128F425C9E4,The Pharcyde - Otha Fish,84.55325805175046,TRQQLZD128F425E9BC,Alicia Keys - Tell You Something (Nana's Reprise),60.915592335738765,TRSARDQ128F4233F7E,Smoke Or Fire - Cars,60.48641168707784,TRXZGWQ128E078E781,B.B. King - Buzz Me,0.25798063571227475,TRDZTFK12903D0CF13,SFDK - Phantom,0.2373054186905349,TRSARDQ128F4233F7E,Smoke Or Fire - Cars,0.21853480412658804,TRXZGWQ128E078E781,B.B. King - Buzz Me,0.30189602931068876,TRDZTFK12903D0CF13,SFDK - Phantom,0.28926625152096297,TRFLWJZ128F425C9E4,The Pharcyde - Otha Fish,0.27977923731336246
TRYNZAL128F1464B5A,SOPHSDC12B0B8081BB,ARBJ22B1187B9AD31C,Norah Jones,Humble Me,jazz,TRFUJVJ128F426F2A2,Lauryn Hill - Interlude 5,5323.0,TRWSYHO128F4282346,Twista - I'm A Winner (Amended Album Version),5013.0,TRUGLTC128F4227B93,Danity Kane - Hold Me Down (Album Version),4160.0,TRFUJVJ128F426F2A2,Lauryn Hill - Interlude 5,4964.200000000001,TRWSYHO128F4282346,Twista - I'm A Winner (Amended Album Version),4778.512499999999,TRUGLTC128F4227B93,Danity Kane - Hold Me Down (Album Version),3993.7625000000003,TRRBFPC12903CDF853,The Berzerker - All About You,0.8165288629506887,TRGNWZK128F42960A4,Syleena Johnson - All Of Me,0.8117365374398737,TRDJYOH128F429B2F8,Midtown - Knew It All Along (Acoustic),0.7895723176353734,TRRBFPC12903CDF853,The Berzerker - All About You,0.8221052713222236,TRGNWZK128F42960A4,Syleena Johnson - All Of Me,0.8171996183834259,TRKKXHG128F421A24C,Dance Hall Crashers - Othello,0.7968144145664815,TRCHZXW128E079288A,Eminem - 8 Mile,183.7077375810813,TRGHYGG12903CAC100,R. Kelly - Kickin' It With Your Girlfriend,172.412758401551,TRFUJVJ128F426F2A2,Lauryn Hill - Interlude 5,166.72040301286108,TRGHYGG12903CAC100,R. Kelly - Kickin' It With Your Girlfriend,121.07413793093289,TRYPHVM128F42437C0,Mississippi Fred McDowell - Louise,97.89950469409841,TRGHZMA128F42838C2,Cat Stevens - The Joke,97.21848422390697,TRKKPGV128F426A2EE,Robert Johnson - Last Fair Deal Gone Down,0.2674904902618287,TRHTANU12903CF09E2,Big Bill Broonzy - Saturday Evening Blues,0.26416453214182706,TRNZNSR128F429F04B,Ray Charles - Don't You Know,0.26215362479979104,TRHTANU12903CF09E2,Big Bill Broonzy - Saturday Evening Blues,0.3096789950541426,TRPVLRW12903CE7217,ERIC SARDINAS - Old Smyrna Road,0.30884315330381895,TRNZNSR128F429F04B,Ray Charles - Don't You Know,0.3072870541344013
TRNGOHS128E0781235,SOOVFTG12AF72A4B85,ARBJ22B1187B9AD31C,Norah Jones,I've Got To See You Again,jazz,TRFUJVJ128F426F2A2,Lauryn Hill - Interlude 5,3882.0,TRWSYHO128F4282346,Twista - I'm A Winner (Amended Album Version),3674.0,TRDPGXU128F9339C2A,Beastie Boys - B-Boy Bouillabaisse: A.W.O.L. (2009 Digital Remaster),3420.0,TRFUJVJ128F426F2A2,Lauryn Hill - Interlude 5,3582.0800000000004,TRWSYHO128F4282346,Twista - I'm A Winner (Amended Album Version),3477.9925000000003,TREBGAA128E078FC52,Erykah Badu - I Want You,3235.771249999999,TRYATVR128F4283D4A,Hope Of The States - Sadness On My Back,0.7980600525166018,TRQBHPO128F9307C8E,New Found Glory - I'll Never Love Again,0.7904993524487416,TRKLJAG128F42B31CF,Mario Vazquez - Everytime I...,0.7705833987088706,TRYATVR128F4283D4A,Hope Of The States - Sadness On My Back,0.8042621450617822,TRQBHPO128F9307C8E,New Found Glory - I'll Never Love Again,0.79558930609822,TRKLJAG128F42B31CF,Mario Vazquez - Everytime I...,0.7747224262263515,TRDPGXU128F9339C2A,Beastie Boys - B-Boy Bouillabaisse: A.W.O.L. (2009 Digital Remaster),146.38777878019684,TRDGICW128F42963E2,Recoil - Curse,129.36188249217125,TROYKQM128F428CCED,OutKast - Mainstream,124.82527567456894,TRPJBLC128F933B748,Daryl Hall - Help Me Find A Way To Your Heart,84.32180615642699,TRHQAPS128F42A51F4,Matisyahu - Fire and Heights,82.35006057823684,TRDGICW128F42963E2,Recoil - Curse,73.8885761833314,TRXKTZE128F1477152,The Rapture - Killing,0.30764042768716093,TRRIJBS128F92F733A,Ayo - Better Days,0.3047930233117037,TRUBWFL128F9316414,Vaselines - Let's Get Ugly (Album),0.3038269867047555,TRXKTZE128F1477152,The Rapture - Killing,0.3358726852621736,TRRIJBS128F92F733A,Ayo - Better Days,0.3352845411299019,TRBEWAM128F145CA91,Shannon McNally - Down And Dirty,0.33123628155709944
TRPPHPQ128F4258FFC,SOOEHBK12A8AE479F1,ARBJ22B1187B9AD31C,Norah Jones,Sinkin' Soon (iTunes Live Session),jazz,TRFUJVJ128F426F2A2,Lauryn Hill - Interlude 5,1880.0,TRFSCLD12903CD213F,The Prodigy - We Gonna Rock,1845.0,TRDPGXU128F9339C2A,Beastie Boys - B-Boy Bouillabaisse: A.W.O.L. (2009 Digital Remaster),1345.0,TRFSCLD12903CD213F,The Prodigy - We Gonna Rock,1792.939999999997,TRFUJVJ128F426F2A2,Lauryn Hill - Interlude 5,1627.9200000000005,TRVDAHO128F92F231E,Katy Perry - Hot N Cold (Innerpartysystem Main),1196.6437499999995,TRFGWTJ128E0783A47,The Misfits - Static Age,0.6088881546560588,TRNKIVH128F421D429,Charlie Robison - Good Times,0.6052537335027663,TRJOQXR128F92EB51A,Thompson Twins - We Are Detective,0.6016170377215158,TRNKIVH128F421D429,Charlie Robison - Good Times,0.6187127253648694,TRFGWTJ128E0783A47,The Misfits - Static Age,0.6162911634776579,TRJOQXR128F92EB51A,Thompson Twins - We Are Detective,0.6137257989065713,TRDPGXU128F9339C2A,Beastie Boys - B-Boy Bouillabaisse: A.W.O.L. (2009 Digital Remaster),166.74153025094625,TRFUJVJ128F426F2A2,Lauryn Hill - Interlude 5,145.75266448082127,TRRRRDU128E0785197,Less Than Jake - She's Gonna Break Soon (Radio Edit) (w/o Horns),143.64399822292896,TRRRRDU128E0785197,Less Than Jake - She's Gonna Break Soon (Radio Edit) (w/o Horns),122.8092286984236,TRVGXWV128F148640B,Kelis - Trilogy,94.86577387366326,TRQRAKE128F9322866,Jay-Z - Soon You'll Understand,94.81398374118808,TRMGLTT128F4275DDF,The Plasmatics - You're A Zombie,0.281070955712087,TRRRRDU128E0785197,Less Than Jake - She's Gonna Break Soon (Radio Edit) (w/o Horns),0.27554515868663626,TREFFEP128F1484DE6,Janet Jackson - The Lounge,0.2605191898559333,TRMGLTT128F4275DDF,The Plasmatics - You're A Zombie,0.3193125281209023,TRRRRDU128E0785197,Less Than Jake - She's Gonna Break Soon (Radio Edit) (w/o Horns),0.3078614110877942,TRMCHAV128F9306B8D,Los Lobos - Bar Fight,0.28358326047181276
TRSSOKM128F1464B5C,SOQJPKL12A6D4F7D49,ARBJ22B1187B9AD31C,Norah Jones,The Long Way Home,jazz,TRFUJVJ128F426F2A2,Lauryn Hill - Interlude 5,3704.0,TRWSYHO128F4282346,Twista - I'm A Winner (Amended Album Version),3049.0,TRDPGXU128F9339C2A,Beastie Boys - B-Boy Bouillabaisse: A.W.O.L. (2009 Digital Remaster),2970.0,TRFUJVJ128F426F2A2,Lauryn Hill - Interlude 5,3374.6400000000012,TRWSYHO128F4282346,Twista - I'm A Winner (Amended Album Version),2833.752500000001,TREBGAA128E078FC52,Erykah Badu - I Want You,2811.951250000001,TRKLJAG128F42B31CF,Mario Vazquez - Everytime I...,0.7172895872114392,TRGLGNR128F1487A6F,Manafest - Runaway,0.7127018400143031,TRDQLTF128E0787809,Josh Groban - Broken Vow (Album Version),0.6997727652754905,TRGLGNR128F1487A6F,Manafest - Runaway,0.7243430639706159,TRKLJAG128F42B31CF,Mario Vazquez - Everytime I...,0.7219462124932764,TRYYRLU12903D082FF,Jonny Lang - Breakin Me,0.7132739503730822,TRFUJVJ128F426F2A2,Lauryn Hill - Interlude 5,205.47261491174157,TRDPGXU128F9339C2A,Beastie Boys - B-Boy Bouillabaisse: A.W.O.L. (2009 Digital Remaster),202.21551373077327,TRKGULH128F428C170,Mobb Deep - Trife Life,168.5510870596286,TRNTGCI128F145E95C,Marvin Gaye - You Sure Love To Ball,94.57997319297763,TRIJWAB128F148AA50,En Vogue - Love Don't Love You (LP Version),90.6446874638601,TRDMCIO128F427252B,The O'Jays - Put Your Hands Together,90.33018876589882,TRIJWAB128F148AA50,En Vogue - Love Don't Love You (LP Version),0.2762846786369175,TRNTGCI128F145E95C,Marvin Gaye - You Sure Love To Ball,0.2722962562442365,TRKJSXZ128F148AF12,Slim Harpo - One More Day,0.27193126625503544,TRIJWAB128F148AA50,En Vogue - Love Don't Love You (LP Version),0.3375892898787896,TRNTGCI128F145E95C,Marvin Gaye - You Sure Love To Ball,0.31441920049645516,TRKJSXZ128F148AF12,Slim Harpo - One More Day,0.30874146751869147
TRKMCAV128E0782298,SOGMFQZ12A6310EF6C,ARBJ22B1187B9AD31C,Norah Jones,Those Sweet Words,jazz,TRFUJVJ128F426F2A2,Lauryn Hill - Interlude 5,2801.0,TRWSYHO128F4282346,Twista - I'm A Winner (Amended Album Version),2007.0,TRDPGXU128F9339C2A,Beastie Boys - B-Boy Bouillabaisse: A.W.O.L. (2009 Digital Remaster),1913.0,TRFUJVJ128F426F2A2,Lauryn Hill - Interlude 5,2554.4400000000005,TRWSYHO128F4282346,Twista - I'm A Winner (Amended Album Version),1845.8650000000007,TRDPGXU128F9339C2A,Beastie Boys - B-Boy Bouillabaisse: A.W.O.L. (2009 Digital Remaster),1706.8074999999997,TRLQBZP12903CECC4A,Hello Saferide - Get Sick Soon,0.6155402809897493,TRWAKFC128F424561B,Slum Village - Call Me (Clean Version),0.615386416800798,TRNHSZN128F930FF03,Clawfinger - Revenge,0.6130673655147688,TRWAKFC128F424561B,Slum Village - Call Me (Clean Version),0.6357729901878229,TRMRNDW128F4292475,A Tribe Called Quest - Baby Phife's Return,0.6312851549806506,TRLQBZP12903CECC4A,Hello Saferide - Get Sick Soon,0.6291416057782379,TRFUJVJ128F426F2A2,Lauryn Hill - Interlude 5,142.5120559172431,TRDPGXU128F9339C2A,Beastie Boys - B-Boy Bouillabaisse: A.W.O.L. (2009 Digital Remaster),138.28225229629555,TRNVKOI128E0799173,Snoop Dogg - Snoopafella (Edited),129.40185098031984,TRVMLEW128F425A82D,The Clash - The Magnificent Seven,88.58635811472213,TRTYLFM12903CD2C97,Eric B. & Rakim - I Know You Got Soul,70.46553616461424,TRIKLJK128F428C9A4,Laura Fygi - Sleigh Ride,70.11353393424528,TRAGGSB128F932E323,The Derek Trucks Band - Sweet Inspiration,0.28779803301531376,TRLLIJZ128E0782FC2,Kings Of Convenience - Singing Softly To Me,0.2702306523804876,TRQHCRN128F425E7FC,John Denver - The Chosen Ones,0.25087724381541454,TRAGGSB128F932E323,The Derek Trucks Band - Sweet Inspiration,0.31841435012220815,TRLLIJZ128E0782FC2,Kings Of Convenience - Singing Softly To Me,0.3076033083888296,TRQHCRN128F425E7FC,John Denver - The Chosen Ones,0.29871695234832357
TRBQFLA128F423F329,SODUTPQ12A6D4FE737,ARBJ22B1187B9AD31C,Norah Jones,Wish I Could (Live),jazz,TRFUJVJ128F426F2A2,Lauryn Hill - Interlude 5,3054.0,TRDPGXU128F9339C2A,Beastie Boys - B-Boy Bouillabaisse: A.W.O.L. (2009 Digital Remaster),2646.0,TRWSYHO128F4282346,Twista - I'm A Winner (Amended Album Version),2505.0,TRFUJVJ128F426F2A2,Lauryn Hill - Interlude 5,2774.3200000000015,TRDPGXU128F9339C2A,Beastie Boys - B-Boy Bouillabaisse: A.W.O.L. (2009 Digital Remaster),2412.1100000000006,TRWSYHO128F4282346,Twista - I'm A Winner (Amended Album Version),2322.2200000000003,TRTPMBB128F42934F8,Sage Francis - Keep Moving,0.7117156288452984,TRRQUHL128F4259E45,Berlin - Masquerade,0.7107357271370891,TRCHTBA128F92EAC62,illScarlett - Clearer Now,0.710051152873917,TRTPMBB128F42934F8,Sage Francis - Keep Moving,0.7263399641309348,TRCHTBA128F92EAC62,illScarlett - Clearer Now,0.723416799878318,TRRQUHL128F4259E45,Berlin - Masquerade,0.7202896112367141,TRDPGXU128F9339C2A,Beastie Boys - B-Boy Bouillabaisse: A.W.O.L. (2009 Digital Remaster),191.61927899577356,TRCHZXW128E079288A,Eminem - 8 Mile,179.73888872052436,TRFUJVJ128F426F2A2,Lauryn Hill - Interlude 5,176.54033853608672,TRBDCAH128EF362D31,The Pharcyde - Passin' Me By,119.93500638379751,TREZLSG128F9322A53,Amy MacDonald - Mr Rock & Roll,106.1523096907101,TRBERRB128F932D534,Dar Williams - Mortal City,99.2446676532622,TRFPMSD128F427AB6B,Room Eleven - Swimmer,0.30292418027990275,TREZLSG128F9322A53,Amy MacDonald - Mr Rock & Roll,0.29803977012832455,TRBDCAH128EF362D31,The Pharcyde - Passin' Me By,0.2846496772030673,TRBDCAH128EF362D31,The Pharcyde - Passin' Me By,0.3541483412183479,TREZLSG128F9322A53,Amy MacDonald - Mr Rock & Roll,0.3478641321266729,TRFPMSD128F427AB6B,Room Eleven - Swimmer,0.34241079581772227
TRCLZPO128F427CD3A,SOMMQAC12CF5F86E67,ARBJ22B1187B9AD31C,Norah Jones,My Dear Country,jazz,TRFUJVJ128F426F2A2,Lauryn Hill - Interlude 5,4157.0,TRDPGXU128F9339C2A,Beastie Boys - B-Boy Bouillabaisse: A.W.O.L. (2009 Digital Remaster),3183.0,TRBEBJO128C719646B,Nelly - Splurge,2584.0,TRFUJVJ128F426F2A2,Lauryn Hill - Interlude 5,3822.119999999999,TRDPGXU128F9339C2A,Beastie Boys - B-Boy Bouillabaisse: A.W.O.L. (2009 Digital Remaster),2902.9474999999998,TRBEBJO128C719646B,Nelly - Splurge,2417.242500000001,TRDPGXU128F9339C2A,Beastie Boys - B-Boy Bouillabaisse: A.W.O.L. (2009 Digital Remaster),0.7115055402547676,TRZPHVT128F4298109,The Cat Empire - The Car Song,0.7065540554632513,TREBQOW128F92C4549,Common - Book Of Life,0.7011070232074357,TRDPGXU128F9339C2A,Beastie Boys - B-Boy Bouillabaisse: A.W.O.L. (2009 Digital Remaster),0.7287728118461179,TRZPHVT128F4298109,The Cat Empire - The Car Song,0.7211970909550356,TRJIUQV128F92C654D,Ice Cube - Dead Homiez,0.7181582639713501,TRFUJVJ128F426F2A2,Lauryn Hill - Interlude 5,246.81449631597022,TRDPGXU128F9339C2A,Beastie Boys - B-Boy Bouillabaisse: A.W.O.L. (2009 Digital Remaster),206.5146714544384,TRDGICW128F42963E2,Recoil - Curse,172.64171194832656,TRFUJVJ128F426F2A2,Lauryn Hill - Interlude 5,118.5397928993287,TRPZYYZ128F4229F12,Buck-O-Nine - Silence,107.14829424525908,TRDGICW128F42963E2,Recoil - Curse,93.86977763945043,TRVDYZC128F4268761,Billie Holiday - Guilty,0.3370657109376071,TRPZYYZ128F4229F12,Buck-O-Nine - Silence,0.2776011513159754,TRTUJGV128EF3409B2,Low - Dragonfly (Album),0.2665303342842365,TRVDYZC128F4268761,Billie Holiday - Guilty,0.3696852347935627,TRPZYYZ128F4229F12,Buck-O-Nine - Silence,0.33642448464243563,TRHCZNN12903CB1FFB,Ella Fitzgerald - Let's Kiss and Make Up,0.3112490197769912
TRWAPCT128F1494611,SONBELN12AB0184D8F,ARIFGKC1187B9B04D5,Dean Martin,I Love The Way You Say Goodnight,jazz,TRFUJVJ128F426F2A2,Lauryn Hill - Interlude 5,5872.0,TRWSYHO128F4282346,Twista - I'm A Winner (Amended Album Version),5743.0,TREBGAA128E078FC52,Erykah Badu - I Want You,5142.0,TRWSYHO128F4282346,Twista - I'm A Winner (Amended Album Version),5482.057500000001,TRFUJVJ128F426F2A2,Lauryn Hill - Interlude 5,5472.720000000003,TREBGAA128E078FC52,Erykah Badu - I Want You,4995.253749999996,TRQMZTE128F42B5074,OutKast - The Way You Move,0.7743663708786946,TRGPUVY128F9313AD9,Doyle Bramhall - Dimples,0.7166167545055693,TRFGQTH128F1453D85,Marilyn Manson - Para-noir,0.7100931428050951,TRQMZTE128F42B5074,OutKast - The Way You Move,0.7803755978073242,TRGPUVY128F9313AD9,Doyle Bramhall - Dimples,0.7214033419938675,TRFGQTH128F1453D85,Marilyn Manson - Para-noir,0.7143962708611991,TRFUJVJ128F426F2A2,Lauryn Hill - Interlude 5,193.38687228843764,TRDPGXU128F9339C2A,Beastie Boys - B-Boy Bouillabaisse: A.W.O.L. (2009 Digital Remaster),189.85361489939115,TRLVRJP128F93519FB,Atmosphere - Hair,161.79529804817003,TRQAWKR128F425EEC3,Michael Jackson - Man In The Mirror,99.98955846028038,TRLVRJP128F93519FB,Atmosphere - Hair,96.4126306853844,TRFUJVJ128F426F2A2,Lauryn Hill - Interlude 5,85.31675466345476,TRONKCV128F92FA005,Ella Fitzgerald - It's a Pity to Say Goodnight,0.31315778521945803,TRUWRTA128F92CEACE,Steely Dan - Cousin Dupree,0.2643768793385398,TROZSRO128F1456A12,Brenda Lee - It's Never Too Late,0.25904592320331876,TRONKCV128F92FA005,Ella Fitzgerald - It's a Pity to Say Goodnight,0.3422549526618197,TRUWRTA128F92CEACE,Steely Dan - Cousin Dupree,0.32001699058923905,TROZSRO128F1456A12,Brenda Lee - It's Never Too Late,0.2968739863170213
TRNBZVW128F92EE688,SOANWBV12AB0184B24,ARIFGKC1187B9B04D5,Dean Martin,White Christmas,jazz,TRDPGXU128F9339C2A,Beastie Boys - B-Boy Bouillabaisse: A.W.O.L. (2009 Digital Remaster),1466.0,TRCHZXW128E079288A,Eminem - 8 Mile,1291.0,TRWSYHO128F4282346,Twista - I'm A Winner (Amended Album Version),1271.0,TRDPGXU128F9339C2A,Beastie Boys - B-Boy Bouillabaisse: A.W.O.L. (2009 Digital Remaster),1270.5787500000008,TRCHZXW128E079288A,Eminem - 8 Mile,1143.5212499999996,TRWSYHO128F4282346,Twista - I'm A Winner (Amended Album Version),1118.2825,TRVYERM128F93137C1,Jamie Scott & The Town - When Will I See Your Face Again,0.5305304833555612,TRDDTJP128F42437DA,Mississippi Fred McDowell - When I Lay My Burden Down,0.5209252966392633,TRIZEFA128F148582F,Darkel - At The End Of The Sky,0.5134859791978892,TRVYERM128F93137C1,Jamie Scott & The Town - When Will I See Your Face Again,0.5511063866647862,TRIZEFA128F148582F,Darkel - At The End Of The Sky,0.5370846194594372,TRDDTJP128F42437DA,Mississippi Fred McDowell - When I Lay My Burden Down,0.528870346493555,TRSABJR128F429C84B,Tryo - Yakamonéyé,393.32651410806966,TRRHCLC128F427D727,Fonky Family - Sans Rémission,385.856464269451,TRIAELA128F149EEE6,Sniper - Panam All Star,371.5723573643205,TRSABJR128F429C84B,Tryo - Yakamonéyé,338.1725897270166,TRRHCLC128F427D727,Fonky Family - Sans Rémission,329.47745719371187,TRMLZFP128F932290C,Fonky Family - L'Amour Du Risque,312.60282331653565,TRGAKVA128F145FFC0,Keren Ann - Sur Le Fil,0.5104279133400985,TRQFLBS128F933B566,Nolwenn Leroy - Le Rêve Des Filles,0.4557673172788811,TRDGOCB128F933B3C2,Olivia Ruiz - Thérapie De Groupe,0.4432748850680466,TRGAKVA128F145FFC0,Keren Ann - Sur Le Fil,0.5266704615144867,TRQFLBS128F933B566,Nolwenn Leroy - Le Rêve Des Filles,0.48001168510292447,TRDGOCB128F933B3C2,Olivia Ruiz - Thérapie De Groupe,0.46416970778075
TRHZOEX128F93588AB,SOEXXLQ12A58A7A0CD,ARIFGKC1187B9B04D5,Dean Martin,Memories Are Made Of This,jazz,TRTLIKK128E07862DA,Ja Rule - One of Us,1301.0,TRFUJVJ128F426F2A2,Lauryn Hill - Interlude 5,1254.0,TRLINLH128F9346400,Black Eyed Peas - One Tribe,1110.0,TRTLIKK128E07862DA,Ja Rule - One of Us,1196.4250000000002,TRFUJVJ128F426F2A2,Lauryn Hill - Interlude 5,1081.0400000000004,TRLINLH128F9346400,Black Eyed Peas - One Tribe,1042.7899999999997,TRGVQSU128F4260009,Dolly Parton - Highlight Of My Life,0.5289641868383017,TRDJIWI128F426498B,Kenny Loggins - Conviction Of The Heart,0.5134151418280439,TRXCHEC128F42958D4,Amici Forever - Requiem for a Soldier (Band of Brothers),0.5072810957841246,TRGVQSU128F4260009,Dolly Parton - Highlight Of My Life,0.54007117964669,TRDJIWI128F426498B,Kenny Loggins - Conviction Of The Heart,0.5344556251986885,TRXCHEC128F42958D4,Amici Forever - Requiem for a Soldier (Band of Brothers),0.526420330777086,TRDPGXU128F9339C2A,Beastie Boys - B-Boy Bouillabaisse: A.W.O.L. (2009 Digital Remaster),131.7131543774416,TRAVDBM128EF35E257,Ella Fitzgerald - Manhattan,112.81487606238113,TRFUJVJ128F426F2A2,Lauryn Hill - Interlude 5,112.15892619672277,TRYPZQG128E07999D6,Ms. Dynamite - Back Then,91.58405714169795,TRAVDBM128EF35E257,Ella Fitzgerald - Manhattan,83.20559903107262,TREXDDS128F4277776,Mayday Parade - One Man Drinking Games,68.78400547426676,TRYPZQG128E07999D6,Ms. Dynamite - Back Then,0.295505427334972,TRIGZIY128F42348C1,Motion City Soundtrack - Fell in Love Without You (Cd),0.2749075259139338,TROASXG128F932E1CE,Cassandra Wilson - I Can't Stand the Rain,0.25699666014772327,TRYPZQG128E07999D6,Ms. Dynamite - Back Then,0.33569434830930023,TRIGZIY128F42348C1,Motion City Soundtrack - Fell in Love Without You (Cd),0.30615134610983813,TROASXG128F932E1CE,Cassandra Wilson - I Can't Stand the Rain,0.2883951067603859
TREOPOB128F427CD42,SOBWFAI12D021B3991,ARBJ22B1187B9AD31C,Norah Jones,Little Room,jazz,TRFUJVJ128F426F2A2,Lauryn Hill - Interlude 5,2258.0,TRDPGXU128F9339C2A,Beastie Boys - B-Boy Bouillabaisse: A.W.O.L. (2009 Digital Remaster),1667.0,TRFLWJZ128F425C9E4,The Pharcyde - Otha Fish,1444.0,TRFUJVJ128F426F2A2,Lauryn Hill - Interlude 5,2004.0799999999997,TRDPGXU128F9339C2A,Beastie Boys - B-Boy Bouillabaisse: A.W.O.L. (2009 Digital Remaster),1454.6525000000006,TRFLWJZ128F425C9E4,The Pharcyde - Otha Fish,1312.0374999999997,TRXWSOU128F42662B0,Above The Law - Flow On (Move Me No Mountain),0.6016500807007985,TRYEMLL128F42796B1,David Houston - My Elusive Dreams,0.5995306711101409,TRJIBBZ128F425149A,Dead Kennedys - Kinky Sex Makes the World Go 'Round,0.5988710560468418,TRXWSOU128F42662B0,Above The Law - Flow On (Move Me No Mountain),0.6294858390015771,TRJIBBZ128F425149A,Dead Kennedys - Kinky Sex Makes the World Go 'Round,0.6264482454202317,TRYEMLL128F42796B1,David Houston - My Elusive Dreams,0.6198494574872324,TRFUJVJ128F426F2A2,Lauryn Hill - Interlude 5,215.98852038262933,TRDPGXU128F9339C2A,Beastie Boys - B-Boy Bouillabaisse: A.W.O.L. (2009 Digital Remaster),172.88377437962927,TRBERRB128F932D534,Dar Williams - Mortal City,154.55402659078177,TRFUJVJ128F426F2A2,Lauryn Hill - Interlude 5,104.0173823772736,TRFPJDH128F93480A3,Lucinda Williams - Disgusted,94.00543277925232,TRBERRB128F932D534,Dar Williams - Mortal City,92.27958981377995,TRFPJDH128F93480A3,Lucinda Williams - Disgusted,0.26423368995395813,TRAUQNG128F429B062,Gatsbys American Dream - The Hunter,0.25173656512913717,TREDVYB128F4258236,Chumbawamba - New York Mining Disaster 1941,0.24534645215647652,TRFPJDH128F93480A3,Lucinda Williams - Disgusted,0.31023028060075586,TRAUQNG128F429B062,Gatsbys American Dream - The Hunter,0.2942601610088887,TRGJSOU128F4271EF3,Mission Of Burma - Academy Fight Song,0.2871102010404737
TRELLQK128F147AD94,SOPTTXR12A58A782BB,ARO7DTP1187B9A1D2B,The Puppini Sisters,Bei Mir Bist Du Schön,jazz,TRFUJVJ128F426F2A2,Lauryn Hill - Interlude 5,4951.0,TRWSYHO128F4282346,Twista - I'm A Winner (Amended Album Version),3945.0,TRGLNKG128F9307689,Eminem - My Darling,3365.0,TRFUJVJ128F426F2A2,Lauryn Hill - Interlude 5,4619.8,TRWSYHO128F4282346,Twista - I'm A Winner (Amended Album Version),3728.55,TRGLNKG128F9307689,Eminem - My Darling,3162.2750000000005,TRWLKBS12903CC57D7,Good Old War - Tell Me (Acoustic),0.7321694762737733,TRMVVDP128E0787806,Josh Groban - When You Say You Love Me (Album Version),0.723617051276,TRONQKR12903CA1A0B,RyanDan - Like The Sun,0.7227309073597707,TRWLKBS12903CC57D7,Good Old War - Tell Me (Acoustic),0.7428970589282737,TRMVVDP128E0787806,Josh Groban - When You Say You Love Me (Album Version),0.7337352353811268,TRONQKR12903CA1A0B,RyanDan - Like The Sun,0.7309337625427584,TRFUJVJ128F426F2A2,Lauryn Hill - Interlude 5,222.51776441768874,TREOXDU12903CD0E5E,Sido - Mein Testament,200.389155489715,TRWHPVV128F149D0F0,Die Kassierer - Du hast geguckt,195.46602170540726,TRWHPVV128F149D0F0,Die Kassierer - Du hast geguckt,173.67276273355088,TRKFCPW128F149FABF,Planlos - Es geht mir gut,168.51198441342885,TRGNWDX128F9309449,Ich + Ich - Trösten,161.2390515603561,TRIRGHL128F92C44F1,Kent - Elefanter,0.3502123820604114,TRWDTRZ12903CB01D2,Sondaschule - Lieber einen paffen,0.29897728832522347,TRKFCPW128F149FABF,Planlos - Es geht mir gut,0.29532094881563653,TRIRGHL128F92C44F1,Kent - Elefanter,0.35310558699115824,TRWDTRZ12903CB01D2,Sondaschule - Lieber einen paffen,0.32060135787154764,TRKFCPW128F149FABF,Planlos - Es geht mir gut,0.31746538088242326
TRMOHUN128F424DEE6,SOCIAUG12A8C130F7F,ARO7DTP1187B9A1D2B,The Puppini Sisters,Don't Sit Under The Apple Tree,jazz,TRUGLTC128F4227B93,Danity Kane - Hold Me Down (Album Version),2902.0,TRFUJVJ128F426F2A2,Lauryn Hill - Interlude 5,2801.0,TRBEBJO128C719646B,Nelly - Splurge,2711.0,TRUGLTC128F4227B93,Danity Kane - Hold Me Down (Album Version),2715.302499999999,TRBEBJO128C719646B,Nelly - Splurge,2510.34125,TRFUJVJ128F426F2A2,Lauryn Hill - Interlude 5,2398.0399999999995,TRDIOJU128F931BF15,Jackson 5 - (You Were Made) Especially For Me,0.5731968342305566,TRIIMSD128F14739FD,Confederate Railroad - I Don't Want To Hang Out With Me (LP Version),0.5225871791334021,TRYZACI128F4298560,Republica - Don't You Ever,0.5109093149837672,TRDIOJU128F931BF15,Jackson 5 - (You Were Made) Especially For Me,0.5850156522938843,TRIIMSD128F14739FD,Confederate Railroad - I Don't Want To Hang Out With Me (LP Version),0.5386758590549793,TRYZACI128F4298560,Republica - Don't You Ever,0.5241248337542679,TRDIOJU128F931BF15,Jackson 5 - (You Were Made) Especially For Me,201.39091191071603,TRRZXBK128F1458418,Julia Fordham - Where Does The Time Go?,175.20627337076124,TREMJCL128F1484AB4,Irma Thomas - Anyone Who Knows What Love Is (Will Understand),159.75715016531444,TRDIOJU128F931BF15,Jackson 5 - (You Were Made) Especially For Me,185.43212234708875,TRRZXBK128F1458418,Julia Fordham - Where Does The Time Go?,149.3245155084594,TREMJCL128F1484AB4,Irma Thomas - Anyone Who Knows What Love Is (Will Understand),146.0992523809743,TRDIOJU128F931BF15,Jackson 5 - (You Were Made) Especially For Me,0.4009683534119337,TREMJCL128F1484AB4,Irma Thomas - Anyone Who Knows What Love Is (Will Understand),0.3677570260987257,TRLZUOM128F42854C5,Nina Simone - In Love In Vain,0.29105419375339453,TRDIOJU128F931BF15,Jackson 5 - (You Were Made) Especially For Me,0.4209489384911443,TREMJCL128F1484AB4,Irma Thomas - Anyone Who Knows What Love Is (Will Understand),0.3887684890659625,TRLZUOM128F42854C5,Nina Simone - In Love In Vain,0.31645342151105915
TRSPEPD128F147AD9A,SOCFSHN12A6D4F73B2,ARO7DTP1187B9A1D2B,The Puppini Sisters,Falling In Love Again,jazz,TRFUJVJ128F426F2A2,Lauryn Hill - Interlude 5,5940.0,TRWSYHO128F4282346,Twista - I'm A Winner (Amended Album Version),5442.0,TRDPGXU128F9339C2A,Beastie Boys - B-Boy Bouillabaisse: A.W.O.L. (2009 Digital Remaster),5336.0,TRFUJVJ128F426F2A2,Lauryn Hill - Interlude 5,5387.999999999999,TRWSYHO128F4282346,Twista - I'm A Winner (Amended Album Version),5081.250000000004,TRDPGXU128F9339C2A,Beastie Boys - B-Boy Bouillabaisse: A.W.O.L. (2009 Digital Remaster),4874.375000000003,TRLNQSB128F933844C,Danni Carlos - Falling In Love Again,0.9470702331417169,TRARHIC128F424B27B,Marilyn Monroe - When I Fall In Love,0.7184179703506538,TRJIONO128F1452C88,Bananarama - Lovebite,0.6972895526286842,TRLNQSB128F933844C,Danni Carlos - Falling In Love Again,0.9492431078620265,TRARHIC128F424B27B,Marilyn Monroe - When I Fall In Love,0.7272569055470027,TRJIONO128F1452C88,Bananarama - Lovebite,0.710505587422134,TRLNQSB128F933844C,Danni Carlos - Falling In Love Again,336.28869647694097,TRDPGXU128F9339C2A,Beastie Boys - B-Boy Bouillabaisse: A.W.O.L. (2009 Digital Remaster),205.08739534103663,TRFUJVJ128F426F2A2,Lauryn Hill - Interlude 5,200.75550217832293,TRLNQSB128F933844C,Danni Carlos - Falling In Love Again,309.8496122495947,TREADOS128E078EC1F,Eminem - If I Had,132.88514874479702,TRGBXNB128F428CC3B,Lisa Stansfield - Never Gonna Fall,129.19089318751512,TRLNQSB128F933844C,Danni Carlos - Falling In Love Again,0.9012429144252427,TRPNIKB12903CE690B,Skip James - I'm So Glad,0.33749909278868295,TRGBXNB128F428CC3B,Lisa Stansfield - Never Gonna Fall,0.3248373440209329,TRLNQSB128F933844C,Danni Carlos - Falling In Love Again,0.9081565629861235,TRGBXNB128F428CC3B,Lisa Stansfield - Never Gonna Fall,0.36378618087919806,TRXGRBD128F4261C72,Ella Fitzgerald - Taking A Chance On Love,0.3612235599543885
TRAQUUU128F147A689,SOEYNMS12A6D4F7BC8,ARO7DTP1187B9A1D2B,The Puppini Sisters,Heebie Jeebies,jazz,TRFUJVJ128F426F2A2,Lauryn Hill - Interlude 5,4460.0,TRDPGXU128F9339C2A,Beastie Boys - B-Boy Bouillabaisse: A.W.O.L. (2009 Digital Remaster),4131.0,TROIJDA128F9341E70,R. Kelly - I Mean (I Don't Mean It),3401.0,TRFUJVJ128F426F2A2,Lauryn Hill - Interlude 5,3996.320000000001,TRDPGXU128F9339C2A,Beastie Boys - B-Boy Bouillabaisse: A.W.O.L. (2009 Digital Remaster),3743.235000000001,TREBGAA128E078FC52,Erykah Badu - I Want You,3227.584999999999,TRPNPXS128F424F339,Martin Sexton - In the Journey,0.6104990450017963,TRAYKJD128F932E569,Linda Ronstadt - Lovesick Blues,0.5968034687099694,TRAFLMU128F4274A4D,G-Unit - I Don't Want To Talk About It,0.5903405507935012,TRPNPXS128F424F339,Martin Sexton - In the Journey,0.6276703600726269,TRAYKJD128F932E569,Linda Ronstadt - Lovesick Blues,0.6120088147723041,TRAFLMU128F4274A4D,G-Unit - I Don't Want To Talk About It,0.607916504603817,TRFUJVJ128F426F2A2,Lauryn Hill - Interlude 5,228.31889178298928,TRHGZOJ128F14A2ED0,The Simpsons - Do The Bartman,210.44765214675024,TRYHHPK128F42A4CAF,Murs - The Dance,208.84595827326345,TRALNTK12903CF4AF6,Eddie Rabbitt - I Wanna Dance With You,165.63359393761885,TRHGZOJ128F14A2ED0,The Simpsons - Do The Bartman,137.30774433766908,TREMIDG128F92E5580,Billy Paul - Your Song,133.34241873621585,TRSFDTK12903CC189F,Stacey Kent - Shall We Dance,0.35880112371675926,TRALNTK12903CF4AF6,Eddie Rabbitt - I Wanna Dance With You,0.35557023000276206,TRKNLOA128F4272646,Telepopmusik - Dance Me,0.3532927968277251,TRALNTK12903CF4AF6,Eddie Rabbitt - I Wanna Dance With You,0.39507451894654105,TRSFDTK12903CC189F,Stacey Kent - Shall We Dance,0.3881135574947867,TRKNLOA128F4272646,Telepopmusik - Dance Me,0.3586338059456363
TREIANS128F147AD97,SOLJYMK12A6D4F73B0,ARO7DTP1187B9A1D2B,The Puppini Sisters,I Will Survive,jazz,TRFUJVJ128F426F2A2,Lauryn Hill - Interlude 5,9817.0,TRDPGXU128F9339C2A,Beastie Boys - B-Boy Bouillabaisse: A.W.O.L. (2009 Digital Remaster),8300.0,TRWSYHO128F4282346,Twista - I'm A Winner (Amended Album Version),7863.0,TRFUJVJ128F426F2A2,Lauryn Hill - Interlude 5,9066.28,TRDPGXU128F9339C2A,Beastie Boys - B-Boy Bouillabaisse: A.W.O.L. (2009 Digital Remaster),7672.19,TRWSYHO128F4282346,Twista - I'm A Winner (Amended Album Version),7372.380000000001,TRDPNYI12903D0517A,Alexandra Burke - Overcome,0.8340307808301429,TRKLJAG128F42B31CF,Mario Vazquez - Everytime I...,0.8314025448720263,TRCTLQY128F92F1539,Next - I Still Love You,0.8165544081743613,TRDPNYI12903D0517A,Alexandra Burke - Overcome,0.8400588906766766,TRKLJAG128F42B31CF,Mario Vazquez - Everytime I...,0.8329673339203951,TRCTLQY128F92F1539,Next - I Still Love You,0.822059213363587,TRFUJVJ128F426F2A2,Lauryn Hill - Interlude 5,402.80114129664156,TRDPGXU128F9339C2A,Beastie Boys - B-Boy Bouillabaisse: A.W.O.L. (2009 Digital Remaster),351.5228531346514,TRIFVKW128F145C141,Gang Starr - The Illest Brother,270.64981066403607,TRFUJVJ128F426F2A2,Lauryn Hill - Interlude 5,177.55681244907618,TRIFVKW128F145C141,Gang Starr - The Illest Brother,146.2275313473927,TRDPNYI12903D0517A,Alexandra Burke - Overcome,132.27936190847498,TRFXHZR128F92F6BFF,Emanon - She Thinks,0.2825376449051446,TRTPFAP128F92FE92B,Rhonda Vincent - Forever Ain't That Long Anymore,0.27592347882627305,TRWLKVE128F92D5BCC,Lesley Gore - I Won't Love You Anymore (Sorry),0.26543396984229894,TRFXHZR128F92F6BFF,Emanon - She Thinks,0.35371509841981047,TRTPFAP128F92FE92B,Rhonda Vincent - Forever Ain't That Long Anymore,0.33757801627173584,TRIFVKW128F145C141,Gang Starr - The Illest Brother,0.3333287001957277
TRPWTNZ128F147AD9F,SOOTOZG12A6D4F73B5,ARO7DTP1187B9A1D2B,The Puppini Sisters,In The Mood,jazz,TRFUJVJ128F426F2A2,Lauryn Hill - Interlude 5,4859.0,TRDPGXU128F9339C2A,Beastie Boys - B-Boy Bouillabaisse: A.W.O.L. (2009 Digital Remaster),4484.0,TRWSYHO128F4282346,Twista - I'm A Winner (Amended Album Version),3974.0,TRFUJVJ128F426F2A2,Lauryn Hill - Interlude 5,4364.04,TRDPGXU128F9339C2A,Beastie Boys - B-Boy Bouillabaisse: A.W.O.L. (2009 Digital Remaster),4070.0762499999987,TRWSYHO128F4282346,Twista - I'm A Winner (Amended Album Version),3650.5275,TRQSIZR128EF362D3A,The Pharcyde - Pack The Pipe,0.7134905705740109,TRTPMBB128F42934F8,Sage Francis - Keep Moving,0.708799279981173,TRMBNRH12903D02C23,Johnny Cash - I Was There When It Happened,0.7025948755573161,TRQSIZR128EF362D3A,The Pharcyde - Pack The Pipe,0.7295200646140947,TRTPMBB128F42934F8,Sage Francis - Keep Moving,0.7242958708268249,TRMBNRH12903D02C23,Johnny Cash - I Was There When It Happened,0.7147628554624083,TRFUJVJ128F426F2A2,Lauryn Hill - Interlude 5,267.43634462094934,TRDPGXU128F9339C2A,Beastie Boys - B-Boy Bouillabaisse: A.W.O.L. (2009 Digital Remaster),226.37092833747036,TRMZUWA12903C9AF06,Biz Markie - Vapors,206.15217742575595,TRVLIZK128F428845E,Five - That's What You Told Me,135.25669038854895,TRNWQYN128F4284F1D,TLC - Shock Dat Monkey,135.21139240183666,TRYJEQX128F4287555,Booty Luv - Don't Mess With My Man (Extended),123.6921419280793,TRUSTCJ128F4259305,Joy Electric - The Cobbler,0.2779163717094969,TRTPLZP128F426AC13,Bill Withers - Who Is He? (And What Is He To You?),0.2682750665981944,TRCTHSQ12903CA82D3,Kathy Troccoli - I Call Him Love,0.2517181727617768,TRUSTCJ128F4259305,Joy Electric - The Cobbler,0.31602390132826463,TRTPLZP128F426AC13,Bill Withers - Who Is He? (And What Is He To You?),0.3124110286490903,TRNEUEW128F9330D05,Porter Wagoner - Skid row Joe,0.3053326303488864
TRNDNKN12903CC8A4C,SOQIBZY12AB018A208,ARIFGKC1187B9B04D5,Dean Martin,Kiss,jazz,TRFUJVJ128F426F2A2,Lauryn Hill - Interlude 5,7297.0,TRWSYHO128F4282346,Twista - I'm A Winner (Amended Album Version),6537.0,TRDPGXU128F9339C2A,Beastie Boys - B-Boy Bouillabaisse: A.W.O.L. (2009 Digital Remaster),5055.0,TRFUJVJ128F426F2A2,Lauryn Hill - Interlude 5,6643.799999999999,TRWSYHO128F4282346,Twista - I'm A Winner (Amended Album Version),6110.112499999999,TREBGAA128E078FC52,Erykah Badu - I Want You,4677.9312500000015,TRZBVZA128F429C955,The Handful - Memorial Day,0.6346792930812651,TRFFMKD128F42303A4,Hieroglyphics - You Never Knew,0.634321090064882,TRQPVSP128F92E6DCC,Boyz II Men - 4 Seasons Of Loneliness,0.6301752570827538,TRFFMKD128F42303A4,Hieroglyphics - You Never Knew,0.6545102826679078,TRZBVZA128F429C955,The Handful - Memorial Day,0.6542646757730994,TRQPVSP128F92E6DCC,Boyz II Men - 4 Seasons Of Loneliness,0.6486180987691934,TRFUJVJ128F426F2A2,Lauryn Hill - Interlude 5,371.7624839974713,TRGHYGG12903CAC100,R. Kelly - Kickin' It With Your Girlfriend,281.07472377394765,TRDPGXU128F9339C2A,Beastie Boys - B-Boy Bouillabaisse: A.W.O.L. (2009 Digital Remaster),264.7038836389468,TRGHYGG12903CAC100,R. Kelly - Kickin' It With Your Girlfriend,205.9731278959651,TRFUJVJ128F426F2A2,Lauryn Hill - Interlude 5,180.0911518020188,TRVCBFB128F42832A4,Aretha Franklin - Jim,161.6149071244659,TRFRWCW128F9316687,Paul Potts - La Prima Volta (First Time Ever I Saw Your Face),0.33060463693782705,TRGHYGG12903CAC100,R. Kelly - Kickin' It With Your Girlfriend,0.2937074690888701,TRIGERV128F1478764,Con Funk Shun - Electric Lady,0.2801166532580081,TRFRWCW128F9316687,Paul Potts - La Prima Volta (First Time Ever I Saw Your Face),0.3714665292725678,TRGHYGG12903CAC100,R. Kelly - Kickin' It With Your Girlfriend,0.3615699065059029,TRIGERV128F1478764,Con Funk Shun - Electric Lady,0.3545377440867611
TRJALGV12903D0447E,SOOCHTW12AC468DF40,ARIFGKC1187B9B04D5,Dean Martin,Let Me Go Lover,jazz,TRUGLTC128F4227B93,Danity Kane - Hold Me Down (Album Version),3082.0,TRVLIZK128F428845E,Five - That's What You Told Me,3028.0,TRFUJVJ128F426F2A2,Lauryn Hill - Interlude 5,2730.0,TRUGLTC128F4227B93,Danity Kane - Hold Me Down (Album Version),2978.8474999999994,TRVLIZK128F428845E,Five - That's What You Told Me,2942.694999999999,TRFUJVJ128F426F2A2,Lauryn Hill - Interlude 5,2507.360000000001,TRSUMJS12903CA98EE,Jessica Mauboy - Let Me Be Me,0.7092907173481331,TRKZRCW128F4233621,Diana Krall - Peel Me A Grape,0.6742289584287318,TRXKSAZ12903CAFB8E,Jill Scott - He Loves Me (Lyzel In E Flat),0.668657862628052,TRSUMJS12903CA98EE,Jessica Mauboy - Let Me Be Me,0.7153791078828564,TRKZRCW128F4233621,Diana Krall - Peel Me A Grape,0.6791598801046382,TRXKSAZ12903CAFB8E,Jill Scott - He Loves Me (Lyzel In E Flat),0.6737487430261436,TRFUJVJ128F426F2A2,Lauryn Hill - Interlude 5,109.10501663112954,TRDPGXU128F9339C2A,Beastie Boys - B-Boy Bouillabaisse: A.W.O.L. (2009 Digital Remaster),106.67863873036687,TRKWRJT128F42BC234,Jessica Simpson - The Lover In Me,97.49003160073471,TRKWRJT128F42BC234,Jessica Simpson - The Lover In Me,84.2274248376181,TRZFNKJ128F428D877,Spinners - Cupid/I've Loved You For A Long Time (Remastered Single Version),81.70395352450748,TRUAZZD128F932A9EB,Cinderella Effect - Clone Your Lover,78.64090084388631,TRUAZZD128F932A9EB,Cinderella Effect - Clone Your Lover,0.3866530959214918,TRZUYPV12903CBA482,Mercury Rev - The Climbing Rose,0.345764182128314,TRNVHDM128F4257502,Gregory Isaac - My Only Lover,0.3399099734630211,TRUAZZD128F932A9EB,Cinderella Effect - Clone Your Lover,0.40491815667172065,TRZUYPV12903CBA482,Mercury Rev - The Climbing Rose,0.3675011454424129,TRNVHDM128F4257502,Gregory Isaac - My Only Lover,0.3629435727482472
TRPQFJA128F145AC60,SOLLBAY12AF72A5F48,ARIFGKC1187B9B04D5,Dean Martin,On An Evening In Roma (Sott'er Celo De Roma),jazz,TRFUJVJ128F426F2A2,Lauryn Hill - Interlude 5,1799.0,TRDPGXU128F9339C2A,Beastie Boys - B-Boy Bouillabaisse: A.W.O.L. (2009 Digital Remaster),1739.0,TRFLWJZ128F425C9E4,The Pharcyde - Otha Fish,1620.0,TRFUJVJ128F426F2A2,Lauryn Hill - Interlude 5,1546.92,TRDPGXU128F9339C2A,Beastie Boys - B-Boy Bouillabaisse: A.W.O.L. (2009 Digital Remaster),1528.1912499999994,TRFLWJZ128F425C9E4,The Pharcyde - Otha Fish,1488.993750000001,TRCYEZX128F9336C8E,Blind Pilot - Paint or Pollen,0.5587097113554554,TRTAMAU128F4291473,Amici Forever - Vita Mia,0.5140875962138844,TRNFNNE128F14A94F7,Robbie Williams - Never Touch That Switch (Dark Horse Dub Mix),0.49839532530793695,TRCYEZX128F9336C8E,Blind Pilot - Paint or Pollen,0.5792850446739107,TRTAMAU128F4291473,Amici Forever - Vita Mia,0.5339097178395226,TRNFNNE128F14A94F7,Robbie Williams - Never Touch That Switch (Dark Horse Dub Mix),0.5186392549293459,TRRVXQX128F429A0C4,Fabrizio De Andrè - Sinan Capudan Pascià,173.2671674070346,TRKKUWM128F92E4E1C,Gemelli Diversi - Istruzioni Per L'(Ill)uso,170.42372935050435,TREUHLN128F148B499,Andrea Bocelli - E Chiove,165.51420187725904,TRRVXQX128F429A0C4,Fabrizio De Andrè - Sinan Capudan Pascià,146.41066527892846,TRKKUWM128F92E4E1C,Gemelli Diversi - Istruzioni Per L'(Ill)uso,146.40815833023203,TRXFJGZ128F1474655,Vinicio Capossela - L'uomo vivo (inno al gioia),140.59083066189658,TRPBFRW128F42902F1,Alessandro Safina - Canto La Vita,0.4173991482981195,TRWKLLM12903CA67BA,Après La Classe - Libero liberi libera,0.3810125481575686,TRISBOH128E0788AC8,Marlene Kuntz - Una Canzone Arresa,0.37472921520330704,TRPBFRW128F42902F1,Alessandro Safina - Canto La Vita,0.425300067314166,TRWKLLM12903CA67BA,Après La Classe - Libero liberi libera,0.3981447168868386,TRISBOH128E0788AC8,Marlene Kuntz - Una Canzone Arresa,0.39336215525483015
TRHBSKB128E07924CB,SOOEYBB12D021B0EAA,ARDCFNZ1187FB3DDB0,Enrique Iglesias,No Puedo Mas Sin Ti (I'm Your Man),latin,TRTHNFG12903D0CE54,Violadores del Verso - Dale tiempo al rumor,3303.0,TRLRQUX128F932ECC5,Gilberto Santa Rosa - Desde Que No Estas,2942.0,TRWAGNG128F4286598,Tego Calderon - Al Natural (Amended Version),2858.0,TRTHNFG12903D0CE54,Violadores del Verso - Dale tiempo al rumor,3166.7437499999983,TRLRQUX128F932ECC5,Gilberto Santa Rosa - Desde Que No Estas,2878.843750000002,TRWAGNG128F4286598,Tego Calderon - Al Natural (Amended Version),2765.55,TRLRQUX128F932ECC5,Gilberto Santa Rosa - Desde Que No Estas,0.8080024642309567,TRRGVQK128F423B513,Beatriz Luengo - Precisamente Ahora,0.8019008589757479,TRIBWOP128F92E4E17,La 5A Estacion - Algo Mas,0.7741649003149461,TRLRQUX128F932ECC5,Gilberto Santa Rosa - Desde Que No Estas,0.8113457523147225,TRRGVQK128F423B513,Beatriz Luengo - Precisamente Ahora,0.8053881780570903,TRIBWOP128F92E4E17,La 5A Estacion - Algo Mas,0.7780688835356941,TRTHNFG12903D0CE54,Violadores del Verso - Dale tiempo al rumor,653.068705187495,TRIJHLY12903D0CE4D,Violadores del Verso - Cantando,631.9307890801299,TRQEFSL12903CAAC57,Johnny Prez - Entra,584.170423447903,TRTHNFG12903D0CE54,Violadores del Verso - Dale tiempo al rumor,593.7178538333065,TRIJHLY12903D0CE4D,Violadores del Verso - Cantando,574.1078152501609,TRQEFSL12903CAAC57,Johnny Prez - Entra,544.0485737054727,TRBCLJB128F93423D0,Ana Gabriel - Y Aqui Estoy,0.6924078293239198,TRKJMJN128EF34E2FC,Selena - Amame,0.6840645305424472,TRENEPN128F148867B,Intocable - Te Extrano,0.6392266320320732,TRBCLJB128F93423D0,Ana Gabriel - Y Aqui Estoy,0.7017821726387734,TRKJMJN128EF34E2FC,Selena - Amame,0.6947394440573373,TRENEPN128F148867B,Intocable - Te Extrano,0.6516919550156204
TRBSLQC128F9333C5D,SOIOBWT12A8C14075B,AR6PJ8R1187FB5AD70,Shakira,En Tus Pupilas,latin,TRTHNFG12903D0CE54,Violadores del Verso - Dale tiempo al rumor,2333.0,TRIJHLY12903D0CE4D,Violadores del Verso - Cantando,1857.0,TRWQZXS128F92DB731,Victor Manuelle - Lloré Lloré,1581.0,TRTHNFG12903D0CE54,Violadores del Verso - Dale tiempo al rumor,2241.740000000003,TRIJHLY12903D0CE4D,Violadores del Verso - Cantando,1776.5400000000002,TRWQZXS128F92DB731,Victor Manuelle - Lloré Lloré,1533.1199999999994,TRNKQFR128F93425A3,Ricardo Arjona - Amor de Tele,0.7956835901250982,TRHXEXY128F93167E9,Juana Molina - Yo se que,0.7943806874760437,TRZVPJH128F931D774,Love Of Lesbian - El ectoplasta,0.7616778937207452,TRNKQFR128F93425A3,Ricardo Arjona - Amor de Tele,0.7998713666928152,TRHXEXY128F93167E9,Juana Molina - Yo se que,0.798463415818205,TRZVPJH128F931D774,Love Of Lesbian - El ectoplasta,0.768230608501723,TRTHNFG12903D0CE54,Violadores del Verso - Dale tiempo al rumor,559.9514344721199,TRIJHLY12903D0CE4D,Violadores del Verso - Cantando,516.0634078317853,TRDVUEH12903D0FAA9,Violadores del Verso - La ciudad nunca duerme,477.23097846627564,TRTHNFG12903D0CE54,Violadores del Verso - Dale tiempo al rumor,499.76913809405636,TRIJHLY12903D0CE4D,Violadores del Verso - Cantando,457.4303929870768,TRXEKAS128F423B50E,Beatriz Luengo - Pretendo Hablarte,428.967210067046,TRDWJYF12903CB161A,Alejandro Fernandez - Quisiera,0.5647559937441893,TREHRGV128F93071D3,Yanni - Desire,0.5556290997237244,TRBNNFU128F932ECCB,Gilberto Santa Rosa - Te Propongo,0.5475046396925388,TRDWJYF12903CB161A,Alejandro Fernandez - Quisiera,0.580681798931697,TREHRGV128F93071D3,Yanni - Desire,0.5722922006571776,TRASSZL128F428FA5D,Obie Bermudez - Celos,0.5655323509964536
TRGJXTC128F4278ECC,SONTHAL12A8C135908,AR6PJ8R1187FB5AD70,Shakira,Que Me Quedes Tu,latin,TRTHNFG12903D0CE54,Violadores del Verso - Dale tiempo al rumor,2618.0,TRIJHLY12903D0CE4D,Violadores del Verso - Cantando,2117.0,TRWAGNG128F4286598,Tego Calderon - Al Natural (Amended Version),1872.0,TRTHNFG12903D0CE54,Violadores del Verso - Dale tiempo al rumor,2528.6412500000006,TRIJHLY12903D0CE4D,Violadores del Verso - Cantando,2038.2162500000018,TRWAGNG128F4286598,Tego Calderon - Al Natural (Amended Version),1811.3699999999983,TRBGUUF128F9334B97,El Gran Combo De Puerto Rico - No Hay Manera,0.8060476255479428,TRGALDE128F9306AA7,Huey Dunbar - Amor De Siempre,0.791787417693531,TRDXBBP128F1474CFD,Tito El Bambino - Grito Latino,0.790728528946618,TRBGUUF128F9334B97,El Gran Combo De Puerto Rico - No Hay Manera,0.8097341995030434,TRGALDE128F9306AA7,Huey Dunbar - Amor De Siempre,0.7957888817872214,TRDXBBP128F1474CFD,Tito El Bambino - Grito Latino,0.7945766632425001,TRTHNFG12903D0CE54,Violadores del Verso - Dale tiempo al rumor,613.4900258830596,TRIJHLY12903D0CE4D,Violadores del Verso - Cantando,565.0241588028721,TRDVUEH12903D0FAA9,Violadores del Verso - La ciudad nunca duerme,532.9770133940897,TRTHNFG12903D0CE54,Violadores del Verso - Dale tiempo al rumor,565.7011299531842,TRIJHLY12903D0CE4D,Violadores del Verso - Cantando,518.4654993116079,TRDVUEH12903D0FAA9,Violadores del Verso - La ciudad nunca duerme,492.5334118720992,TRNMIBF12903D1125E,Violadores del Verso - No Paseis Por Alto A Los Genios,0.6631125907563187,TREIAZT128F425EEF4,Los Jaivas - Pregon Para Iluminarse,0.6502098027639134,TRFGZHR128F92F3434,Diego Torres - Después De Ti,0.6267547291218839,TRNMIBF12903D1125E,Violadores del Verso - No Paseis Por Alto A Los Genios,0.6754144487201394,TREIAZT128F425EEF4,Los Jaivas - Pregon Para Iluminarse,0.6599215533437214,TRFGZHR128F92F3434,Diego Torres - Después De Ti,0.6387425998598528
TRQEQHH12903CA6CE5,SODBAHE12A8C132D34,AR6PJ8R1187FB5AD70,Shakira,Sombra De Ti,latin,TRTHNFG12903D0CE54,Violadores del Verso - Dale tiempo al rumor,3176.0,TRTJLTW12903CFF1E9,Los Van Van - El Negro Está Cocinando,2689.0,TRWQZXS128F92DB731,Victor Manuelle - Lloré Lloré,2671.0,TRTHNFG12903D0CE54,Violadores del Verso - Dale tiempo al rumor,3053.686250000002,TRTJLTW12903CFF1E9,Los Van Van - El Negro Está Cocinando,2620.2437499999965,TRWQZXS128F92DB731,Victor Manuelle - Lloré Lloré,2606.8274999999985,TRHUGTY128F92F1FCE,La 5A Estacion - Ahora Que Te Vas,0.8040094511710689,TRRGVQK128F423B513,Beatriz Luengo - Precisamente Ahora,0.8013854914793821,TRXICIN12903CD26F1,Juniper Moon - Cosas Que Nunca Te Dije,0.7986021527921391,TRHUGTY128F92F1FCE,La 5A Estacion - Ahora Que Te Vas,0.8069001678014539,TRRGVQK128F423B513,Beatriz Luengo - Precisamente Ahora,0.8048195108405131,TRXICIN12903CD26F1,Juniper Moon - Cosas Que Nunca Te Dije,0.8022013139991617,TRTHNFG12903D0CE54,Violadores del Verso - Dale tiempo al rumor,653.7299967133687,TRMTPJG128F428F66B,Daddy Yankee - Todos Quieren A Raymond,602.4075495353924,TRIJHLY12903D0CE4D,Violadores del Verso - Cantando,585.8106407026463,TRTHNFG12903D0CE54,Violadores del Verso - Dale tiempo al rumor,589.211832722628,TRMTPJG128F428F66B,Daddy Yankee - Todos Quieren A Raymond,541.964200825621,TRIJHLY12903D0CE4D,Violadores del Verso - Cantando,522.9533771104037,TRWHWCD128E0788AF3,Luz Casal - No Te Vayas,0.6814284706922065,TRFASPF128F4277844,Los Van Van - Quien No Ha Dicho Una Mentira,0.6717903022509107,TRMYHXH128F14A232D,Karamelo Santo - Tu Pa Mi,0.6260996681652494,TRWHWCD128E0788AF3,Luz Casal - No Te Vayas,0.6924265393682871,TRFASPF128F4277844,Los Van Van - Quien No Ha Dicho Una Mentira,0.6846491784216401,TRMYHXH128F14A232D,Karamelo Santo - Tu Pa Mi,0.6405520044617257
TRXMTST12903CCD9E1,SOPVLJP12A8C1358F4,AR6PJ8R1187FB5AD70,Shakira,Te Dejo Madrid,latin,TRTHNFG12903D0CE54,Violadores del Verso - Dale tiempo al rumor,1910.0,TRIJHLY12903D0CE4D,Violadores del Verso - Cantando,1524.0,TRSABJR128F429C84B,Tryo - Yakamonéyé,1327.0,TRTHNFG12903D0CE54,Violadores del Verso - Dale tiempo al rumor,1830.7812499999975,TRIJHLY12903D0CE4D,Violadores del Verso - Cantando,1454.1562499999975,TRRHCLC128F427D727,Fonky Family - Sans Rémission,1254.0312499999993,TRIXDIY128F425CDB4,Sanalejo - Mujer Calavera,0.7802429872353546,TRLDVRO128F42941FD,Natalia Oreiro - Basta De Ti,0.7617791144494557,TROIQZW128F9314A09,Ana Gabriel - Miedo,0.753662788741304,TRIXDIY128F425CDB4,Sanalejo - Mujer Calavera,0.7852584688314189,TRLDVRO128F42941FD,Natalia Oreiro - Basta De Ti,0.7665407811673396,TROIQZW128F9314A09,Ana Gabriel - Miedo,0.7589095832130647,TRIJHLY12903D0CE4D,Violadores del Verso - Cantando,557.8329980450914,TRXEKAS128F423B50E,Beatriz Luengo - Pretendo Hablarte,514.9482157226669,TRMTPJG128F428F66B,Daddy Yankee - Todos Quieren A Raymond,488.0113072379495,TRIJHLY12903D0CE4D,Violadores del Verso - Cantando,505.1805678491117,TRXEKAS128F423B50E,Beatriz Luengo - Pretendo Hablarte,481.0161389826119,TRAWUCS128F92FAA8E,Gilberto Santa Rosa - Amor Mio No Te Vayas,440.45158321227166,TRUDLAI128F9317944,Elvis Crespo - Suavemente,0.6629825712352928,TRAWUCS128F92FAA8E,Gilberto Santa Rosa - Amor Mio No Te Vayas,0.6623525617907157,TRAXMWV128F14612AB,Carlos Ponce - Quiero,0.6513864493830888,TRAWUCS128F92FAA8E,Gilberto Santa Rosa - Amor Mio No Te Vayas,0.6752684264573232,TRUDLAI128F9317944,Elvis Crespo - Suavemente,0.6735461987718506,TRAXMWV128F14612AB,Carlos Ponce - Quiero,0.6632043856193672
TRAQEOP12903CA65E2,SONPFMD12AB017C1B3,AR6PJ8R1187FB5AD70,Shakira,Tú,latin,TRTHNFG12903D0CE54,Violadores del Verso - Dale tiempo al rumor,1271.0,TRIJHLY12903D0CE4D,Violadores del Verso - Cantando,1038.0,TRUKWZW128F92CADC2,Daddy Yankee - Como Y Vete,939.0,TRTHNFG12903D0CE54,Violadores del Verso - Dale tiempo al rumor,1215.2300000000002,TRIJHLY12903D0CE4D,Violadores del Verso - Cantando,988.8300000000005,TRUKWZW128F92CADC2,Daddy Yankee - Como Y Vete,895.8799999999997,TRPMUDQ128F425218E,Carlos Vives - 19 De Noviembre,0.8326576699948273,TRCTWGR128F9336F07,Jerry Rivera - Tierra Sin Sol,0.8144911071773253,TROBWIG12903CB0FD7,Camila - Entre Tus Alas,0.7858011861848848,TRPMUDQ128F425218E,Carlos Vives - 19 De Noviembre,0.8362489262818654,TRCTWGR128F9336F07,Jerry Rivera - Tierra Sin Sol,0.8188561345120972,TROBWIG12903CB0FD7,Camila - Entre Tus Alas,0.7903073371354952,TRTHNFG12903D0CE54,Violadores del Verso - Dale tiempo al rumor,465.0835469896919,TRIJHLY12903D0CE4D,Violadores del Verso - Cantando,432.02650496643855,TRDVUEH12903D0FAA9,Violadores del Verso - La ciudad nunca duerme,420.6751634803906,TRTHNFG12903D0CE54,Violadores del Verso - Dale tiempo al rumor,421.08004144545225,TRIJHLY12903D0CE4D,Violadores del Verso - Cantando,389.1557880102966,TRDVUEH12903D0FAA9,Violadores del Verso - La ciudad nunca duerme,383.43512666486384,TRPMUDQ128F425218E,Carlos Vives - 19 De Noviembre,0.689172760628687,TRIKCWM128F92E54E7,Reik - Sin Conocerte,0.6719805154396645,TRCGFAS128F9315CEE,Gilberto Santa Rosa - Ni Te Llamo Ni Te Busco,0.6503599707741452,TRPMUDQ128F425218E,Carlos Vives - 19 De Noviembre,0.6999615367476244,TRIKCWM128F92E54E7,Reik - Sin Conocerte,0.6865415217265854,TRKJMJN128EF34E2FC,Selena - Amame,0.6623917883948306
TRSRORJ128E0791C74,SOMBFMU12A670214E6,ARDCFNZ1187FB3DDB0,Enrique Iglesias,La Chica De Ayer,latin,TRZZQIP128F92EFEAD,Abba - Move On,1407.0,TRDOJIR128F42840C0,Horace Andy - Horse With No Name,1343.0,TRTHNFG12903D0CE54,Violadores del Verso - Dale tiempo al rumor,1222.0,TRZZQIP128F92EFEAD,Abba - Move On,1366.100000000002,TRDOJIR128F42840C0,Horace Andy - Horse With No Name,1306.1999999999991,TRTHNFG12903D0CE54,Violadores del Verso - Dale tiempo al rumor,1171.3000000000006,TRGEHSC128F9334DD1,Grupo Niche - Miserable,0.7618343590442114,TRQNPKL128F9309215,Illya Kuryaki And The Valderramas - Abarajame,0.7464535973621127,TRLQZLU128F42942A7,Alejandra Guzman - Tu Eres Mi Luz,0.7432646076794852,TRGEHSC128F9334DD1,Grupo Niche - Miserable,0.7668571851736232,TRQNPKL128F9309215,Illya Kuryaki And The Valderramas - Abarajame,0.752991291300014,TRLQZLU128F42942A7,Alejandra Guzman - Tu Eres Mi Luz,0.7472755860636138,TRTHNFG12903D0CE54,Violadores del Verso - Dale tiempo al rumor,441.8974634511785,TRIJHLY12903D0CE4D,Violadores del Verso - Cantando,387.37417067738005,TRCQGRH128F429222F,David Bisbal - Quien Me Iba A Decir,368.3681019689924,TRTHNFG12903D0CE54,Violadores del Verso - Dale tiempo al rumor,404.59801149510207,TRIJHLY12903D0CE4D,Violadores del Verso - Cantando,351.0349238912231,TRCQGRH128F429222F,David Bisbal - Quien Me Iba A Decir,346.5665829430351,TRMGUNA128F92E4CC0,Alejandro Fernandez - Eres,0.6198634849108692,TRNJDFC128F146D619,Vittorio Grigolo - Magia De Amor,0.6123551028383774,TRXSALV128F4242795,Café Quijano - Lágrimas De Miel,0.6119070219565114,TRMGUNA128F92E4CC0,Alejandro Fernandez - Eres,0.6322514615168907,TRNJDFC128F146D619,Vittorio Grigolo - Magia De Amor,0.6231420141522385,TRXSALV128F4242795,Café Quijano - Lágrimas De Miel,0.6224459282742608
TRYDDZE128F92F3B79,SOFBLLI12A58A7D19C,ARDCFNZ1187FB3DDB0,Enrique Iglesias,Adicto,latin,TRTHNFG12903D0CE54,Violadores del Verso - Dale tiempo al rumor,1983.0,TRIJHLY12903D0CE4D,Violadores del Verso - Cantando,1710.0,TRWQZXS128F92DB731,Victor Manuelle - Lloré Lloré,1406.0,TRTHNFG12903D0CE54,Violadores del Verso - Dale tiempo al rumor,1901.2462499999997,TRIJHLY12903D0CE4D,Violadores del Verso - Cantando,1637.9212499999994,TRWQZXS128F92DB731,Victor Manuelle - Lloré Lloré,1363.1075000000008,TRUGDLC128F428EA24,Aventura - Obsesion (English Remix_ Album Version),0.7900829710289045,TRZQKDS128F92F22F3,Niña Pastori - Cartita de amor,0.7836564000730616,TRHZGZO128F9341C4A,Ricardo Arjona - Animal Nocturno,0.7802368295158556,TRUGDLC128F428EA24,Aventura - Obsesion (English Remix_ Album Version),0.796114779262946,TRZQKDS128F92F22F3,Niña Pastori - Cartita de amor,0.7890451967444105,TRHZGZO128F9341C4A,Ricardo Arjona - Animal Nocturno,0.7856641174982398,TRIJHLY12903D0CE4D,Violadores del Verso - Cantando,596.4235139608099,TRTHNFG12903D0CE54,Violadores del Verso - Dale tiempo al rumor,582.2547896996789,TRMTPJG128F428F66B,Daddy Yankee - Todos Quieren A Raymond,523.1188374783528,TRIJHLY12903D0CE4D,Violadores del Verso - Cantando,539.0162253638946,TRTHNFG12903D0CE54,Violadores del Verso - Dale tiempo al rumor,523.3306073810473,TRMTPJG128F428F66B,Daddy Yankee - Todos Quieren A Raymond,467.91616773353036,TRFSCEK128F4279179,Fito Paez - Giros,0.6606591275599085,TRHUUVG128F92E68D6,David Bisbal - Como La Primera Vez,0.6371207169393894,TRUGDLC128F428EA24,Aventura - Obsesion (English Remix_ Album Version),0.6312853416833492,TRFSCEK128F4279179,Fito Paez - Giros,0.6724019377162346,TRHUUVG128F92E68D6,David Bisbal - Como La Primera Vez,0.6516504705102006,TRUGDLC128F428EA24,Aventura - Obsesion (English Remix_ Album Version),0.6489083663155616
TREGBAS128F145EC8B,SOERVFF12A6D4F790F,ARDCFNZ1187FB3DDB0,Enrique Iglesias,Al Despertar,latin,TRWQZXS128F92DB731,Victor Manuelle - Lloré Lloré,1633.0,TRTHNFG12903D0CE54,Violadores del Verso - Dale tiempo al rumor,1622.0,TRIJHLY12903D0CE4D,Violadores del Verso - Cantando,1550.0,TRWQZXS128F92DB731,Victor Manuelle - Lloré Lloré,1595.4274999999998,TRTHNFG12903D0CE54,Violadores del Verso - Dale tiempo al rumor,1550.3862500000005,TRIJHLY12903D0CE4D,Violadores del Verso - Cantando,1486.861249999999,TRFCKGO128F92F0C78,Bebe - La Coqueta,0.8003101559540519,TRENEPN128F148867B,Intocable - Te Extrano,0.7932715756208992,TRFGZXT128F1492BA2,Panteón Rococó - Buscándote,0.7922491929960717,TRFCKGO128F92F0C78,Bebe - La Coqueta,0.8048735205818199,TRENEPN128F148867B,Intocable - Te Extrano,0.7977568423979617,TRFGZXT128F1492BA2,Panteón Rococó - Buscándote,0.7971076508349461,TRTHNFG12903D0CE54,Violadores del Verso - Dale tiempo al rumor,513.8795136324836,TRIJHLY12903D0CE4D,Violadores del Verso - Cantando,496.8285510707191,TRMTPJG128F428F66B,Daddy Yankee - Todos Quieren A Raymond,469.55355591520333,TRTHNFG12903D0CE54,Violadores del Verso - Dale tiempo al rumor,470.17188687565107,TRIJHLY12903D0CE4D,Violadores del Verso - Cantando,454.24609605169724,TRMTPJG128F428F66B,Daddy Yankee - Todos Quieren A Raymond,428.6063999217551,TROIVHS128F931D5F0,Fanny Lu - Es Por Ti,0.645126160853269,TRFCKGO128F92F0C78,Bebe - La Coqueta,0.6421706129433145,TRJHDIB128F92E5849,Shakira - Te Necesito,0.6269854773034946,TROIVHS128F931D5F0,Fanny Lu - Es Por Ti,0.6578551361465543,TRFCKGO128F92F0C78,Bebe - La Coqueta,0.6544101259840044,TRJHDIB128F92E5849,Shakira - Te Necesito,0.6403206781469309
TRXQFEE128F145EC9A,SOJXCPV12A6D4F791D,ARDCFNZ1187FB3DDB0,Enrique Iglesias,Alguien Como Tú,latin,TRTHNFG12903D0CE54,Violadores del Verso - Dale tiempo al rumor,1636.0,TRIJHLY12903D0CE4D,Violadores del Verso - Cantando,1433.0,TRWQZXS128F92DB731,Victor Manuelle - Lloré Lloré,1349.0,TRTHNFG12903D0CE54,Violadores del Verso - Dale tiempo al rumor,1558.6824999999997,TRIJHLY12903D0CE4D,Violadores del Verso - Cantando,1364.8325000000004,TRWQZXS128F92DB731,Victor Manuelle - Lloré Lloré,1308.4350000000009,TRGALDE128F9306AA7,Huey Dunbar - Amor De Siempre,0.6958311274118774,TRFGZXT128F1492BA2,Panteón Rococó - Buscándote,0.6842191821484789,TRIFSVO128F429F94F,Camilo Sesto - No Sabes Cuanto Te Quiero,0.6628624488217066,TRGALDE128F9306AA7,Huey Dunbar - Amor De Siempre,0.7020804367392917,TRFGZXT128F1492BA2,Panteón Rococó - Buscándote,0.6912959317893964,TRIFSVO128F429F94F,Camilo Sesto - No Sabes Cuanto Te Quiero,0.6706164254888761,TRSVRQN128F42722CC,Willie Colon - Gitana,477.3978347643736,TRTHNFG12903D0CE54,Violadores del Verso - Dale tiempo al rumor,474.4881401951478,TRIJHLY12903D0CE4D,Violadores del Verso - Cantando,466.05103033814294,TRSVRQN128F42722CC,Willie Colon - Gitana,442.67931474605354,TRTHNFG12903D0CE54,Violadores del Verso - Dale tiempo al rumor,429.3361330793573,TRIJHLY12903D0CE4D,Violadores del Verso - Cantando,422.0613778520093,TRPHJVT128EF34217F,Juan Luis Guerra - Como Yo,0.5960682529795708,TRAGDLM128F4233397,Mago de Oz - Desde mi cielo,0.5853540844379905,TRZVCFO128F9309204,Illya Kuryaki And The Valderramas - Virgen De Riña,0.5832154169347208,TRPHJVT128EF34217F,Juan Luis Guerra - Como Yo,0.6074127048750653,TRAGDLM128F4233397,Mago de Oz - Desde mi cielo,0.5995042988745183,TRZVCFO128F9309204,Illya Kuryaki And The Valderramas - Virgen De Riña,0.5942338765420896
TRZGBAF128F145ECA8,SOFAZCL12A58A79B38,ARDCFNZ1187FB3DDB0,Enrique Iglesias,Inalcanzable,latin,TRTHNFG12903D0CE54,Violadores del Verso - Dale tiempo al rumor,945.0,TRIJHLY12903D0CE4D,Violadores del Verso - Cantando,748.0,TRUGLTC128F4227B93,Danity Kane - Hold Me Down (Album Version),718.0,TRTHNFG12903D0CE54,Violadores del Verso - Dale tiempo al rumor,900.6375000000003,TRIJHLY12903D0CE4D,Violadores del Verso - Cantando,708.8875,TRDALZN128F92DC514,Alain Clark - Heerlijk,677.7750000000005,TRRKRXC128F4242791,Café Quijano - Vete De Mi,0.7206354216899127,TRNOIDW128F427467E,Chavela Vargas - Tu Me Acostumbraste,0.6843908463124414,TRUQGGJ128F427E02B,Enrique Iglesias - Lloro Por Ti,0.6764084466404461,TRRKRXC128F4242791,Café Quijano - Vete De Mi,0.725253641400674,TRNOIDW128F427467E,Chavela Vargas - Tu Me Acostumbraste,0.6892827735923821,TRUQGGJ128F427E02B,Enrique Iglesias - Lloro Por Ti,0.681798255414245,TRTHNFG12903D0CE54,Violadores del Verso - Dale tiempo al rumor,368.4251541579082,TRIJHLY12903D0CE4D,Violadores del Verso - Cantando,336.2623122245224,TRMTPJG128F428F66B,Daddy Yankee - Todos Quieren A Raymond,309.5293094068842,TRTHNFG12903D0CE54,Violadores del Verso - Dale tiempo al rumor,338.84101539419424,TRIJHLY12903D0CE4D,Violadores del Verso - Cantando,307.4397622107448,TRMTPJG128F428F66B,Daddy Yankee - Todos Quieren A Raymond,281.81363516931515,TRRXYNM128F4285058,José José - Cosas Imposibles,0.572724889164666,TRNJNHB128EF346571,Ekhymosis - Una Flor En El Desierto,0.5721245144670882,TRYDDZE128F92F3B79,Enrique Iglesias - Adicto,0.5577129660614977,TRNJNHB128EF346571,Ekhymosis - Una Flor En El Desierto,0.5829532100580482,TRRXYNM128F4285058,José José - Cosas Imposibles,0.5821276762865142,TRYDDZE128F92F3B79,Enrique Iglesias - Adicto,0.5701178800382924
TRUQGGJ128F427E02B,SOOHKUS12A8C13AB12,ARDCFNZ1187FB3DDB0,Enrique Iglesias,Lloro Por Ti,latin,TRTHNFG12903D0CE54,Violadores del Verso - Dale tiempo al rumor,2870.0,TRIJHLY12903D0CE4D,Violadores del Verso - Cantando,2305.0,TRWQZXS128F92DB731,Victor Manuelle - Lloré Lloré,1816.0,TRTHNFG12903D0CE54,Violadores del Verso - Dale tiempo al rumor,2754.6575000000003,TRIJHLY12903D0CE4D,Violadores del Verso - Cantando,2203.307499999998,TRWQZXS128F92DB731,Victor Manuelle - Lloré Lloré,1755.4850000000022,TRRKRXC128F4242791,Café Quijano - Vete De Mi,0.8070038367076806,TRDYKYQ12903CAD2B8,Reik - Fui,0.7716727929981986,TRHPSHA128F92EFD94,Il Divo - Por Ti Seré (You Raise Me Up),0.7565324665969154,TRRKRXC128F4242791,Café Quijano - Vete De Mi,0.8111340524279981,TRDYKYQ12903CAD2B8,Reik - Fui,0.7766371888415745,TRHPSHA128F92EFD94,Il Divo - Por Ti Seré (You Raise Me Up),0.7606448332307226,TRTHNFG12903D0CE54,Violadores del Verso - Dale tiempo al rumor,640.0130267626988,TRMTPJG128F428F66B,Daddy Yankee - Todos Quieren A Raymond,613.5025668064668,TRSVRQN128F42722CC,Willie Colon - Gitana,602.6956828227122,TRTHNFG12903D0CE54,Violadores del Verso - Dale tiempo al rumor,581.4048858108359,TRMTPJG128F428F66B,Daddy Yankee - Todos Quieren A Raymond,558.5959780000452,TRSVRQN128F42722CC,Willie Colon - Gitana,557.630401236101,TRNKQFR128F93425A3,Ricardo Arjona - Amor de Tele,0.6764560627698825,TRQXUSM128F4223ED1,Terranova - De Oro,0.6755204085118587,TRIXDIY128F425CDB4,Sanalejo - Mujer Calavera,0.6580741153541717,TRQXUSM128F4223ED1,Terranova - De Oro,0.6869241022781765,TRNKQFR128F93425A3,Ricardo Arjona - Amor de Tele,0.6867212848594234,TRIXDIY128F425CDB4,Sanalejo - Mujer Calavera,0.6708682614746574
TRDEKRZ128E0791C7A,SOCPKAV12A670214EC,ARDCFNZ1187FB3DDB0,Enrique Iglesias,Mamacita,latin,TRTHNFG12903D0CE54,Violadores del Verso - Dale tiempo al rumor,1694.0,TRIJHLY12903D0CE4D,Violadores del Verso - Cantando,1623.0,TRTJLTW12903CFF1E9,Los Van Van - El Negro Está Cocinando,1450.0,TRTHNFG12903D0CE54,Violadores del Verso - Dale tiempo al rumor,1619.8512499999988,TRIJHLY12903D0CE4D,Violadores del Verso - Cantando,1557.6262500000005,TRTJLTW12903CFF1E9,Los Van Van - El Negro Está Cocinando,1408.3187500000026,TRCUPON128F1494547,Fonseca - Sueño,0.793668632138127,TRWBQDG128F4272241,Willie Colon - Guaracha,0.7745757406709277,TRRSIYK128F427CCE3,Cabas - La Quejosa,0.7723260289125725,TRCUPON128F1494547,Fonseca - Sueño,0.7983060717671225,TRWBQDG128F4272241,Willie Colon - Guaracha,0.781184766205748,TRRSIYK128F427CCE3,Cabas - La Quejosa,0.7779809488814922,TRIJHLY12903D0CE4D,Violadores del Verso - Cantando,556.6558290774824,TRTHNFG12903D0CE54,Violadores del Verso - Dale tiempo al rumor,523.3039219885742,TRKHIVL128F9303677,Wilfrido Vargas - El Semáforo,469.1605946515338,TRIJHLY12903D0CE4D,Violadores del Verso - Cantando,507.7950292844388,TRTHNFG12903D0CE54,Violadores del Verso - Dale tiempo al rumor,473.1520554641872,TRKHIVL128F9303677,Wilfrido Vargas - El Semáforo,433.7681155065799,TRZVPJH128F931D774,Love Of Lesbian - El ectoplasta,0.6222484293748527,TRFLKNV128F9319FD1,Elvis Crespo - Vuelve Conmigo,0.6208946174224594,TROOZEZ128F4243798,Buena Vista Social Club - Buena Vista Social Club,0.6180435538210982,TRZVPJH128F931D774,Love Of Lesbian - El ectoplasta,0.6370280155657482,TROOZEZ128F4243798,Buena Vista Social Club - Buena Vista Social Club,0.6342197512876276,TRFLKNV128F9319FD1,Elvis Crespo - Vuelve Conmigo,0.6328223184113304
TRFFSMS128F428BC88,SOEMVNF12A8C13C53A,ARDCFNZ1187FB3DDB0,Enrique Iglesias,Miss You,latin,TRFUJVJ128F426F2A2,Lauryn Hill - Interlude 5,13632.0,TRWSYHO128F4282346,Twista - I'm A Winner (Amended Album Version),12008.0,TREBGAA128E078FC52,Erykah Badu - I Want You,10887.0,TRFUJVJ128F426F2A2,Lauryn Hill - Interlude 5,12757.999999999996,TRWSYHO128F4282346,Twista - I'm A Winner (Amended Album Version),11436.8125,TREBGAA128E078FC52,Erykah Badu - I Want You,10565.781250000015,TRXDCIY128F93112FB,The Airborne Toxic Event - The Girls In Their Summer Dresses,0.7702333765360831,TRLUGVB128F428E704,Tracey Ullman - Breakaway,0.751533544962315,TRURSTR12903CD0F40,KeKe Wyatt - Never Do It Again,0.7285545036092994,TRXDCIY128F93112FB,The Airborne Toxic Event - The Girls In Their Summer Dresses,0.7737294430604407,TRLUGVB128F428E704,Tracey Ullman - Breakaway,0.7550425327997425,TRURSTR12903CD0F40,KeKe Wyatt - Never Do It Again,0.7335975568454328,TRFUJVJ128F426F2A2,Lauryn Hill - Interlude 5,237.97554019213985,TRCHZXW128E079288A,Eminem - 8 Mile,213.00758723246184,TRWZUDO128F1495E26,Prince - I Love U In Me ( LP Version),207.88225720824897,TRHDMWX128F427F0C7,Johnny Winter - Miss Ann,167.7576391514417,TRQPMHA128E078B979,Michael Bublé - You'll Never Find Another Love Like Mine (Album Version),166.88331290760092,TRDRHRG128F428BBDB,The Dells - I Miss You,163.48336157797175,TRDRHRG128F428BBDB,The Dells - I Miss You,0.3272562921640153,TRHDMWX128F427F0C7,Johnny Winter - Miss Ann,0.32407471266884913,TRDQZEL128F92FCDC3,Joe Nichols - Freedom Feels Like Lonely,0.30046433658371,TRDRHRG128F428BBDB,The Dells - I Miss You,0.3639132352569434,TRHDMWX128F427F0C7,Johnny Winter - Miss Ann,0.35033720547282005,TRDQZEL128F92FCDC3,Joe Nichols - Freedom Feels Like Lonely,0.33406981705643635
TRUPWID128F4215874,SOPTXAZ12AF729F789,ARDCFNZ1187FB3DDB0,Enrique Iglesias,Para De Jugar,latin,TRTHNFG12903D0CE54,Violadores del Verso - Dale tiempo al rumor,2101.0,TRIJHLY12903D0CE4D,Violadores del Verso - Cantando,1912.0,TRGQZPV12903CC3EB3,Wisin & Yandel - Por Mi Reggae Muero,1730.0,TRTHNFG12903D0CE54,Violadores del Verso - Dale tiempo al rumor,1969.8137499999993,TRIJHLY12903D0CE4D,Violadores del Verso - Cantando,1796.3387499999985,TRGQZPV12903CC3EB3,Wisin & Yandel - Por Mi Reggae Muero,1662.4662500000006,TRCYWMK128F14A2343,Los Calzones - Libre,0.6678334929630972,TRIXDIY128F425CDB4,Sanalejo - Mujer Calavera,0.6013846504476956,TRYTRML128F426A3A9,Gipsy Kings - Madre Mia,0.5978819416236161,TRCYWMK128F14A2343,Los Calzones - Libre,0.6722947027867966,TRIXDIY128F425CDB4,Sanalejo - Mujer Calavera,0.6106130596152857,TRYTRML128F426A3A9,Gipsy Kings - Madre Mia,0.604483787776118,TRTHNFG12903D0CE54,Violadores del Verso - Dale tiempo al rumor,490.468949644783,TRIJHLY12903D0CE4D,Violadores del Verso - Cantando,489.4081464391703,TRGQZPV12903CC3EB3,Wisin & Yandel - Por Mi Reggae Muero,485.7340255017991,TRGQZPV12903CC3EB3,Wisin & Yandel - Por Mi Reggae Muero,454.762876970858,TRIJHLY12903D0CE4D,Violadores del Verso - Cantando,435.8994309881622,TRTHNFG12903D0CE54,Violadores del Verso - Dale tiempo al rumor,435.5463538920137,TREGBAS128F145EC8B,Enrique Iglesias - Al Despertar,0.5990443938940742,TRNONNX128F42903F6,Pablo Milanés - Te Quiero Porque Te Quiero,0.5887818825699928,TROOIOM128F423D00D,Luis Miguel - La Media Vuelta,0.5880556124211052,TREGBAS128F145EC8B,Enrique Iglesias - Al Despertar,0.611094471864731,TRNONNX128F42903F6,Pablo Milanés - Te Quiero Porque Te Quiero,0.6026928529157018,TROOIOM128F423D00D,Luis Miguel - La Media Vuelta,0.5998291718701699
TRIIBVP128E0792750,SOWFIVV12A6701FFBF,ARDCFNZ1187FB3DDB0,Enrique Iglesias,She Be The One,latin,TRFUJVJ128F426F2A2,Lauryn Hill - Interlude 5,6600.0,TRWSYHO128F4282346,Twista - I'm A Winner (Amended Album Version),6088.0,TRQAWKR128F425EEC3,Michael Jackson - Man In The Mirror,4367.0,TRFUJVJ128F426F2A2,Lauryn Hill - Interlude 5,6047.999999999997,TRWSYHO128F4282346,Twista - I'm A Winner (Amended Album Version),5727.250000000002,TRQAWKR128F425EEC3,Michael Jackson - Man In The Mirror,3893.749999999999,TRVRZZI128F426846B,Billy Squier - She's A Runner (24-Bit Digitally Remastered 02),0.7362178876869954,TRMFKTA128F92FE268,The Bluetones - Carnt Be Trusted,0.7318214011196531,TRMTQUU128F1481F2B,Robert Palmer - Too Good To Be True,0.6811754535586023,TRVRZZI128F426846B,Billy Squier - She's A Runner (24-Bit Digitally Remastered 02),0.7437487791483225,TRMFKTA128F92FE268,The Bluetones - Carnt Be Trusted,0.739590795519174,TRMTQUU128F1481F2B,Robert Palmer - Too Good To Be True,0.6894555971893391,TRDPGXU128F9339C2A,Beastie Boys - B-Boy Bouillabaisse: A.W.O.L. (2009 Digital Remaster),311.2500410087147,TRYCBLK12903CE6A0E,Twiztid - She Ain't Afraid,288.09346282611267,TRBVPVV128F425F14F,Daft Punk - Touch It / Technologic,265.78029827393806,TRBVPVV128F425F14F,Daft Punk - Touch It / Technologic,202.8345016602409,TRYCBLK12903CE6A0E,Twiztid - She Ain't Afraid,190.05587944537857,TRBKQJB128F934EEF7,Ying Yang Twins - 1st Booty On Duty,155.7393670670267,TRVRZZI128F426846B,Billy Squier - She's A Runner (24-Bit Digitally Remastered 02),0.3099102128268101,TRHAKOR128F423772E,Fear - Beef Bologna,0.3057786377648607,TRBVPVV128F425F14F,Daft Punk - Touch It / Technologic,0.3028105146037175,TRVRZZI128F426846B,Billy Squier - She's A Runner (24-Bit Digitally Remastered 02),0.3649983035001176,TRBVPVV128F425F14F,Daft Punk - Touch It / Technologic,0.36235956111543977,TRMQQGH128F9301E4B,Mutya Buena - Not Your Baby,0.34572101536701183
TRQMXBD128F145ECA2,SONBQQE12A6D4F7922,ARDCFNZ1187FB3DDB0,Enrique Iglesias,Trapecista,latin,TRTHNFG12903D0CE54,Violadores del Verso - Dale tiempo al rumor,1950.0,TRIJHLY12903D0CE4D,Violadores del Verso - Cantando,1664.0,TRUKWZW128F92CADC2,Daddy Yankee - Como Y Vete,1515.0,TRTHNFG12903D0CE54,Violadores del Verso - Dale tiempo al rumor,1870.1474999999998,TRIJHLY12903D0CE4D,Violadores del Verso - Cantando,1593.5975,TRUKWZW128F92CADC2,Daddy Yankee - Como Y Vete,1453.2599999999995,TRHACES128F427CCDE,Cabas - Guacamaya,0.8067290233381375,TRRUSZX128F1480C9F,El sueño de Morfeo - Sonrisa especial,0.7606556118898016,TRECXGP128F147CEE8,Kudai - Volar,0.722880582767663,TRHACES128F427CCDE,Cabas - Guacamaya,0.8107519604972093,TRRUSZX128F1480C9F,El sueño de Morfeo - Sonrisa especial,0.7655637412106407,TRECXGP128F147CEE8,Kudai - Volar,0.728733969848113,TRTHNFG12903D0CE54,Violadores del Verso - Dale tiempo al rumor,597.6163018459958,TRIJHLY12903D0CE4D,Violadores del Verso - Cantando,577.4167599889448,TRMTPJG128F428F66B,Daddy Yankee - Todos Quieren A Raymond,444.02800677671394,TRTHNFG12903D0CE54,Violadores del Verso - Dale tiempo al rumor,545.4406210738174,TRIJHLY12903D0CE4D,Violadores del Verso - Cantando,526.5842452901051,TREENSW128F92EAA8B,Toby Love - Amores Como El Tuyo,403.9604601765002,TREGRRQ128F145EC8D,Enrique Iglesias - Tu Vacio,0.6682789261642953,TRHACES128F427CCDE,Cabas - Guacamaya,0.6501883104449945,TRNPAZE128F42AF411,Jennifer Lopez - Amarte Es Todo,0.6060662873861439,TREGRRQ128F145EC8D,Enrique Iglesias - Tu Vacio,0.6808043370759883,TRHACES128F427CCDE,Cabas - Guacamaya,0.6612664327844339,TRNPAZE128F42AF411,Jennifer Lopez - Amarte Es Todo,0.6182321103674419
TREGRRQ128F145EC8D,SOMRUDM12A6D4F7911,ARDCFNZ1187FB3DDB0,Enrique Iglesias,Tu Vacio,latin,TRTHNFG12903D0CE54,Violadores del Verso - Dale tiempo al rumor,2723.0,TRIJHLY12903D0CE4D,Violadores del Verso - Cantando,2313.0,TRWQZXS128F92DB731,Victor Manuelle - Lloré Lloré,1972.0,TRTHNFG12903D0CE54,Violadores del Verso - Dale tiempo al rumor,2611.460000000001,TRIJHLY12903D0CE4D,Violadores del Verso - Cantando,2214.6600000000008,TRWQZXS128F92DB731,Victor Manuelle - Lloré Lloré,1913.4799999999996,TREPEYQ128F9334F30,Aventura - Todavía Me Amas,0.8378540706906127,TRFASPF128F4277844,Los Van Van - Quien No Ha Dicho Una Mentira,0.8258469914832147,TRIFSVO128F429F94F,Camilo Sesto - No Sabes Cuanto Te Quiero,0.8202069574987279,TREPEYQ128F9334F30,Aventura - Todavía Me Amas,0.8419892355587912,TRFASPF128F4277844,Los Van Van - Quien No Ha Dicho Una Mentira,0.8305141623440622,TRIFSVO128F429F94F,Camilo Sesto - No Sabes Cuanto Te Quiero,0.8251332986321729,TRTHNFG12903D0CE54,Violadores del Verso - Dale tiempo al rumor,697.8285580148566,TRIJHLY12903D0CE4D,Violadores del Verso - Cantando,590.8676491561305,TRDVUEH12903D0FAA9,Violadores del Verso - La ciudad nunca duerme,587.1413838229308,TRTHNFG12903D0CE54,Violadores del Verso - Dale tiempo al rumor,633.0903302562925,TRDVUEH12903D0FAA9,Violadores del Verso - La ciudad nunca duerme,532.3536128196162,TRIJHLY12903D0CE4D,Violadores del Verso - Cantando,527.7959869293702,TRFVAJQ128F427CCE4,Cabas - Llega La Noche,0.6715122135644395,TRQMXBD128F145ECA2,Enrique Iglesias - Trapecista,0.6682789261642952,TRLRQUX128F932ECC5,Gilberto Santa Rosa - Desde Que No Estas,0.6678594511173713,TRFVAJQ128F427CCE4,Cabas - Llega La Noche,0.6827817358016455,TRLRQUX128F932ECC5,Gilberto Santa Rosa - Desde Que No Estas,0.6823420432306128,TRQMXBD128F145ECA2,Enrique Iglesias - Trapecista,0.6808043370759883
TRLILBA128F42158A3,SOPPWVJ12A6D4F7915,ARDCFNZ1187FB3DDB0,Enrique Iglesias,Volveré,latin,TRTHNFG12903D0CE54,Violadores del Verso - Dale tiempo al rumor,1781.0,TRWQZXS128F92DB731,Victor Manuelle - Lloré Lloré,1540.0,TRWAGNG128F4286598,Tego Calderon - Al Natural (Amended Version),1532.0,TRTHNFG12903D0CE54,Violadores del Verso - Dale tiempo al rumor,1684.0362500000015,TRWQZXS128F92DB731,Victor Manuelle - Lloré Lloré,1489.1274999999982,TRWAGNG128F4286598,Tego Calderon - Al Natural (Amended Version),1466.209999999999,TRJTUMY128F92DC8D1,Joe Veras - Intentalo tu,0.7050780604016579,TREDWEP128F4233168,Raulin Rodriguez - ya No,0.6973344230025148,TRXBUFX128F42941F1,Natalia Oreiro - Gitano Corazon,0.6954123686917169,TRJTUMY128F92DC8D1,Joe Veras - Intentalo tu,0.7132860159735198,TREDWEP128F4233168,Raulin Rodriguez - ya No,0.7047160219839157,TRXBUFX128F42941F1,Natalia Oreiro - Gitano Corazon,0.7033752313996001,TRTHNFG12903D0CE54,Violadores del Verso - Dale tiempo al rumor,663.6472211601961,TRIJHLY12903D0CE4D,Violadores del Verso - Cantando,612.6312554231239,TRSVRQN128F42722CC,Willie Colon - Gitana,570.9545247000758,TRTHNFG12903D0CE54,Violadores del Verso - Dale tiempo al rumor,604.9032035355056,TRIJHLY12903D0CE4D,Violadores del Verso - Cantando,555.3994935144551,TRSVRQN128F42722CC,Willie Colon - Gitana,525.7847641038492,TRUGDLC128F428EA24,Aventura - Obsesion (English Remix_ Album Version),0.6418605955588501,TRWQZXS128F92DB731,Victor Manuelle - Lloré Lloré,0.6306676021631146,TRMYHXH128F14A232D,Karamelo Santo - Tu Pa Mi,0.6301343500534975,TRUGDLC128F428EA24,Aventura - Obsesion (English Remix_ Album Version),0.6569922372070509,TRMYHXH128F14A232D,Karamelo Santo - Tu Pa Mi,0.6441376638517079,TRWQZXS128F92DB731,Victor Manuelle - Lloré Lloré,0.6439278459689813
TRBFJPO128F4295BE3,SOZOEJC12CF5CFAD99,AR6PJ8R1187FB5AD70,Shakira,Estoy Aquí,latin,TRTHNFG12903D0CE54,Violadores del Verso - Dale tiempo al rumor,687.0,TRRKWPY12903CAAC5D,Johnny Prez - Te Vuelvo Loca,576.0,TRWAGNG128F4286598,Tego Calderon - Al Natural (Amended Version),543.0,TRTHNFG12903D0CE54,Violadores del Verso - Dale tiempo al rumor,644.5387499999994,TRRKWPY12903CAAC5D,Johnny Prez - Te Vuelvo Loca,549.0325,TRWAGNG128F4286598,Tego Calderon - Al Natural (Amended Version),514.1899999999998,TRUSYXT128F423787F,Móveis Coloniais de Acaju - Receio do remorso,0.7506641275018989,TRJNFUT128F933AF9F,Ana Carolina - Rosas,0.7458955440698642,TRRHTRT128F931E984,Raimundos - Nêga Jurema,0.7176370241878647,TRUSYXT128F423787F,Móveis Coloniais de Acaju - Receio do remorso,0.7535410105085976,TRJNFUT128F933AF9F,Ana Carolina - Rosas,0.7496491157650809,TRRHTRT128F931E984,Raimundos - Nêga Jurema,0.7217252418300996,TRJNFUT128F933AF9F,Ana Carolina - Rosas,372.0106568266398,TRWCBJZ128F1492960,O Rappa - Eu Quero Ver Gol,327.60709877193653,TRIQGPN128F14795B1,Expensive Soul - O Show Não Vai Parar,307.4160367623343,TRJNFUT128F933AF9F,Ana Carolina - Rosas,362.35034125727145,TRWCBJZ128F1492960,O Rappa - Eu Quero Ver Gol,318.372564525083,TRIQGPN128F14795B1,Expensive Soul - O Show Não Vai Parar,298.74970169543957,TRJNFUT128F933AF9F,Ana Carolina - Rosas,0.732584023625501,TRMWWQC128F1495ABB,João Gilberto - Sampa,0.7218503651989553,TRUEPMU128F424951E,Mombojó - splash shine,0.6711360967146419,TRJNFUT128F933AF9F,Ana Carolina - Rosas,0.7377059163417734,TRMWWQC128F1495ABB,João Gilberto - Sampa,0.7266937143011744,TRUEPMU128F424951E,Mombojó - splash shine,0.6757869014859792
TRCLERB12903CBBC8D,SODKNST12D02193AD7,ARB054P1187B9AD32E,Santana,Life Is Anew,latin,TRFUJVJ128F426F2A2,Lauryn Hill - Interlude 5,1944.0,TRWSYHO128F4282346,Twista - I'm A Winner (Amended Album Version),1399.0,TRDPGXU128F9339C2A,Beastie Boys - B-Boy Bouillabaisse: A.W.O.L. (2009 Digital Remaster),1243.0,TRFUJVJ128F426F2A2,Lauryn Hill - Interlude 5,1787.6000000000004,TRWSYHO128F4282346,Twista - I'm A Winner (Amended Album Version),1296.7875000000004,TRDPGXU128F9339C2A,Beastie Boys - B-Boy Bouillabaisse: A.W.O.L. (2009 Digital Remaster),1112.2062499999997,TRPRGEY128F42466DB,Tony Bennett - Because Of You,0.6892562575485366,TRVWMKK128F422AD41,Assemblage 23 - MAPS OF REALITY,0.6394537290294549,TRFBASZ128F42317D3,Dawn of Relic - The Awakening,0.5831553281937355,TRPRGEY128F42466DB,Tony Bennett - Because Of You,0.6979276657996403,TRVWMKK128F422AD41,Assemblage 23 - MAPS OF REALITY,0.6509717320768102,TRFBASZ128F42317D3,Dawn of Relic - The Awakening,0.5958706870221957,TRFUJVJ128F426F2A2,Lauryn Hill - Interlude 5,140.86980975189792,TRDPGXU128F9339C2A,Beastie Boys - B-Boy Bouillabaisse: A.W.O.L. (2009 Digital Remaster),126.94527406989488,TRDUSIG12903CA5FCB,Savatage - The Hourglass,100.50206777977068,TRFUJVJ128F426F2A2,Lauryn Hill - Interlude 5,80.55321229926045,TRMLWXO128F1484DEB,Janet Jackson - Because Of Love,69.52171134165674,TRDPGXU128F9339C2A,Beastie Boys - B-Boy Bouillabaisse: A.W.O.L. (2009 Digital Remaster),65.46683025467861,TRPRGEY128F42466DB,Tony Bennett - Because Of You,0.32192216124396716,TRMLWXO128F1484DEB,Janet Jackson - Because Of Love,0.28392740851246656,TRNGTLR128F931B4AB,Alison Krauss / Union Station - New Favorite,0.2782376512217643,TRPRGEY128F42466DB,Tony Bennett - Because Of You,0.3491656802503125,TRMLWXO128F1484DEB,Janet Jackson - Because Of Love,0.31569575969516206,TRNGTLR128F931B4AB,Alison Krauss / Union Station - New Favorite,0.3026862316162804
TRNXCMJ128F4295BC6,SOCYFSR12AB018C4AF,AR6PJ8R1187FB5AD70,Shakira,Donde Estas Corazon,latin,TRTHNFG12903D0CE54,Violadores del Verso - Dale tiempo al rumor,2540.0,TRDVUEH12903D0FAA9,Violadores del Verso - La ciudad nunca duerme,1973.0,TRRCXJT128F425BB27,Rey Ruiz - No Existe Un Lugar,1868.0,TRTHNFG12903D0CE54,Violadores del Verso - Dale tiempo al rumor,2442.4025,TRDVUEH12903D0FAA9,Violadores del Verso - La ciudad nunca duerme,1907.1649999999972,TRRCXJT128F425BB27,Rey Ruiz - No Existe Un Lugar,1822.5700000000024,TRMGTKW128F42359E9,Rosana - Nadie mas que yo (directo Las Ventas),0.7576177968446131,TRQIRWO128F428787E,Todos Tus Muertos - No Mas Apartheid,0.7418362874093083,TRMFPWC128F42A3887,Mecano - Cenando En Paris,0.7395760097340491,TRMGTKW128F42359E9,Rosana - Nadie mas que yo (directo Las Ventas),0.7623361782989397,TRQIRWO128F428787E,Todos Tus Muertos - No Mas Apartheid,0.7437103690368632,TRMFPWC128F42A3887,Mecano - Cenando En Paris,0.7430553759796567,TRDVUEH12903D0FAA9,Violadores del Verso - La ciudad nunca duerme,556.9757268300414,TRMTPJG128F428F66B,Daddy Yankee - Todos Quieren A Raymond,550.8988519816469,TRTHNFG12903D0CE54,Violadores del Verso - Dale tiempo al rumor,535.0590959361023,TRDVUEH12903D0FAA9,Violadores del Verso - La ciudad nunca duerme,509.96361817179934,TRMTPJG128F428F66B,Daddy Yankee - Todos Quieren A Raymond,498.85691855140175,TRTHNFG12903D0CE54,Violadores del Verso - Dale tiempo al rumor,479.5087323788138,TRLLFVB128F92C3138,La Oreja de Van Gogh - El 28,0.6508918446410022,TRYFBLW128F428A81A,Joan Manuel Serrat - Mediterraneo,0.6203156484983291,TRPMUDQ128F425218E,Carlos Vives - 19 De Noviembre,0.619291651746581,TRLLFVB128F92C3138,La Oreja de Van Gogh - El 28,0.6621457430135217,TRYFBLW128F428A81A,Joan Manuel Serrat - Mediterraneo,0.6359535614166062,TRPMUDQ128F425218E,Carlos Vives - 19 De Noviembre,0.6321674594857196
TRNXJGR128F93044E7,SOUGMXP12AB017C76C,AR6PJ8R1187FB5AD70,Shakira,Octavo Día,latin,TRTHNFG12903D0CE54,Violadores del Verso - Dale tiempo al rumor,1325.0,TRIJHLY12903D0CE4D,Violadores del Verso - Cantando,1247.0,TRWQZXS128F92DB731,Victor Manuelle - Lloré Lloré,1004.0,TRTHNFG12903D0CE54,Violadores del Verso - Dale tiempo al rumor,1266.6949999999997,TRIJHLY12903D0CE4D,Violadores del Verso - Cantando,1195.5949999999998,TRWQZXS128F92DB731,Victor Manuelle - Lloré Lloré,973.41,TRIOIZQ128F42BBC6C,Malu - Agua De Mayo,0.7681111578529518,TRGTGWE128F42ACB3A,Malu - Y Sigo Preguntandome,0.7477452464948448,TRYFBLW128F428A81A,Joan Manuel Serrat - Mediterraneo,0.7473980585882697,TRIOIZQ128F42BBC6C,Malu - Agua De Mayo,0.7738504648542559,TRGTGWE128F42ACB3A,Malu - Y Sigo Preguntandome,0.75420571824152,TRYFBLW128F428A81A,Joan Manuel Serrat - Mediterraneo,0.7541124213306418,TRIJHLY12903D0CE4D,Violadores del Verso - Cantando,579.4883671178757,TRTHNFG12903D0CE54,Violadores del Verso - Dale tiempo al rumor,509.9565974051946,TRMTPJG128F428F66B,Daddy Yankee - Todos Quieren A Raymond,403.3098057135975,TRIJHLY12903D0CE4D,Violadores del Verso - Cantando,533.7143171243672,TRTHNFG12903D0CE54,Violadores del Verso - Dale tiempo al rumor,462.9730429959625,TRGDVMS128F9334F25,Aventura - Enséñame A Olvidar,360.90295102342463,TRIOIZQ128F42BBC6C,Malu - Agua De Mayo,0.6688911126719369,TRJZGFP128F92F342E,Diego Torres - Como Un Haz De Luna,0.6461925807348831,TRIJHLY12903D0CE4D,Violadores del Verso - Cantando,0.6344350247190877,TRIOIZQ128F42BBC6C,Malu - Agua De Mayo,0.6801457129128257,TRJZGFP128F92F342E,Diego Torres - Como Un Haz De Luna,0.6571378849581353,TRIJHLY12903D0CE4D,Violadores del Verso - Cantando,0.6504470858217083
TRJHDIB128F92E5849,SOVJQJJ12A8C1448E7,AR6PJ8R1187FB5AD70,Shakira,Te Necesito,latin,TRTHNFG12903D0CE54,Violadores del Verso - Dale tiempo al rumor,1756.0,TRIJHLY12903D0CE4D,Violadores del Verso - Cantando,1436.0,TRRKWPY12903CAAC5D,Johnny Prez - Te Vuelvo Loca,1398.0,TRTHNFG12903D0CE54,Violadores del Verso - Dale tiempo al rumor,1671.7112499999998,TRIJHLY12903D0CE4D,Violadores del Verso - Cantando,1361.6862500000004,TRRKWPY12903CAAC5D,Johnny Prez - Te Vuelvo Loca,1344.4675,TREPEYQ128F9334F30,Aventura - Todavía Me Amas,0.8460525926496926,TRUGDLC128F428EA24,Aventura - Obsesion (English Remix_ Album Version),0.8301555782215192,TRWHWCD128E0788AF3,Luz Casal - No Te Vayas,0.8281208115115835,TREPEYQ128F9334F30,Aventura - Todavía Me Amas,0.8502642554113827,TRUGDLC128F428EA24,Aventura - Obsesion (English Remix_ Album Version),0.8351481735151566,TRWHWCD128E0788AF3,Luz Casal - No Te Vayas,0.8320262743702862,TRTHNFG12903D0CE54,Violadores del Verso - Dale tiempo al rumor,651.7098294624885,TRMTPJG128F428F66B,Daddy Yankee - Todos Quieren A Raymond,587.0703444490949,TRIJHLY12903D0CE4D,Violadores del Verso - Cantando,578.415502119763,TRTHNFG12903D0CE54,Violadores del Verso - Dale tiempo al rumor,589.9863512722803,TRMTPJG128F428F66B,Daddy Yankee - Todos Quieren A Raymond,529.2451757668908,TRIJHLY12903D0CE4D,Violadores del Verso - Cantando,518.2809803285237,TROIVHS128F931D5F0,Fanny Lu - Es Por Ti,0.6877816258448343,TRLLFVB128F92C3138,La Oreja de Van Gogh - El 28,0.6638481066522562,TRCJJHT128F92F3435,Diego Torres - Volver,0.6494965086538608,TROIVHS128F931D5F0,Fanny Lu - Es Por Ti,0.7033654595182293,TRLLFVB128F92C3138,La Oreja de Van Gogh - El 28,0.6758529700819925,TRYFBLW128F428A81A,Joan Manuel Serrat - Mediterraneo,0.6668713910900346
TRYQVKS128F4259A11,SOXVXZS12AF72ABF9F,ARB054P1187B9AD32E,Santana,Evil Ways,latin,TRFUJVJ128F426F2A2,Lauryn Hill - Interlude 5,3945.0,TRDPGXU128F9339C2A,Beastie Boys - B-Boy Bouillabaisse: A.W.O.L. (2009 Digital Remaster),2783.0,TRQAWKR128F425EEC3,Michael Jackson - Man In The Mirror,2768.0,TRFUJVJ128F426F2A2,Lauryn Hill - Interlude 5,3650.6,TRDPGXU128F9339C2A,Beastie Boys - B-Boy Bouillabaisse: A.W.O.L. (2009 Digital Remaster),2536.7999999999997,TRQAWKR128F425EEC3,Michael Jackson - Man In The Mirror,2515.5999999999976,TRVVIWJ128F42697BA,Fat Joe - Preacher On A Sunday Morning,0.6727633351225807,TRENDJC128F42790D9,Amel Larrieux - Sweet Misery,0.6711500040743377,TRCJKRP128F14A8FCC,The Monkees - I'll Spend My Life With You,0.6697169677297847,TRVVIWJ128F42697BA,Fat Joe - Preacher On A Sunday Morning,0.688377986229675,TRBZXAC12903CBB0CE,Atmosphere - Happymess,0.6853527735800584,TREWWOJ128F42742B2,Westside Connection - Superstar (Double Murder = Double Platinum),0.6848710777238295,TRDPGXU128F9339C2A,Beastie Boys - B-Boy Bouillabaisse: A.W.O.L. (2009 Digital Remaster),168.3488450129509,TRFUJVJ128F426F2A2,Lauryn Hill - Interlude 5,146.82394980561733,TRQAWKR128F425EEC3,Michael Jackson - Man In The Mirror,145.4149656041184,TROLRVR128F42437D1,Mississippi Fred McDowell - Shake 'Em On Down,99.02045519503697,TRQAWKR128F425EEC3,Michael Jackson - Man In The Mirror,95.84840569521617,TRDXZYL128E0791E8D,The Isley Brothers - Contagious,94.78185469687752,TRTZPUX128F930F5CB,Swans - Can't Find My Way Home,0.29385765057314417,TRLGCXQ128F1496464,Stevie Wonder - If You Really Love Me,0.2806653310247686,TRITWYU128F42922FA,Shannon Curfman - If You Change Your Mind,0.2728850477368289,TRTZPUX128F930F5CB,Swans - Can't Find My Way Home,0.3280646875267459,TRLGCXQ128F1496464,Stevie Wonder - If You Really Love Me,0.32013349837804267,TRITWYU128F42922FA,Shannon Curfman - If You Change Your Mind,0.31678359451428456
TRSOTQI128E0789132,SOURGXB12A6701F9E5,ARJW1SP1187FB4CA51,Pink Martini,Anna (el negro zumbon),latin,TRFUJVJ128F426F2A2,Lauryn Hill - Interlude 5,2965.0,TRUGLTC128F4227B93,Danity Kane - Hold Me Down (Album Version),2314.0,TRDPGXU128F9339C2A,Beastie Boys - B-Boy Bouillabaisse: A.W.O.L. (2009 Digital Remaster),2066.0,TRFUJVJ128F426F2A2,Lauryn Hill - Interlude 5,2587.8,TRUGLTC128F4227B93,Danity Kane - Hold Me Down (Album Version),2139.2374999999997,TRVLIZK128F428845E,Five - That's What You Told Me,1753.475,TRNIELN128F4275E78,Inti Illimani - El Arado,0.5589757276617543,TRVVZFC128F42359E5,Rosana - A fuego lento (directo Las Ventas),0.5495209923490755,TRJKOIH12903CE7D34,Thomas Dybdahl - U,0.49819676205622704,TRNIELN128F4275E78,Inti Illimani - El Arado,0.5687488472595515,TRVVZFC128F42359E5,Rosana - A fuego lento (directo Las Ventas),0.558964734607865,TRXKQGQ12903CB5CDA,Gloria Estefan - Nuevo Dia (New Day),0.5144103695797536,TRDVUEH12903D0FAA9,Violadores del Verso - La ciudad nunca duerme,296.66092723011053,TRIJHLY12903D0CE4D,Violadores del Verso - Cantando,283.5613626209924,TRNTYGF128F9302BD8,Juanes - Tu Y Yo,276.3267126266248,TRDVUEH12903D0FAA9,Violadores del Verso - La ciudad nunca duerme,229.1071118296097,TRNTYGF128F9302BD8,Juanes - Tu Y Yo,226.77483186961902,TRRATGY12903D138DB,Daddy Yankee - Grito Mundial,222.10408307197912,TRQPNOU128F429488E,Mecano - La Estación,0.3524321647866574,TRJWWFP128F934D169,Thievery Corporation - Exilio,0.3503214473198559,TRPGDLF128F9340FAA,El sueño de Morfeo - Ven,0.3440046690481341,TRQPNOU128F429488E,Mecano - La Estación,0.3737738044735396,TRPGDLF128F9340FAA,El sueño de Morfeo - Ven,0.3705493564961004,TRJWWFP128F934D169,Thievery Corporation - Exilio,0.360576729214896
TRZHOUV128F9316269,SOIYPYO12AB017C8BE,ARJW1SP1187FB4CA51,Chavela Vargas,Piensa en mi,latin,TRZZQIP128F92EFEAD,Abba - Move On,627.0,TRTHNFG12903D0CE54,Violadores del Verso - Dale tiempo al rumor,614.0,TRDOJIR128F42840C0,Horace Andy - Horse With No Name,601.0,TRZZQIP128F92EFEAD,Abba - Move On,599.3924999999996,TRTHNFG12903D0CE54,Violadores del Verso - Dale tiempo al rumor,579.7775,TRDOJIR128F42840C0,Horace Andy - Horse With No Name,576.1599999999987,TRSRORJ128E0791C74,Enrique Iglesias - La Chica De Ayer,0.6397449352162274,TRKRGBE128EF34AB72,Maelo Ruiz - Asi Eres Tu,0.5873872815717527,TRAQEOP12903CA65E2,Shakira - Tú,0.587070213862816,TRSRORJ128E0791C74,Enrique Iglesias - La Chica De Ayer,0.6470591680907622,TRKRGBE128EF34AB72,Maelo Ruiz - Asi Eres Tu,0.5960973863107749,TRAQEOP12903CA65E2,Shakira - Tú,0.5956847588351356,TRTHNFG12903D0CE54,Violadores del Verso - Dale tiempo al rumor,287.4308521144123,TROOGTK128F421BBE5,Frank Reyes - Que Voy A hacer Sin Tí,272.9363310905544,TRSVRQN128F42722CC,Willie Colon - Gitana,269.66753458533236,TRTHNFG12903D0CE54,Violadores del Verso - Dale tiempo al rumor,259.8508511307334,TROOGTK128F421BBE5,Frank Reyes - Que Voy A hacer Sin Tí,256.02672654406956,TRDHBXD128F93211F0,Victor Manuelle - Como Duele,249.3065732289018,TRFGZHR128F92F3434,Diego Torres - Después De Ti,0.5745798259226286,TRXBTXI128F42BBC74,Malu - No Voy A Cambiar,0.5181850029085673,TROOGTK128F421BBE5,Frank Reyes - Que Voy A hacer Sin Tí,0.5123498962388335,TRFGZHR128F92F3434,Diego Torres - Después De Ti,0.5853672521757631,TRXBTXI128F42BBC74,Malu - No Voy A Cambiar,0.5316012248324076,TROOGTK128F421BBE5,Frank Reyes - Que Voy A hacer Sin Tí,0.5262454487487807
TRPXMGA128F42A98BA,SOGHCII12D021B3225,ARB054P1187B9AD32E,Santana,Esperando,latin,TRDPGXU128F9339C2A,Beastie Boys - B-Boy Bouillabaisse: A.W.O.L. (2009 Digital Remaster),1122.0,TRRSNPA128F148C45E,The Roots - Mellow My Man,1113.0,TRIMKIC128F4271EA8,Nina Simone - My Baby Just Cares For Me,1109.0,TRIMKIC128F4271EA8,Nina Simone - My Baby Just Cares For Me,1051.8800000000012,TRRSNPA128F148C45E,The Roots - Mellow My Man,1021.0200000000002,TRDPGXU128F9339C2A,Beastie Boys - B-Boy Bouillabaisse: A.W.O.L. (2009 Digital Remaster),949.6600000000008,TRIMKIC128F4271EA8,Nina Simone - My Baby Just Cares For Me,0.4657479448889254,TRWAHZI12903D075D1,Patty Griffin - Waiting For My Child,0.4642737852125459,TRFAWIW128F9318B9B,Doyle Bramhall - Cryin',0.4440639999036589,TRWAHZI12903D075D1,Patty Griffin - Waiting For My Child,0.48348364324196236,TRIMKIC128F4271EA8,Nina Simone - My Baby Just Cares For Me,0.4783821398184999,TRFAWIW128F9318B9B,Doyle Bramhall - Cryin',0.46160054217113705,TRIJHLY12903D0CE4D,Violadores del Verso - Cantando,271.52927849143737,TRWAGNG128F4286598,Tego Calderon - Al Natural (Amended Version),270.21805312299125,TRMTPJG128F428F66B,Daddy Yankee - Todos Quieren A Raymond,267.07345955827526,TRWAGNG128F4286598,Tego Calderon - Al Natural (Amended Version),240.35587120505357,TRKHIVL128F9303677,Wilfrido Vargas - El Semáforo,228.3591183587404,TRQXFBU128F92C30CD,Estopa - Gulere Gulere,227.86729587178868,TRQXFBU128F92C30CD,Estopa - Gulere Gulere,0.4855978195925617,TRIFNHB128F426A5A3,Tito Rojas - He Chocado Con La Vida,0.4520027454503639,TRVIQQH128F930E704,Aterciopelados - El Diablo,0.4227012166729836,TRQXFBU128F92C30CD,Estopa - Gulere Gulere,0.5044347592419146,TRIFNHB128F426A5A3,Tito Rojas - He Chocado Con La Vida,0.4640144565831152,TRVIQQH128F930E704,Aterciopelados - El Diablo,0.44557295688255455
TRBYMWR128F425DD8E,SOMNTDT12A8AE47628,AR65K7A1187FB4DAA4,Beyoncé,Beautiful Liar (Bello Embustero),latin,TRFFSMS128F428BC88,Enrique Iglesias - Miss You,1932.0,TRTHNFG12903D0CE54,Violadores del Verso - Dale tiempo al rumor,1779.0,TRLUGVB128F428E704,Tracey Ullman - Breakaway,1748.0,TRFFSMS128F428BC88,Enrique Iglesias - Miss You,1844.1250000000023,TRLUGVB128F428E704,Tracey Ullman - Breakaway,1694.5350000000003,TRTHNFG12903D0CE54,Violadores del Verso - Dale tiempo al rumor,1685.2050000000006,TRWCDDJ128F9343D91,Frank Reyes - Vine A Decirte Adios,0.6821002016409206,TRRCXJT128F425BB27,Rey Ruiz - No Existe Un Lugar,0.6710903556626278,TRFKPYW128F92F21C5,Shakira - Años Luz,0.6434667545561343,TRWCDDJ128F9343D91,Frank Reyes - Vine A Decirte Adios,0.6859793305271504,TRRCXJT128F425BB27,Rey Ruiz - No Existe Un Lugar,0.6770187355102132,TRFKPYW128F92F21C5,Shakira - Años Luz,0.6510024687072693,TRIJHLY12903D0CE4D,Violadores del Verso - Cantando,697.4056678718887,TRTHNFG12903D0CE54,Violadores del Verso - Dale tiempo al rumor,667.3065871161175,TRMTPJG128F428F66B,Daddy Yankee - Todos Quieren A Raymond,531.8617348524248,TRIJHLY12903D0CE4D,Violadores del Verso - Cantando,638.071894295628,TRTHNFG12903D0CE54,Violadores del Verso - Dale tiempo al rumor,606.4050156029874,TRMTPJG128F428F66B,Daddy Yankee - Todos Quieren A Raymond,474.8065631573731,TRIJHLY12903D0CE4D,Violadores del Verso - Cantando,0.5954234141488494,TRMAYJY128F4281A3C,Grupo Niche - Buenaventura Y Caney,0.5779098551616887,TRUSLBO128F42B234E,Ana Torroja - Cruz De Navajas,0.5665776161505093,TRIJHLY12903D0CE4D,Violadores del Verso - Cantando,0.6141373226798932,TRMAYJY128F4281A3C,Grupo Niche - Buenaventura Y Caney,0.5950309300704897,TRUSLBO128F42B234E,Ana Torroja - Cruz De Navajas,0.5826842547496371
TRPAZDJ128F42881A1,SOGAFMO12D02199AD2,ARYN2M61187B995BD6,Juanes,Rosario Tijeras,latin,TRZZQIP128F92EFEAD,Abba - Move On,2808.0,TRDOJIR128F42840C0,Horace Andy - Horse With No Name,2595.0,TRTHNFG12903D0CE54,Violadores del Verso - Dale tiempo al rumor,2494.0,TRZZQIP128F92EFEAD,Abba - Move On,2730.801249999998,TRDOJIR128F42840C0,Horace Andy - Horse With No Name,2525.54,TRTHNFG12903D0CE54,Violadores del Verso - Dale tiempo al rumor,2398.3037499999978,TRRQFHI128F42AC06B,Joan Manuel Serrat - La Aristocracia del Barrio,0.8266839582292639,TRRHCOS128F4248193,Tito El Bambino - Sol_ Playa Y Arena,0.7903248421002738,TRVPQIU128F427CF25,Mercedes Sosa - El Cosechero,0.7583598406171177,TRRQFHI128F42AC06B,Joan Manuel Serrat - La Aristocracia del Barrio,0.8298251097347298,TRRHCOS128F4248193,Tito El Bambino - Sol_ Playa Y Arena,0.7937309125358529,TRVPQIU128F427CF25,Mercedes Sosa - El Cosechero,0.7626811957876786,TRDVUEH12903D0FAA9,Violadores del Verso - La ciudad nunca duerme,580.5162714703972,TRMQFDU128F93333E7,Gilberto Santa Rosa - Un Montón de Estrellas,579.2673652660634,TRTHNFG12903D0CE54,Violadores del Verso - Dale tiempo al rumor,567.2087800251645,TRMQFDU128F93333E7,Gilberto Santa Rosa - Un Montón de Estrellas,540.5191384364907,TRDVUEH12903D0FAA9,Violadores del Verso - La ciudad nunca duerme,532.0705090360478,TRDHBXD128F93211F0,Victor Manuelle - Como Duele,526.9932250743323,TRATDIZ128F4242796,Café Quijano - En Algún Rincón,0.6029043238637087,TRTSYZZ128F14A234C,Abuela Coca - Se Duerme,0.6022139099229448,TRAJKDR128F42270D6,Aventura - Me Voy,0.5846476537705627,TRATDIZ128F4242796,Café Quijano - En Algún Rincón,0.6156095776277264,TRTSYZZ128F14A234C,Abuela Coca - Se Duerme,0.6153066080890786,TRAJKDR128F42270D6,Aventura - Me Voy,0.600692101569626
TRHZGZO128F9341C4A,SOAUETF12D02199708,ARLUF1T1187FB3603B,Ricardo Arjona,Animal Nocturno,latin,TRTHNFG12903D0CE54,Violadores del Verso - Dale tiempo al rumor,2421.0,TRIJHLY12903D0CE4D,Violadores del Verso - Cantando,2178.0,TRDVUEH12903D0FAA9,Violadores del Verso - La ciudad nunca duerme,1658.0,TRTHNFG12903D0CE54,Violadores del Verso - Dale tiempo al rumor,2339.2462500000006,TRIJHLY12903D0CE4D,Violadores del Verso - Cantando,2105.9212499999985,TRTJLTW12903CFF1E9,Los Van Van - El Negro Está Cocinando,1606.0437499999985,TRFASPF128F4277844,Los Van Van - Quien No Ha Dicho Una Mentira,0.8838088464808684,TRPHPAU128F933CF88,El Barrio - Don Manuel Sr. Molina,0.8621295216693521,TRZKNKR128F146B508,Juan Carlos Baglietto - Cuando,0.8582421817882168,TRFASPF128F4277844,Los Van Van - Quien No Ha Dicho Una Mentira,0.8865650602336969,TRPHPAU128F933CF88,El Barrio - Don Manuel Sr. Molina,0.8654340962571605,TRZKNKR128F146B508,Juan Carlos Baglietto - Cuando,0.86156836677929,TRTHNFG12903D0CE54,Violadores del Verso - Dale tiempo al rumor,593.7730655231278,TRIJHLY12903D0CE4D,Violadores del Verso - Cantando,581.8188171914793,TRDVUEH12903D0FAA9,Violadores del Verso - La ciudad nunca duerme,530.7410795906516,TRTHNFG12903D0CE54,Violadores del Verso - Dale tiempo al rumor,541.4380184149423,TRIJHLY12903D0CE4D,Violadores del Verso - Cantando,530.8310387471989,TRDVUEH12903D0FAA9,Violadores del Verso - La ciudad nunca duerme,486.45008374961026,TRJGMCS128F42941DD,Natalia Oreiro - Rio De La Plata,0.6926384762320476,TRQFRJM128F92F0EB8,Silvio Rodríguez - Santiago de Chile,0.687452648736192,TRZKNKR128F146B508,Juan Carlos Baglietto - Cuando,0.6834787577813614,TRJGMCS128F42941DD,Natalia Oreiro - Rio De La Plata,0.7044632839768111,TRQFRJM128F92F0EB8,Silvio Rodríguez - Santiago de Chile,0.697562385480217,TRZKNKR128F146B508,Juan Carlos Baglietto - Cuando,0.6965366846398287
TRDFNLR12903CB0FE4,SOFDJSB12AB0183B5B,ARGN0KR1187B991A99,Camila,Alejate De Mi,latin,TRTHNFG12903D0CE54,Violadores del Verso - Dale tiempo al rumor,2804.0,TRWQZXS128F92DB731,Victor Manuelle - Lloré Lloré,2504.0,TRTJLTW12903CFF1E9,Los Van Van - El Negro Está Cocinando,2440.0,TRTHNFG12903D0CE54,Violadores del Verso - Dale tiempo al rumor,2682.9537500000015,TRWQZXS128F92DB731,Victor Manuelle - Lloré Lloré,2440.4924999999985,TRTJLTW12903CFF1E9,Los Van Van - El Negro Está Cocinando,2371.95625,TRUGDLC128F428EA24,Aventura - Obsesion (English Remix_ Album Version),0.7841278322562836,TRFCKGO128F92F0C78,Bebe - La Coqueta,0.7807775059034003,TRTUZCM128F92F0530,Edurne - Aqui Se Termino (Never Forever),0.7678101767569764,TRUGDLC128F428EA24,Aventura - Obsesion (English Remix_ Album Version),0.7898638191270088,TRFCKGO128F92F0C78,Bebe - La Coqueta,0.7863864435880652,TRTUZCM128F92F0530,Edurne - Aqui Se Termino (Never Forever),0.7735494241238626,TRTHNFG12903D0CE54,Violadores del Verso - Dale tiempo al rumor,743.880461242836,TRUKWZW128F92CADC2,Daddy Yankee - Como Y Vete,663.473688256411,TRIJHLY12903D0CE4D,Violadores del Verso - Cantando,662.8965462580029,TRTHNFG12903D0CE54,Violadores del Verso - Dale tiempo al rumor,677.4569687850837,TRUKWZW128F92CADC2,Daddy Yankee - Como Y Vete,611.7297749642324,TRIJHLY12903D0CE4D,Violadores del Verso - Cantando,598.1830033442048,TRVRPTI128F92EB390,Il Divo - Enamorado,0.7029116094570595,TRGDVMS128F9334F25,Aventura - Enséñame A Olvidar,0.6311031066707753,TRZVCFO128F9309204,Illya Kuryaki And The Valderramas - Virgen De Riña,0.6188521107908567,TRVRPTI128F92EB390,Il Divo - Enamorado,0.7107875507710657,TRGDVMS128F9334F25,Aventura - Enséñame A Olvidar,0.6470741923482867,TRZVCFO128F9309204,Illya Kuryaki And The Valderramas - Virgen De Riña,0.6298890993072591
TROBWIG12903CB0FD7,SODWRNB12AB0183B3B,ARGN0KR1187B991A99,Camila,Entre Tus Alas,latin,TRTHNFG12903D0CE54,Violadores del Verso - Dale tiempo al rumor,1915.0,TRIJHLY12903D0CE4D,Violadores del Verso - Cantando,1542.0,TRWQZXS128F92DB731,Victor Manuelle - Lloré Lloré,1308.0,TRTHNFG12903D0CE54,Violadores del Verso - Dale tiempo al rumor,1839.5837499999984,TRIJHLY12903D0CE4D,Violadores del Verso - Cantando,1475.5087500000002,TRWQZXS128F92DB731,Victor Manuelle - Lloré Lloré,1268.4324999999994,TRPMUDQ128F425218E,Carlos Vives - 19 De Noviembre,0.8158806214442499,TROIVHS128F931D5F0,Fanny Lu - Es Por Ti,0.7986090887480755,TRLTIHK128F42521C0,Carlos Vives - Amor Latino,0.7882810532143907,TRPMUDQ128F425218E,Carlos Vives - 19 De Noviembre,0.8195208037719853,TROIVHS128F931D5F0,Fanny Lu - Es Por Ti,0.8025887616656597,TRLTIHK128F42521C0,Carlos Vives - Amor Latino,0.7918395959918446,TRTHNFG12903D0CE54,Violadores del Verso - Dale tiempo al rumor,492.2421250051935,TRIJHLY12903D0CE4D,Violadores del Verso - Cantando,490.5261126846102,TRJQEVJ128F9348106,Panteón Rococó - La Dosis Perfecta,458.22598086221353,TRTHNFG12903D0CE54,Violadores del Verso - Dale tiempo al rumor,444.8716581190448,TRIJHLY12903D0CE4D,Violadores del Verso - Cantando,444.3751105578663,TRJQEVJ128F9348106,Panteón Rococó - La Dosis Perfecta,431.54375451741885,TRUQGGJ128F427E02B,Enrique Iglesias - Lloro Por Ti,0.6547883577275536,TRQXAVO128F42BBC77,Malu - Llanto Lloro,0.6375971955512225,TRQWLTN128F4289D77,Luis Miguel - Pensar En Ti,0.6351750253989954,TRUQGGJ128F427E02B,Enrique Iglesias - Lloro Por Ti,0.6656133421366834,TRQXAVO128F42BBC77,Malu - Llanto Lloro,0.6494213925497083,TRQWLTN128F4289D77,Luis Miguel - Pensar En Ti,0.6458396748942069
TRDWUTF12903CA9249,SODRAIV12A8C1430AB,ARGN0KR1187B991A99,Camila,Me Basto,latin,TRTHNFG12903D0CE54,Violadores del Verso - Dale tiempo al rumor,1368.0,TRIJHLY12903D0CE4D,Violadores del Verso - Cantando,1265.0,TRUKWZW128F92CADC2,Daddy Yankee - Como Y Vete,1257.0,TRTHNFG12903D0CE54,Violadores del Verso - Dale tiempo al rumor,1294.4849999999992,TRIJHLY12903D0CE4D,Violadores del Verso - Cantando,1200.1849999999995,TRUKWZW128F92CADC2,Daddy Yankee - Como Y Vete,1200.1600000000003,TRWHWCD128E0788AF3,Luz Casal - No Te Vayas,0.6970393645830328,TRENEPN128F148867B,Intocable - Te Extrano,0.6900673011204164,TREGBAS128F145EC8B,Enrique Iglesias - Al Despertar,0.6868878800974585,TRWHWCD128E0788AF3,Luz Casal - No Te Vayas,0.7033607175156156,TRENEPN128F148867B,Intocable - Te Extrano,0.6967956337518377,TREGBAS128F145EC8B,Enrique Iglesias - Al Despertar,0.693488685426632,TRTHNFG12903D0CE54,Violadores del Verso - Dale tiempo al rumor,528.551162469587,TRIJHLY12903D0CE4D,Violadores del Verso - Cantando,473.02451290621525,TRYECON128F423ABA0,Jowell & Randy - Te Ando Buscando,428.88645090247786,TRTHNFG12903D0CE54,Violadores del Verso - Dale tiempo al rumor,482.9853680788046,TRIJHLY12903D0CE4D,Violadores del Verso - Cantando,428.6317253305733,TRYECON128F423ABA0,Jowell & Randy - Te Ando Buscando,399.8149178333779,TRYBLUI12903CED189,Julieta Venegas - Despedida,0.5888646223001888,TRKRVZL128F427F848,Nena Daconte - Pierdo El Tiempo,0.5687796372661691,TRUSJCP128F9302495,Rey Ruiz - No Me Acostumbro,0.5665460635048885,TRYBLUI12903CED189,Julieta Venegas - Despedida,0.6012606478596212,TRKRVZL128F427F848,Nena Daconte - Pierdo El Tiempo,0.5819665112003407,TRUSJCP128F9302495,Rey Ruiz - No Me Acostumbro,0.5818873963841845
TRCRNBS128F9347F55,SOTOLCQ12AF729AC84,ARGN0KR1187B991A99,Camila,Va Para Ti,latin,TRFFSMS128F428BC88,Enrique Iglesias - Miss You,3888.0,TRLUGVB128F428E704,Tracey Ullman - Breakaway,3474.0,TRTJLTW12903CFF1E9,Los Van Van - El Negro Está Cocinando,2940.0,TRFFSMS128F428BC88,Enrique Iglesias - Miss You,3773.9999999999936,TRLUGVB128F428E704,Tracey Ullman - Breakaway,3404.64,TRTJLTW12903CFF1E9,Los Van Van - El Negro Está Cocinando,2871.6000000000045,TRTFDDQ128F932252E,Moenia - Manto Estelar,0.8178395890882619,TRQPNOU128F429488E,Mecano - La Estación,0.7808296081882468,TRUSJCP128F9302495,Rey Ruiz - No Me Acostumbro,0.682261197446503,TRTFDDQ128F932252E,Moenia - Manto Estelar,0.8202663217275167,TRQPNOU128F429488E,Mecano - La Estación,0.78266981996399,TRUSJCP128F9302495,Rey Ruiz - No Me Acostumbro,0.6868530733604221,TRIJHLY12903D0CE4D,Violadores del Verso - Cantando,526.2208836306183,TRSVRQN128F42722CC,Willie Colon - Gitana,488.9170143254235,TRTHNFG12903D0CE54,Violadores del Verso - Dale tiempo al rumor,488.9130521987026,TRIJHLY12903D0CE4D,Violadores del Verso - Cantando,478.4271588454465,TRSVRQN128F42722CC,Willie Colon - Gitana,451.19615733008453,TRTHNFG12903D0CE54,Violadores del Verso - Dale tiempo al rumor,439.85645639425786,TRTFDDQ128F932252E,Moenia - Manto Estelar,0.5684671369066013,TRNONNX128F42903F6,Pablo Milanés - Te Quiero Porque Te Quiero,0.5661098627150488,TRXSRCA128F4234DA5,Ricardo Montaner - La Novia Del Sol (La Canción de Evaluna),0.5509446050992031,TRTFDDQ128F932252E,Moenia - Manto Estelar,0.5802999489086781,TRNONNX128F42903F6,Pablo Milanés - Te Quiero Porque Te Quiero,0.5788657412155469,TRXSRCA128F4234DA5,Ricardo Montaner - La Novia Del Sol (La Canción de Evaluna),0.5644360761008821
TRDYKYQ12903CAD2B8,SOCDZHG12A58A81315,AR81DGA1187B9A0A43,Reik,Fui,latin,TRTHNFG12903D0CE54,Violadores del Verso - Dale tiempo al rumor,1123.0,TRIJHLY12903D0CE4D,Violadores del Verso - Cantando,963.0,TRDVUEH12903D0FAA9,Violadores del Verso - La ciudad nunca duerme,811.0,TRTHNFG12903D0CE54,Violadores del Verso - Dale tiempo al rumor,1074.8349999999987,TRIJHLY12903D0CE4D,Violadores del Verso - Cantando,920.5350000000005,TRDVUEH12903D0FAA9,Violadores del Verso - La ciudad nunca duerme,778.5099999999998,TRUQGGJ128F427E02B,Enrique Iglesias - Lloro Por Ti,0.7716727929981986,TROGMKJ128F92F0924,Gilberto Santa Rosa - No Pense Enamorarme Otra Vez,0.7387701560116819,TRBMGCF128F42785D0,Canteca de macao - La rabia,0.7303017281159597,TRUQGGJ128F427E02B,Enrique Iglesias - Lloro Por Ti,0.7766371888415745,TROGMKJ128F92F0924,Gilberto Santa Rosa - No Pense Enamorarme Otra Vez,0.7448531250656283,TRBMGCF128F42785D0,Canteca de macao - La rabia,0.7356504997947901,TRDVUEH12903D0FAA9,Violadores del Verso - La ciudad nunca duerme,385.8546915483395,TRIJHLY12903D0CE4D,Violadores del Verso - Cantando,380.53080573036345,TRTHNFG12903D0CE54,Violadores del Verso - Dale tiempo al rumor,375.75778306331574,TRDVUEH12903D0FAA9,Violadores del Verso - La ciudad nunca duerme,354.0533488512314,TRNMIBF12903D1125E,Violadores del Verso - No Paseis Por Alto A Los Genios,345.762089965921,TRIJHLY12903D0CE4D,Violadores del Verso - Cantando,343.921111482571,TRIRWZI128F933FDE3,Rey Ruiz - Enamorado,0.6331108672025895,TRHPSHA128F92EFD94,Il Divo - Por Ti Seré (You Raise Me Up),0.6110990751704114,TRGJXTC128F4278ECC,Shakira - Que Me Quedes Tu,0.6097328357048454,TRIRWZI128F933FDE3,Rey Ruiz - Enamorado,0.6450950388157899,TRGJXTC128F4278ECC,Shakira - Que Me Quedes Tu,0.6210171953931091,TRHPSHA128F92EFD94,Il Divo - Por Ti Seré (You Raise Me Up),0.6209211958474123
TRAYQRI12903CAD2A1,SOFPPPB12AB018BB18,AR81DGA1187B9A0A43,Reik,Ilusionado,latin,TRTHNFG12903D0CE54,Violadores del Verso - Dale tiempo al rumor,1263.0,TRTJLTW12903CFF1E9,Los Van Van - El Negro Está Cocinando,1189.0,TRIJHLY12903D0CE4D,Violadores del Verso - Cantando,1154.0,TRTHNFG12903D0CE54,Violadores del Verso - Dale tiempo al rumor,1195.18875,TRTJLTW12903CFF1E9,Los Van Van - El Negro Está Cocinando,1150.8812499999983,TRIJHLY12903D0CE4D,Violadores del Verso - Cantando,1094.2137500000006,TRFCKGO128F92F0C78,Bebe - La Coqueta,0.6863901532702039,TRMTPJG128F428F66B,Daddy Yankee - Todos Quieren A Raymond,0.6720259445806498,TRCUPON128F1494547,Fonseca - Sueño,0.6594268454630716,TRFCKGO128F92F0C78,Bebe - La Coqueta,0.6949663275352392,TRMTPJG128F428F66B,Daddy Yankee - Todos Quieren A Raymond,0.682693490330219,TRCUPON128F1494547,Fonseca - Sueño,0.6674967319502595,TRMTPJG128F428F66B,Daddy Yankee - Todos Quieren A Raymond,518.7700244854651,TRTHNFG12903D0CE54,Violadores del Verso - Dale tiempo al rumor,480.9333904771457,TRIJHLY12903D0CE4D,Violadores del Verso - Cantando,468.33179834801797,TRMTPJG128F428F66B,Daddy Yankee - Todos Quieren A Raymond,468.112945932007,TRTHNFG12903D0CE54,Violadores del Verso - Dale tiempo al rumor,426.86124240512,TRIJHLY12903D0CE4D,Violadores del Verso - Cantando,415.6516373804823,TRVCMJB128F1484281,Tego Calderon - Llévatelo Todo (Album Version),0.5483926738138796,TRQYCDU128F14725AA,Plastilina Mosh - Enzo,0.5461572418553056,TRMTPJG128F428F66B,Daddy Yankee - Todos Quieren A Raymond,0.5258586497662131,TRVCMJB128F1484281,Tego Calderon - Llévatelo Todo (Album Version),0.5660923637469067,TRQYCDU128F14725AA,Plastilina Mosh - Enzo,0.5640449073383922,TRMTPJG128F428F66B,Daddy Yankee - Todos Quieren A Raymond,0.5493372599216735
TRGFMTT12903CAD2A2,SOIKGCB12AF72A11C6,AR81DGA1187B9A0A43,Reik,Piel De Ciudad,latin,TRIJHLY12903D0CE4D,Violadores del Verso - Cantando,1253.0,TRTHNFG12903D0CE54,Violadores del Verso - Dale tiempo al rumor,1226.0,TRWQZXS128F92DB731,Victor Manuelle - Lloré Lloré,1193.0,TRIJHLY12903D0CE4D,Violadores del Verso - Cantando,1190.4200000000005,TRWQZXS128F92DB731,Victor Manuelle - Lloré Lloré,1155.7599999999995,TRTHNFG12903D0CE54,Violadores del Verso - Dale tiempo al rumor,1155.019999999999,TRKHWEU128F14A1E03,Lynda - Voy A Seguir,0.6220650450528378,TRNTYGF128F9302BD8,Juanes - Tu Y Yo,0.5986533732258902,TRDFNLR12903CB0FE4,Camila - Alejate De Mi,0.5929319239744409,TRKHWEU128F14A1E03,Lynda - Voy A Seguir,0.6320537686475144,TRNTYGF128F9302BD8,Juanes - Tu Y Yo,0.608231897975064,TRDFNLR12903CB0FE4,Camila - Alejate De Mi,0.6027363984654994,TRIJHLY12903D0CE4D,Violadores del Verso - Cantando,591.1201497328946,TRNTYGF128F9302BD8,Juanes - Tu Y Yo,501.13955845446344,TRMTPJG128F428F66B,Daddy Yankee - Todos Quieren A Raymond,494.29467764640356,TRIJHLY12903D0CE4D,Violadores del Verso - Cantando,542.8714805961467,TRNTYGF128F9302BD8,Juanes - Tu Y Yo,470.3966498640903,TRMTPJG128F428F66B,Daddy Yankee - Todos Quieren A Raymond,447.8989078220436,TRNTYGF128F9302BD8,Juanes - Tu Y Yo,0.5947861029355404,TRZVPJH128F931D774,Love Of Lesbian - El ectoplasta,0.5695655748500449,TRDJOQZ128F42AF0BD,Victor Manuelle - Hazme Sentir,0.54325215873306,TRNTYGF128F9302BD8,Juanes - Tu Y Yo,0.6086665967351879,TRZVPJH128F931D774,Love Of Lesbian - El ectoplasta,0.5838625717078454,TRDJOQZ128F42AF0BD,Victor Manuelle - Hazme Sentir,0.5581996756059193
TRJXNZL128F92E54EE,SOQUZCC12A8C140463,AR81DGA1187B9A0A43,Reik,Quedate,latin,TRTHNFG12903D0CE54,Violadores del Verso - Dale tiempo al rumor,2547.0,TRTJLTW12903CFF1E9,Los Van Van - El Negro Está Cocinando,2002.0,TRIJHLY12903D0CE4D,Violadores del Verso - Cantando,1951.0,TRTHNFG12903D0CE54,Violadores del Verso - Dale tiempo al rumor,2454.4725000000017,TRTJLTW12903CFF1E9,Los Van Van - El Negro Está Cocinando,1949.9874999999997,TRIJHLY12903D0CE4D,Violadores del Verso - Cantando,1869.4225000000004,TRCGFAS128F9315CEE,Gilberto Santa Rosa - Ni Te Llamo Ni Te Busco,0.827953090989964,TREPEYQ128F9334F30,Aventura - Todavía Me Amas,0.8220633955761235,TRTUZCM128F92F0530,Edurne - Aqui Se Termino (Never Forever),0.8118627566400873,TRCGFAS128F9315CEE,Gilberto Santa Rosa - Ni Te Llamo Ni Te Busco,0.8315872982003084,TREPEYQ128F9334F30,Aventura - Todavía Me Amas,0.8260536790580612,TRTUZCM128F92F0530,Edurne - Aqui Se Termino (Never Forever),0.8160223564817328,TRTHNFG12903D0CE54,Violadores del Verso - Dale tiempo al rumor,601.9432186945251,TRIJHLY12903D0CE4D,Violadores del Verso - Cantando,550.3739782498799,TRDVUEH12903D0FAA9,Violadores del Verso - La ciudad nunca duerme,485.3772147505006,TRTHNFG12903D0CE54,Violadores del Verso - Dale tiempo al rumor,545.4282112875317,TRIJHLY12903D0CE4D,Violadores del Verso - Cantando,495.3138448274726,TRQEFSL12903CAAC57,Johnny Prez - Entra,441.7687982661287,TRXBTXI128F42BBC74,Malu - No Voy A Cambiar,0.6176564652515432,TRXCVRQ128F92DE6A5,KALIMBA - Se Te Olvido,0.606858394584786,TRFLKNV128F9319FD1,Elvis Crespo - Vuelve Conmigo,0.6049318609216806,TRXBTXI128F42BBC74,Malu - No Voy A Cambiar,0.63348150638916,TRXCVRQ128F92DE6A5,KALIMBA - Se Te Olvido,0.6229438610763682,TRFLKNV128F9319FD1,Elvis Crespo - Vuelve Conmigo,0.6176540748472196
TRDOVAF128F93112F7,SOLRFDT12AB0183B0D,ARU3BQ91187FB5A3D6,Animal Collective,Brother Sport,latin,TRFUJVJ128F426F2A2,Lauryn Hill - Interlude 5,2783.0,TRQAWKR128F425EEC3,Michael Jackson - Man In The Mirror,2126.0,TRLCWTH128F92C7F82,Marques Houston - Cancel (Album Version),2124.0,TRFUJVJ128F426F2A2,Lauryn Hill - Interlude 5,2514.3600000000006,TRLCWTH128F92C7F82,Marques Houston - Cancel (Album Version),2032.5674999999997,TRCDMRL12903CB105C,Fatboy Slim - Acid 8000,1974.2424999999996,TRKBZBS128F148328F,Fergie - Get Your Hands Up,0.5837471954337078,TRLYAKZ128F42A3750,Ignite - In Moderation,0.5651490092363551,TRWWVGC12903CB5C50,Depeche Mode - Freestate,0.5593264021266142,TRKBZBS128F148328F,Fergie - Get Your Hands Up,0.5941177712013598,TRLYAKZ128F42A3750,Ignite - In Moderation,0.5773178593548627,TRWWVGC12903CB5C50,Depeche Mode - Freestate,0.5692627890631652,TRIFVKW128F145C141,Gang Starr - The Illest Brother,141.21818268596556,TRYCBLK12903CE6A0E,Twiztid - She Ain't Afraid,131.18492461878165,TRFUJVJ128F426F2A2,Lauryn Hill - Interlude 5,127.17750080840958,TRIFVKW128F145C141,Gang Starr - The Illest Brother,103.38737914587492,TRZYBSS128F145806B,Us3 - Just Another Brother,95.5363851809407,TRYCBLK12903CE6A0E,Twiztid - She Ain't Afraid,88.76928348493338,TRDQART128F149E047,Praga Khan - Far Beyond The Sun,0.3097906707574196,TRWWVGC12903CB5C50,Depeche Mode - Freestate,0.2934927291620048,TRHDFNW12903CCD371,Buddy Holly - Door To My Heart,0.2872305349689678,TRDQART128F149E047,Praga Khan - Far Beyond The Sun,0.33354343239699313,TRWWVGC12903CB5C50,Depeche Mode - Freestate,0.31869172821185393,TRHDFNW12903CCD371,Buddy Holly - Door To My Heart,0.3074295665348238
TRVPMSA128F9331D03,SOJQZHG12AB0185EAB,ART5MUE1187B98C961,Metallica,The Prince,metal,TRDPGXU128F9339C2A,Beastie Boys - B-Boy Bouillabaisse: A.W.O.L. (2009 Digital Remaster),1689.0,TRFUJVJ128F426F2A2,Lauryn Hill - Interlude 5,1523.0,TREBGAA128E078FC52,Erykah Badu - I Want You,1448.0,TRDPGXU128F9339C2A,Beastie Boys - B-Boy Bouillabaisse: A.W.O.L. (2009 Digital Remaster),1505.88875,TREBGAA128E078FC52,Erykah Badu - I Want You,1367.5262500000008,TRFUJVJ128F426F2A2,Lauryn Hill - Interlude 5,1304.04,TRSWKNA128F9309B44,Diana Krall - I've Grown Accustomed To His Face,0.5553501946748307,TRTKXNY12903CB661C,Gil Scott-Heron - Me And The Devil,0.5370830567350977,TRQILML128F4262175,The Pietasters - Crime,0.5270964997743186,TRSWKNA128F9309B44,Diana Krall - I've Grown Accustomed To His Face,0.5705951008000594,TRTKXNY12903CB661C,Gil Scott-Heron - Me And The Devil,0.5592928659148159,TRQILML128F4262175,The Pietasters - Crime,0.5432249025218393,TRDPGXU128F9339C2A,Beastie Boys - B-Boy Bouillabaisse: A.W.O.L. (2009 Digital Remaster),148.3628896133057,TRDUSIG12903CA5FCB,Savatage - The Hourglass,124.53723403959891,TRTLIKK128E07862DA,Ja Rule - One of Us,121.80415993119982,TRKHOOZ128F42387D7,Scapegoat - Marry the Devil,77.59946709357466,TRSZGTQ128F42BBA74,Jamiroquai - Corner Of The Earth,76.31328760503523,TRJZYQR128F148C5CE,Insane Clown Posse - Piggy Pie,74.22581201231917,TRYBBGR12903CB1675,Stoa - I Wish You Could Smile,0.3004128858315713,TRJTHGK12903CB120B,Stoa - Autumn,0.2882397721550118,TRKHOOZ128F42387D7,Scapegoat - Marry the Devil,0.23802884825446705,TRYBBGR12903CB1675,Stoa - I Wish You Could Smile,0.32712547654860236,TRJTHGK12903CB120B,Stoa - Autumn,0.3124043981227204,TRKHOOZ128F42387D7,Scapegoat - Marry the Devil,0.28770190978251703
TRPCZPE12903CAF5BD,SOAVPPJ12A8C13EFBC,ARC9CR51187FB51A13,Avenged Sevenfold,Second Heartbeat,metal,TRFUJVJ128F426F2A2,Lauryn Hill - Interlude 5,3310.0,TRDPGXU128F9339C2A,Beastie Boys - B-Boy Bouillabaisse: A.W.O.L. (2009 Digital Remaster),2658.0,TRWSYHO128F4282346,Twista - I'm A Winner (Amended Album Version),2620.0,TRFUJVJ128F426F2A2,Lauryn Hill - Interlude 5,2890.4800000000005,TRWSYHO128F4282346,Twista - I'm A Winner (Amended Album Version),2345.83,TRDPGXU128F9339C2A,Beastie Boys - B-Boy Bouillabaisse: A.W.O.L. (2009 Digital Remaster),2307.165000000001,TRWUTHA128F423EE32,Rufio - Just a Memory,0.6473704752904108,TRROYWN128F92E41F7,Leon Jackson - A Song For You,0.6379830512215763,TRCKMDM128F148BEA7,Musiq - Whereareyougoing,0.6376728308327373,TRWUTHA128F423EE32,Rufio - Just a Memory,0.6689599218780159,TRROYWN128F92E41F7,Leon Jackson - A Song For You,0.6590634224753672,TRCKMDM128F148BEA7,Musiq - Whereareyougoing,0.658762686126843,TRDUSIG12903CA5FCB,Savatage - The Hourglass,253.71388398180062,TRCHZXW128E079288A,Eminem - 8 Mile,249.77491780224562,TRDPGXU128F9339C2A,Beastie Boys - B-Boy Bouillabaisse: A.W.O.L. (2009 Digital Remaster),231.02824811805982,TRDUSIG12903CA5FCB,Savatage - The Hourglass,139.5376370494836,TRCHZXW128E079288A,Eminem - 8 Mile,117.15157166271212,TRVADAK12903CDDEEB,Wolverine - Towards Loss,116.86971618528943,TRMRLGG128F92E2653,John Lee Hooker - It Serves Me Right To Suffer,0.30149431727505555,TRVADAK12903CDDEEB,Wolverine - Towards Loss,0.29892607885872,TRWNSHP128F42424E8,Mest - Can't Take This (Album Version),0.2808744567757915,TRVADAK12903CDDEEB,Wolverine - Towards Loss,0.3732069040673083,TRWNSHP128F42424E8,Mest - Can't Take This (Album Version),0.3397763094237899,TRPNFBQ128F9319B2B,Keith Whitley - A Day In The Life Of A Fool,0.339254223209348
TRNUDHG12903CAF56B,SOLFXQT12A8C13E06C,ARC9CR51187FB51A13,Avenged Sevenfold,To End The Rapture,metal,TRFUJVJ128F426F2A2,Lauryn Hill - Interlude 5,626.0,TRTLIKK128E07862DA,Ja Rule - One of Us,343.0,TRLDRYJ128F930BBB4,Pain of Salvation - Spitfall,341.0,TRFUJVJ128F426F2A2,Lauryn Hill - Interlude 5,578.16,TRLDRYJ128F930BBB4,Pain of Salvation - Spitfall,317.9899999999998,TRTLIKK128E07862DA,Ja Rule - One of Us,314.075,TRGFZZN128F14530CA,Theatres Des Vampires - Throne Of Dark Immortals,0.5734606966845801,TRFCNPY128F934AF94,Anacrusis - What You Became,0.5537710997797856,TRBDCVT128F428CB03,Incantation - Apocalyptic Destroyer of Angels,0.5409897585041069,TRGFZZN128F14530CA,Theatres Des Vampires - Throne Of Dark Immortals,0.583115436899835,TRFCNPY128F934AF94,Anacrusis - What You Became,0.5634006699500398,TRQENBA128F426093C,Bad Religion - Chimaera (Album Version),0.5513067596400915,TRDUSIG12903CA5FCB,Savatage - The Hourglass,52.159222958358505,TRDFTPP128F427550C,Josh Groban - It Came Upon A Midnight Clear (Album Version),43.67713846339686,TRDGICW128F42963E2,Recoil - Curse,42.399027958243806,TRDFTPP128F427550C,Josh Groban - It Came Upon A Midnight Clear (Album Version),40.32029534244006,TROQKIY128F14940BE,Nik Kershaw - City Of Angels,35.41368404584396,TRDUSIG12903CA5FCB,Savatage - The Hourglass,33.979518923560164,TRZEEDN128F427F141,Natalie Cole - Ev'ry Time We Say Goodbye,0.2999561112863061,TRDFTPP128F427550C,Josh Groban - It Came Upon A Midnight Clear (Album Version),0.26979118843052946,TRBDCVT128F428CB03,Incantation - Apocalyptic Destroyer of Angels,0.26817999516854174,TRZEEDN128F427F141,Natalie Cole - Ev'ry Time We Say Goodbye,0.31895803663368844,TRDFTPP128F427550C,Josh Groban - It Came Upon A Midnight Clear (Album Version),0.2858116316630535,TRBDCVT128F428CB03,Incantation - Apocalyptic Destroyer of Angels,0.28546663370917
TRJAABI12903CF759F,SOKACRK12AC90759DA,ARJ94571187B98C352,blessthefall,Witness,metal,TRFUJVJ128F426F2A2,Lauryn Hill - Interlude 5,5559.0,TRWSYHO128F4282346,Twista - I'm A Winner (Amended Album Version),4362.0,TRGLNKG128F9307689,Eminem - My Darling,3888.0,TRFUJVJ128F426F2A2,Lauryn Hill - Interlude 5,5165.240000000001,TRWSYHO128F4282346,Twista - I'm A Winner (Amended Album Version),4104.665,TRGLNKG128F9307689,Eminem - My Darling,3646.982500000001,TRGLJRY128F14841E2,"Brand New Heavies_ The - You Are The Universe (Roger's Universal 7"" Edit)",0.7550326775457143,TRECPVN128F4220E22,Chiasm - Incision,0.7536400580169562,TRQYUKJ12903C9A1CE,Kevin Devine - It's Only Your Life,0.7516731253085135,TRECPVN128F4220E22,Chiasm - Incision,0.7617512019044316,TRGLJRY128F14841E2,"Brand New Heavies_ The - You Are The Universe (Roger's Universal 7"" Edit)",0.7607870252913538,TRQYUKJ12903C9A1CE,Kevin Devine - It's Only Your Life,0.7596541767604351,TRTLIKK128E07862DA,Ja Rule - One of Us,203.3061826526858,TRFUJVJ128F426F2A2,Lauryn Hill - Interlude 5,171.56200956809965,TRDPGXU128F9339C2A,Beastie Boys - B-Boy Bouillabaisse: A.W.O.L. (2009 Digital Remaster),165.48967670729067,TRTLIKK128E07862DA,Ja Rule - One of Us,138.052382535899,TRVGTSJ128F92DF8E2,Toni Braxton - Breathe Again,129.31944894767966,TRLAJBH128F145C5D8,Beverley Knight - Till I See Ya,113.08826219192538,TRHNRCJ128F93293A9,Combichrist - without emotions,0.3012984513086677,TREAJPF128F429E1E2,Milk Inc. - Breathe Without You,0.29308295310698074,TRVGTSJ128F92DF8E2,Toni Braxton - Breathe Again,0.28740922268850017,TRVGTSJ128F92DF8E2,Toni Braxton - Breathe Again,0.32873593058592293,TREAJPF128F429E1E2,Milk Inc. - Breathe Without You,0.32226887145713873,TRMUKCM128F42731D1,Beverley Craven - Say You're Sorry,0.31377515867649713
TRREMAP128F42983BD,SOWEDJU12D02198FF6,ARU6HMT1187FB38801,HIM,Heartache Every Moment,metal,TRFUJVJ128F426F2A2,Lauryn Hill - Interlude 5,2505.0,TRGUCIR128F933D817,Vanilla Ice - Ice Is Workin' It,1834.0,TRDPGXU128F9339C2A,Beastie Boys - B-Boy Bouillabaisse: A.W.O.L. (2009 Digital Remaster),1811.0,TRFUJVJ128F426F2A2,Lauryn Hill - Interlude 5,2229.0,TRGUCIR128F933D817,Vanilla Ice - Ice Is Workin' It,1703.5000000000018,TRBVPVV128F425F14F,Daft Punk - Touch It / Technologic,1618.0625000000005,TRETXJR128F422B4E0,Final Fantasy - The Miner Becomes Forgetful,0.5551331100515831,TRUQTEZ128F9314E5D,Reckless Kelly - Broken Heart,0.5440784501995997,TROMMRU128F4250C74,Classified - All About U,0.5403661666619659,TRETXJR128F422B4E0,Final Fantasy - The Miner Becomes Forgetful,0.5733116454565457,TROMMRU128F4250C74,Classified - All About U,0.56094269289156,TRUQTEZ128F9314E5D,Reckless Kelly - Broken Heart,0.5607269076324319,TRXNMLB128F92ED60B,Keith Anderson - Lost In This Moment,155.15467997718426,TRFIFYV128F93556D2,Sebadoh - Showtape '91,126.52793411416673,TRFUJVJ128F426F2A2,Lauryn Hill - Interlude 5,125.40293387003578,TRXNMLB128F92ED60B,Keith Anderson - Lost In This Moment,133.24034783960892,TRRVIRD128F42AED3E,T Bone Burnett - I'm Going On A Long Journey Never To Return,96.61731572815877,TRUHUSZ128F42A6ACF,Avant - Heaven,95.32466098269114,TRXNMLB128F92ED60B,Keith Anderson - Lost In This Moment,0.3472237984133619,TRMVVDP128E0787806,Josh Groban - When You Say You Love Me (Album Version),0.2745239051660281,TRTZHIZ12903CAEC08,Dark Fortress - Hirudineans,0.2720585584365178,TRXNMLB128F92ED60B,Keith Anderson - Lost In This Moment,0.38209457577535727,TRMVVDP128E0787806,Josh Groban - When You Say You Love Me (Album Version),0.31727138539425065,TRTZHIZ12903CAEC08,Dark Fortress - Hirudineans,0.31364176532809396
TRFRDZW128F429C337,SOAVNID12A8C13B197,ARU6HMT1187FB38801,HIM,Sigillum Diaboli,metal,TRFUJVJ128F426F2A2,Lauryn Hill - Interlude 5,7876.0,TREBGAA128E078FC52,Erykah Badu - I Want You,6915.0,TRDPGXU128F9339C2A,Beastie Boys - B-Boy Bouillabaisse: A.W.O.L. (2009 Digital Remaster),6895.0,TRFUJVJ128F426F2A2,Lauryn Hill - Interlude 5,7412.3200000000015,TREBGAA128E078FC52,Erykah Badu - I Want You,6744.584999999994,TRDPGXU128F9339C2A,Beastie Boys - B-Boy Bouillabaisse: A.W.O.L. (2009 Digital Remaster),6507.234999999999,TRMEKRF12903CC80A6,Bouncing Souls_ The - Pervert,0.7617312197364972,TRGEZSO128F426268D,Joe Henry - Sold,0.7504284091754698,TRQMGEQ128F145F0AF,Gang Starr - Gotta Get Over (Taking Loot) (Explicit),0.737598521139182,TRMEKRF12903CC80A6,Bouncing Souls_ The - Pervert,0.7674733890742158,TRGEZSO128F426268D,Joe Henry - Sold,0.7560001819507821,TRQMGEQ128F145F0AF,Gang Starr - Gotta Get Over (Taking Loot) (Explicit),0.7437197471761641,TRGLNKG128F9307689,Eminem - My Darling,158.52594317466952,TRDPGXU128F9339C2A,Beastie Boys - B-Boy Bouillabaisse: A.W.O.L. (2009 Digital Remaster),134.32969603506163,TRFUJVJ128F426F2A2,Lauryn Hill - Interlude 5,117.99996010551828,TRGLNKG128F9307689,Eminem - My Darling,106.8387294099599,TRJXTLY128F146344E,Sonique - You're The Reason,81.91039441765858,TRYZETA128F4261913,Carole King - Child Of Mine,80.53222409581386,TRXZVAD128E078F34E,The Cardigans - Explode,0.3161483103125834,TRIKPWO128F4265FA9,Harry Connick_ Jr. - We Are In Love,0.2962326969455772,TRHJXVO128F9308F9F,The Mick Fleetwood Blues Band - Black Magic Woman,0.28487640572782086,TRXZVAD128E078F34E,The Cardigans - Explode,0.3430875046438104,TRIKPWO128F4265FA9,Harry Connick_ Jr. - We Are In Love,0.3299585665880734,TRHJXVO128F9308F9F,The Mick Fleetwood Blues Band - Black Magic Woman,0.31448073864894455
TRHVUCJ128F934B68C,SOPDMDM12A8C132ABD,ARWMY7E1187B9B7049,As I Lay Dying,Refined By Your Embrace,metal,TRWSYHO128F4282346,Twista - I'm A Winner (Amended Album Version),1451.0,TRFUJVJ128F426F2A2,Lauryn Hill - Interlude 5,1318.0,TRDPGXU128F9339C2A,Beastie Boys - B-Boy Bouillabaisse: A.W.O.L. (2009 Digital Remaster),1187.0,TRWSYHO128F4282346,Twista - I'm A Winner (Amended Album Version),1389.6725000000006,TRFUJVJ128F426F2A2,Lauryn Hill - Interlude 5,1224.1599999999999,TRDPGXU128F9339C2A,Beastie Boys - B-Boy Bouillabaisse: A.W.O.L. (2009 Digital Remaster),1108.5237499999996,TRKVZXR128F429035D,Jay-Jay Johanson - I fantasize of you,0.7703444948542753,TRTVTYS128E0792887,Eminem - Rabbit Run,0.7545167557102066,TRPYPOE128F4248543,KATAKLYSM - Beyond Salvation,0.7484882701172567,TRKVZXR128F429035D,Jay-Jay Johanson - I fantasize of you,0.7769301279624139,TRTVTYS128E0792887,Eminem - Rabbit Run,0.7614979452464139,TRPYPOE128F4248543,KATAKLYSM - Beyond Salvation,0.7545010379247884,TRHOONO128E0786019,Patrizio Buanne - A Man Without Love,52.55538052249886,TRNOOJX128F14570D2,Juice Newton - Lay Back In The Arms Of Someone,51.00385519263833,TRGLNKG128F9307689,Eminem - My Darling,48.44450339221351,TRNOOJX128F14570D2,Juice Newton - Lay Back In The Arms Of Someone,45.527454169546715,TRHOONO128E0786019,Patrizio Buanne - A Man Without Love,45.32312402568927,TRVGTSJ128F92DF8E2,Toni Braxton - Breathe Again,38.87524956413809,TRNOOJX128F14570D2,Juice Newton - Lay Back In The Arms Of Someone,0.3028280599684173,TRHOONO128E0786019,Patrizio Buanne - A Man Without Love,0.2781708970132024,TRUYHIL128F92E4B2C,Annihilator - Hunter killer,0.2767885606932997,TRNOOJX128F14570D2,Juice Newton - Lay Back In The Arms Of Someone,0.3271515133529804,TRHOONO128E0786019,Patrizio Buanne - A Man Without Love,0.30794804319753805,TRUYHIL128F92E4B2C,Annihilator - Hunter killer,0.3027610197254363
TRIBZVH128F934B68D,SOWJVZY12A8C132AC2,ARWMY7E1187B9B7049,As I Lay Dying,The Innocence Spilled,metal,TRFUJVJ128F426F2A2,Lauryn Hill - Interlude 5,1358.0,TRDPGXU128F9339C2A,Beastie Boys - B-Boy Bouillabaisse: A.W.O.L. (2009 Digital Remaster),1172.0,TRGLNKG128F9307689,Eminem - My Darling,1076.0,TRFUJVJ128F426F2A2,Lauryn Hill - Interlude 5,1207.1199999999997,TRDPGXU128F9339C2A,Beastie Boys - B-Boy Bouillabaisse: A.W.O.L. (2009 Digital Remaster),1045.8225,TRGLNKG128F9307689,Eminem - My Darling,983.6474999999998,TRTQSPW128F147714F,Dashboard Confessional - The End Of An Anchor,0.6282569847458266,TRABYAR128F931B1A4,Robben Ford - Something For The Pain,0.6145886713221983,TRNQCSM128F930C97C,Dominici - So Help Me God,0.5890386617071761,TRTQSPW128F147714F,Dashboard Confessional - The End Of An Anchor,0.6429775687565498,TRABYAR128F931B1A4,Robben Ford - Something For The Pain,0.6307495590298327,TRZLNPM128F42B3BF5,Onyx - Feel Me,0.607793765392342,TRRZAFM128F92CFFA4,Hollywood Undead - Pain,109.28505766146199,TRTLIKK128E07862DA,Ja Rule - One of Us,98.07047828492144,TRQIYYJ12903CC5B03,Tech N9ne - One Good Time,97.0547918349191,TRRZAFM128F92CFFA4,Hollywood Undead - Pain,89.96560961875187,TRAUYZG12903CDA4E9,Bon Jovi - This Ain't A Love Song,74.4145425704086,TRNOEST128F422AD89,My Dying Bride - Grace Unhearing,73.78209621569485,TRRZAFM128F92CFFA4,Hollywood Undead - Pain,0.312445104493724,TRNOEST128F422AD89,My Dying Bride - Grace Unhearing,0.3044046225517436,TRAQRNL128F428A054,Lorrie Morgan - Tears On My Pillow,0.27485493123381843,TRRZAFM128F92CFFA4,Hollywood Undead - Pain,0.3544637647277559,TRNOEST128F422AD89,My Dying Bride - Grace Unhearing,0.33912520812674657,TRAUYZG12903CDA4E9,Bon Jovi - This Ain't A Love Song,0.3156780898318002
TRZOLOQ128F428FA00,SOHEPVU12A8C13A03D,ARMGBBW1187FB4A7A0,August Burns Red,An American Dream,metal,TRFUJVJ128F426F2A2,Lauryn Hill - Interlude 5,623.0,TRTLIKK128E07862DA,Ja Rule - One of Us,527.0,TRFLWJZ128F425C9E4,The Pharcyde - Otha Fish,510.0,TRFUJVJ128F426F2A2,Lauryn Hill - Interlude 5,479.48000000000013,TRTLIKK128E07862DA,Ja Rule - One of Us,440.22499999999997,TRTUCHE128F425B7CC,Jennifer Lopez - The Way It Is,438.09499999999946,TRHVGTM128F148D772,Silje Nergaard - This Is Not America,0.520275763175136,TRWCLUA12903CFEFCD,Poisonblack - Bear The Cross,0.5019947799932484,TRCGSQQ128F42A352E,Against All Authority - Threat,0.4958331206152284,TRHVGTM128F148D772,Silje Nergaard - This Is Not America,0.534408956120613,TRWCLUA12903CFEFCD,Poisonblack - Bear The Cross,0.5189855735517976,TRCGSQQ128F42A352E,Against All Authority - Threat,0.518232718424729,TRTCOWO128F930C444,The Streets - Weak Become Heroes,113.06413713476802,TRTLIKK128E07862DA,Ja Rule - One of Us,107.69256631441469,TRFUJVJ128F426F2A2,Lauryn Hill - Interlude 5,106.98193406151817,TRTCOWO128F930C444,The Streets - Weak Become Heroes,75.72859079226659,TRTLIKK128E07862DA,Ja Rule - One of Us,69.91043663423298,TRJAPCW128F930BBC8,Pain of Salvation - Kingdom of Loss,65.32835919510177,TRLCONT128F421FF97,Knapsack - Simple Favor,0.2946910602492818,TRCWVLO128F421A0B2,Good Riddance - Torches and Tragedies,0.24009614529238626,TRLMNJK128F4243FBA,Lard - Moths,0.2366923176024882,TRLCONT128F421FF97,Knapsack - Simple Favor,0.3212195041419098,TRCWVLO128F421A0B2,Good Riddance - Torches and Tragedies,0.28421932406104883,TRLMNJK128F4243FBA,Lard - Moths,0.2788006075204049
TRFQWAQ128F14B084D,SOLXNXB12A6D4FBCDA,ARPFK3E1187B9A43BF,Underoath,The Changing Of Times,metal,TRFUJVJ128F426F2A2,Lauryn Hill - Interlude 5,3021.0,TRWSYHO128F4282346,Twista - I'm A Winner (Amended Album Version),2329.0,TRDPGXU128F9339C2A,Beastie Boys - B-Boy Bouillabaisse: A.W.O.L. (2009 Digital Remaster),2184.0,TRFUJVJ128F426F2A2,Lauryn Hill - Interlude 5,2759.720000000001,TRWSYHO128F4282346,Twista - I'm A Winner (Amended Album Version),2158.245000000001,TRDPGXU128F9339C2A,Beastie Boys - B-Boy Bouillabaisse: A.W.O.L. (2009 Digital Remaster),1965.497499999999,TRCKMDM128F148BEA7,Musiq - Whereareyougoing,0.7310229209739073,TRYDNTB128F9331278,Ginuwine - Only When ur Lonely,0.7195886914474364,TRLQBZP12903CECC4A,Hello Saferide - Get Sick Soon,0.7172162374203565,TRCKMDM128F148BEA7,Musiq - Whereareyougoing,0.7449862482077669,TRYDNTB128F9331278,Ginuwine - Only When ur Lonely,0.733394067028018,TRLQBZP12903CECC4A,Hello Saferide - Get Sick Soon,0.7267941008784884,TRFUJVJ128F426F2A2,Lauryn Hill - Interlude 5,167.73421440141567,TRDPGXU128F9339C2A,Beastie Boys - B-Boy Bouillabaisse: A.W.O.L. (2009 Digital Remaster),154.7721654611468,TRDGICW128F42963E2,Recoil - Curse,142.47750649629083,TRXDRNU128F42743CE,REO Speedwagon - Wherever You're Goin' (It's Alright),83.84071583724733,TRTBBGQ128E078FE63,Kelly Price - Don't Say Goodbye,82.91818258296611,TRXUQEE128F1468664,Eternal - Good Thing,82.3390944539798,TRPLRVY128F1473EBE,Enya - Someone Said Goodbye,0.2480618336325348,TRJQRAP128F9314B3F,John Mayer - All We Ever Do Is Say Goodbye,0.2412282742845125,TRXDRNU128F42743CE,REO Speedwagon - Wherever You're Goin' (It's Alright),0.23983047750367203,TRPLRVY128F1473EBE,Enya - Someone Said Goodbye,0.29521137992683744,TRTBBGQ128E078FE63,Kelly Price - Don't Say Goodbye,0.2936033595812697,TRXDRNU128F42743CE,REO Speedwagon - Wherever You're Goin' (It's Alright),0.29018934916170436
TRLKWJA128F92E154E,SOFDWFR12A58A77D46,ARLHB6B1187B9B1B14,Haste The Day,Autumn,metal,TRDPGXU128F9339C2A,Beastie Boys - B-Boy Bouillabaisse: A.W.O.L. (2009 Digital Remaster),787.0,TRBVPVV128F425F14F,Daft Punk - Touch It / Technologic,776.0,TRRSNPA128F148C45E,The Roots - Mellow My Man,719.0,TRBVPVV128F425F14F,Daft Punk - Touch It / Technologic,718.6262499999999,TRUEGMJ128F148D40C,Slick Rick - Let's Get Crazy,674.1787500000013,TRDPGXU128F9339C2A,Beastie Boys - B-Boy Bouillabaisse: A.W.O.L. (2009 Digital Remaster),665.4387500000007,TRNGQKV12903CD0AB4,Texta - Sprachbarrieren,0.5524728873308933,TRSMEAQ128F931801D,Jupiter Jones - Auf das Leben,0.5248169877476849,TRJSFMG128F4294A6B,Samy Deluxe - Viel Mehr,0.5115900473878541,TRNGQKV12903CD0AB4,Texta - Sprachbarrieren,0.5613776561989384,TRSMEAQ128F931801D,Jupiter Jones - Auf das Leben,0.5348470254830876,TRJSFMG128F4294A6B,Samy Deluxe - Viel Mehr,0.5249714919813976,TRYVXVF128F9318052,Blumentopf - Von Disco Zu Disco,482.00689220043444,TRMSLNM128F42AD842,Rapsoul - Gott schenk ihr Flügel,453.03229485076236,TRNMWOG128F425E6D6,Olli Banjo - Toastbrot,427.12035640785524,TRYVXVF128F9318052,Blumentopf - Von Disco Zu Disco,449.5856211923136,TRMSLNM128F42AD842,Rapsoul - Gott schenk ihr Flügel,429.1760339249198,TRNMWOG128F425E6D6,Olli Banjo - Toastbrot,399.29358598459044,TRSMEAQ128F931801D,Jupiter Jones - Auf das Leben,0.6502841048949616,TRTDIKN128F932C08B,Ohrbooten - Dschungelpartei,0.620101064647121,TRPBCPV128F9302770,Rammstein - ROSENROT,0.5876243824916741,TRSMEAQ128F931801D,Jupiter Jones - Auf das Leben,0.6588487267524259,TRTDIKN128F932C08B,Ohrbooten - Dschungelpartei,0.6287589858984453,TRPBCPV128F9302770,Rammstein - ROSENROT,0.5972369020175765
TRNQSWR128EF34375F,SOWHMAY12A67ADD2E3,ARLHB6B1187B9B1B14,Haste The Day,Chorus Of Angels,metal,TRTLIKK128E07862DA,Ja Rule - One of Us,2670.0,TRFUJVJ128F426F2A2,Lauryn Hill - Interlude 5,2651.0,TRYQAJC128F145A2CF,Röyksopp - Remind Me (Live),2586.0,TRYQAJC128F145A2CF,Röyksopp - Remind Me (Live),2485.515,TRJAZRW12903CAFA01,Fatboy Slim - Right Here Right Now,2362.76,TRTLIKK128E07862DA,Ja Rule - One of Us,2327.35,TRDGKXL128E07831AA,Ed Harcourt - Fireflies Take Flight,0.4395704107960559,TRYQAJC128F145A2CF,Röyksopp - Remind Me (Live),0.4193425187427225,TRXKZQN128F149CB73,Vienna Teng - Now Three,0.4062167563495504,TRDGKXL128E07831AA,Ed Harcourt - Fireflies Take Flight,0.45975612795704196,TRXKZQN128F149CB73,Vienna Teng - Now Three,0.43066850856805156,TRYQAJC128F145A2CF,Röyksopp - Remind Me (Live),0.42653761230192777,TRWZUDO128F1495E26,Prince - I Love U In Me ( LP Version),253.09812656072734,TRFUJVJ128F426F2A2,Lauryn Hill - Interlude 5,234.07865487934535,TRTCOWO128F930C444,The Streets - Weak Become Heroes,215.51360962004816,TRDFTPP128F427550C,Josh Groban - It Came Upon A Midnight Clear (Album Version),178.9732280317882,TRTAZFF128F425A282,Lemar - Lullaby,158.8481583366587,TRJAZRW12903CAFA01,Fatboy Slim - Right Here Right Now,151.34179402248483,TRDFTPP128F427550C,Josh Groban - It Came Upon A Midnight Clear (Album Version),0.2860592451668757,TRBFVAA128F423C356,The Prodigy - Wake Up Call (Album Version),0.2698953123323408,TRESEJT128F4271B69,Little Big Town - From This Dream,0.26979734112443493,TRDFTPP128F427550C,Josh Groban - It Came Upon A Midnight Clear (Album Version),0.3100323398642787,TRTAZFF128F425A282,Lemar - Lullaby,0.3054490160862343,TRESEJT128F4271B69,Little Big Town - From This Dream,0.304428316037464
TRGQLSE128F93257D8,SOUZNST12A58A7EF1D,ARQETJY1187FB3FE74,Demon Hunter,Follow The Wolves,metal,TRTLIKK128E07862DA,Ja Rule - One of Us,1494.0,TREADOS128E078EC1F,Eminem - If I Had,1075.0,TRFUJVJ128F426F2A2,Lauryn Hill - Interlude 5,1035.0,TRTLIKK128E07862DA,Ja Rule - One of Us,1326.0125000000007,TREADOS128E078EC1F,Eminem - If I Had,965.7137500000002,TRLXCIQ128F429142D,BAL-SAGOTH - The chronicle of shadows,794.6000000000003,TRVHRFD12903CB432F,Goatwhore - Vengeance of Demonic Fury,0.5196779931005636,TRFLTPL128F429D92D,Sandy Denny - Full Moon,0.5149723665996159,TRIILYW12903CDF75C,Akercocke - Son Of The Morning,0.48000789239989916,TRFLTPL128F429D92D,Sandy Denny - Full Moon,0.5332640701283287,TRVHRFD12903CB432F,Goatwhore - Vengeance of Demonic Fury,0.5315028598171133,TRIILYW12903CDF75C,Akercocke - Son Of The Morning,0.4948458974865205,TRNHPYS128F1460FAD,Cross Canadian Ragweed - 17,143.43863542910378,TRDUSIG12903CA5FCB,Savatage - The Hourglass,132.19471565743828,TRZKYAK128F4244485,Lard - The Power Of Lard,126.94798975939088,TRNHPYS128F1460FAD,Cross Canadian Ragweed - 17,118.93466525250669,TRPFUBG128F934AD31,Amon Amarth - Abandoned,98.0579640428748,TRZKYAK128F4244485,Lard - The Power Of Lard,96.37292668397043,TRNHPYS128F1460FAD,Cross Canadian Ragweed - 17,0.3354663922486899,TRPFUBG128F934AD31,Amon Amarth - Abandoned,0.2859517745648964,TRPYZYX128E0785B1E,Neil Young - Stayin' Power (Remastered Album Version),0.2832534370819132,TRNHPYS128F1460FAD,Cross Canadian Ragweed - 17,0.37680243779419564,TRPFUBG128F934AD31,Amon Amarth - Abandoned,0.3290833905961347,TREBGVR12903CFB56B,Dismantled - Extirpation,0.30949267357793697
TRCAWAA128F93257D1,SOCLOSW12AB0187E07,ARQETJY1187FB3FE74,Demon Hunter,I Am You,metal,TRFUJVJ128F426F2A2,Lauryn Hill - Interlude 5,3589.0,TRDPGXU128F9339C2A,Beastie Boys - B-Boy Bouillabaisse: A.W.O.L. (2009 Digital Remaster),2555.0,TRWSYHO128F4282346,Twista - I'm A Winner (Amended Album Version),2457.0,TRFUJVJ128F426F2A2,Lauryn Hill - Interlude 5,3208.1200000000003,TRDPGXU128F9339C2A,Beastie Boys - B-Boy Bouillabaisse: A.W.O.L. (2009 Digital Remaster),2236.4787500000007,TRWSYHO128F4282346,Twista - I'm A Winner (Amended Album Version),2208.0824999999986,TRYJFOZ12903CDCBD8,Kingston Falls - The Weak Shall Prevail,0.5675331097085561,TRDIJKP12903CDCAF4,For Today - Redemption,0.5524728426306029,TRCBAMW128EF3435A0,Seventh Day Slumber - Burning Bridges,0.5507606502170177,TRYJFOZ12903CDCBD8,Kingston Falls - The Weak Shall Prevail,0.5841452226386992,TRDIJKP12903CDCAF4,For Today - Redemption,0.5688475571419305,TRCBAMW128EF3435A0,Seventh Day Slumber - Burning Bridges,0.56312139828566,TRTKAVS128F93096FD,Flobots - Rise,189.167114043802,TRNEYNN128F92C21F7,R. Kelly - Rise Up,181.5049601769215,TRGLNKG128F9307689,Eminem - My Darling,150.86985583158088,TRTKAVS128F93096FD,Flobots - Rise,158.3739842191892,TRNEYNN128F92C21F7,R. Kelly - Rise Up,141.4286409020365,TRWPSUL128F934AF4E,Cannibal Corpse - Sentenced to Burn,116.64823397889145,TRHJYWA12903CF0831,Skinlab - No Sympathy (for The Devil),0.34632016096457413,TRTKAVS128F93096FD,Flobots - Rise,0.3105405463170923,TRWPSUL128F934AF4E,Cannibal Corpse - Sentenced to Burn,0.28890496158877316,TRHJYWA12903CF0831,Skinlab - No Sympathy (for The Devil),0.3574488793453274,TRTKAVS128F93096FD,Flobots - Rise,0.3495283964705548,TRWPSUL128F934AF4E,Cannibal Corpse - Sentenced to Burn,0.3212781546436341
TRWPRIF128EF34B8F8,SOXZKPU12AF72AAB3B,ARQETJY1187FB3FE74,Demon Hunter,The Science Of Lies,metal,TRFUJVJ128F426F2A2,Lauryn Hill - Interlude 5,2909.0,TRTLIKK128E07862DA,Ja Rule - One of Us,2041.0,TRDPGXU128F9339C2A,Beastie Boys - B-Boy Bouillabaisse: A.W.O.L. (2009 Digital Remaster),1815.0,TRFUJVJ128F426F2A2,Lauryn Hill - Interlude 5,2577.7999999999997,TRTLIKK128E07862DA,Ja Rule - One of Us,1840.75,TRDPGXU128F9339C2A,Beastie Boys - B-Boy Bouillabaisse: A.W.O.L. (2009 Digital Remaster),1538.025,TRVWTVK128F429AAAB,Immortal Technique - The 4th Branch,0.6672434125699658,TRFIFYV128F93556D2,Sebadoh - Showtape '91,0.6039764374246148,TRMGICM128F92E2AB8,Andrew Lloyd Webber - Masquerade,0.5925505558179075,TRVWTVK128F429AAAB,Immortal Technique - The 4th Branch,0.6846821034003884,TRFIFYV128F93556D2,Sebadoh - Showtape '91,0.6247838357190857,TRMGICM128F92E2AB8,Andrew Lloyd Webber - Masquerade,0.614847186264281,TRFUJVJ128F426F2A2,Lauryn Hill - Interlude 5,205.91065406809696,TRTLIKK128E07862DA,Ja Rule - One of Us,187.09996537849733,TROVSGS128F4274CEE,Aceyalone - Mr. Outsider,159.4196125530258,TRTLIKK128E07862DA,Ja Rule - One of Us,123.65532211677288,TRMHIGD12903CB2AB5,Twiztid - Buckets of Blood,98.5224007765701,TREISQD128F9302F47,Nothingface - Incarnadine,94.80130282785174,TRWWVGC12903CB5C50,Depeche Mode - Freestate,0.27388956180920637,TRMIVIX128F42731D4,Beverley Craven - Phoenix From The Fire,0.268746076574987,TRONFLL128F4277E99,Our Last Night - Forecasting,0.2681595639823203,TRMIVIX128F42731D4,Beverley Craven - Phoenix From The Fire,0.3108174752756853,TRWWVGC12903CB5C50,Depeche Mode - Freestate,0.30874698251049293,TREISQD128F9302F47,Nothingface - Incarnadine,0.3084655305890311
TRKLLYD128F4273FF4,SOHRFIP12A8C12FFD1,AR8DTVF1187B9AA292,Ozzy Osbourne,Slow Down,metal,TRFUJVJ128F426F2A2,Lauryn Hill - Interlude 5,5555.0,TRWSYHO128F4282346,Twista - I'm A Winner (Amended Album Version),4147.0,TRGLNKG128F9307689,Eminem - My Darling,4014.0,TRFUJVJ128F426F2A2,Lauryn Hill - Interlude 5,5102.360000000001,TRWSYHO128F4282346,Twista - I'm A Winner (Amended Album Version),3851.1849999999995,TRGLNKG128F9307689,Eminem - My Darling,3736.942499999999,TRKVLUS128EF345FD0,Field Music - You're Not Supposed To,0.7024976597282394,TRPBTSJ128F42A3168,Harry Belafonte - Angelina,0.7008287647691568,TRMGLTT128F4275DDF,The Plasmatics - You're A Zombie,0.7003670395015371,TRPBTSJ128F42A3168,Harry Belafonte - Angelina,0.7114579744009516,TRMGLTT128F4275DDF,The Plasmatics - You're A Zombie,0.7113010446343779,TRQYUKJ12903C9A1CE,Kevin Devine - It's Only Your Life,0.7098931701274067,TRDPGXU128F9339C2A,Beastie Boys - B-Boy Bouillabaisse: A.W.O.L. (2009 Digital Remaster),201.89148178691073,TROYKQM128F428CCED,OutKast - Mainstream,192.34953440992,TRAUNHR128F92DBBC1,UGK (Underground Kingz) - She Luv It,182.45750328339093,TRRSRXG128E07888AF,Mariah Carey - Joy Ride,138.63301127873683,TRAUNHR128F92DBBC1,UGK (Underground Kingz) - She Luv It,127.47840753533065,TRNKKTV128F92DE53A,Michelle Williams - Stop This Car,125.03492659932071,TRPOKET12903CB2D00,Massive Attack - Saturday Come Slow,0.27308114225768404,TRVADAK12903CDDEEB,Wolverine - Towards Loss,0.2664826494906534,TRFPMSD128F427AB6B,Room Eleven - Swimmer,0.2452164436844849,TRVADAK12903CDDEEB,Wolverine - Towards Loss,0.3233351987910356,TRPOKET12903CB2D00,Massive Attack - Saturday Come Slow,0.2963676464540907,TRFPMSD128F427AB6B,Room Eleven - Swimmer,0.28554486769684784
TRQJQNX128F4266704,SOEVNLW12A8C13401E,AR8DTVF1187B9AA292,Ozzy Osbourne,Steal Away (The Night),metal,TRFUJVJ128F426F2A2,Lauryn Hill - Interlude 5,2136.0,TRDPGXU128F9339C2A,Beastie Boys - B-Boy Bouillabaisse: A.W.O.L. (2009 Digital Remaster),1480.0,TRGLNKG128F9307689,Eminem - My Darling,1399.0,TRFUJVJ128F426F2A2,Lauryn Hill - Interlude 5,1933.6000000000001,TRDPGXU128F9339C2A,Beastie Boys - B-Boy Bouillabaisse: A.W.O.L. (2009 Digital Remaster),1310.7374999999993,TRGLNKG128F9307689,Eminem - My Darling,1275.1125000000002,TRDAJVD128F9303C8D,Manic Street Preachers - Further Away,0.6365034119132598,TRBIVSX128F145C183,Incognito - Chase The Clouds Away,0.6160788154452946,TRNXDRD128F92DCE10,Burt Bacharach - The Look Of Love,0.6032381944397404,TRDAJVD128F9303C8D,Manic Street Preachers - Further Away,0.6459665063087461,TRBIVSX128F145C183,Incognito - Chase The Clouds Away,0.6294273849928796,TRNXDRD128F92DCE10,Burt Bacharach - The Look Of Love,0.6234445403238089,TRVVRNW128EF362423,The Brand New Heavies - Last to Know,124.73269276771089,TRDPGXU128F9339C2A,Beastie Boys - B-Boy Bouillabaisse: A.W.O.L. (2009 Digital Remaster),114.76603991181723,TRTLNAD128F428D058,Joe Cocker - Chain Of Fools,109.79302680046627,TRVVRNW128EF362423,The Brand New Heavies - Last to Know,95.17299811083448,TRTLNAD128F428D058,Joe Cocker - Chain Of Fools,93.61180480128613,TRIGRBJ128F1490099,the bird and the bee - I'm a Broken Heart,68.66975543743534,TRDIJWJ128F147F282,Julie Roberts - That Ain't A Crime,0.2739722165472168,TRZUSDT128F4264391,Toni Braxton - Snowflakes Of Love,0.25971269987909734,TRTLNAD128F428D058,Joe Cocker - Chain Of Fools,0.257133208185172,TRDIJWJ128F147F282,Julie Roberts - That Ain't A Crime,0.3078758364927149,TRZUSDT128F4264391,Toni Braxton - Snowflakes Of Love,0.2990072217284644,TRRZZOH128F42ADA09,G4 - Remember Me,0.2922491542402075
TRYIKZR128E0783C64,SOBEOHW12AF72A5BFC,AR98JLC1187B9ADE23,Megadeth,Black Curtains (2004 Digital Remaster),metal,TRDPGXU128F9339C2A,Beastie Boys - B-Boy Bouillabaisse: A.W.O.L. (2009 Digital Remaster),1522.0,TRFUJVJ128F426F2A2,Lauryn Hill - Interlude 5,1485.0,TRRSNPA128F148C45E,The Roots - Mellow My Man,1342.0,TRDPGXU128F9339C2A,Beastie Boys - B-Boy Bouillabaisse: A.W.O.L. (2009 Digital Remaster),1338.88875,TRFUJVJ128F426F2A2,Lauryn Hill - Interlude 5,1266.0400000000004,TRRSNPA128F148C45E,The Roots - Mellow My Man,1244.2712499999998,TRLNVUY128F1468C64,Ima Robot - Black Jettas,0.5821581750969727,TRYWIXE128F9353971,Martin Sexton - Black Sheep,0.5772949172585289,TRQNGIX12903CF36EB,Joan Baez - Black Is The Color,0.5731883024924027,TRLNVUY128F1468C64,Ima Robot - Black Jettas,0.6012765820603042,TRYWIXE128F9353971,Martin Sexton - Black Sheep,0.5965315473346697,TRQNGIX12903CF36EB,Joan Baez - Black Is The Color,0.5853071854852668,TRDPGXU128F9339C2A,Beastie Boys - B-Boy Bouillabaisse: A.W.O.L. (2009 Digital Remaster),121.57927069057023,TRIVUXU128F145A60B,Jeru The Damaja - Me Or The Papes,116.27247413646533,TROVSGS128F4274CEE,Aceyalone - Mr. Outsider,114.13665966173356,TRQNGIX12903CF36EB,Joan Baez - Black Is The Color,79.32592379998246,TRTSJDG128F429B2BD,Anatomy Of A Ghost - Last Transmission,76.77558654126358,TRJGIKY128F934B6AC,Goatwhore - Bloodletting Upon The Cloven Hoof,76.56492599275536,TRQNGIX12903CF36EB,Joan Baez - Black Is The Color,0.338310177602173,TROFTGV128F1458F77,Public Image Ltd - Bags,0.30146165459666674,TRWXPSX12903CEB577,Nevermore - C.b.f.,0.2613624996242574,TRQNGIX12903CF36EB,Joan Baez - Black Is The Color,0.3620517006314124,TROFTGV128F1458F77,Public Image Ltd - Bags,0.3267888346396581,TRWXPSX12903CEB577,Nevermore - C.b.f.,0.30779648944062243
TRIOZOZ128F92FA0C2,SOVOXQN12A3F1EC5FA,AR98JLC1187B9ADE23,Megadeth,Die Dead Enough,metal,TRDPGXU128F9339C2A,Beastie Boys - B-Boy Bouillabaisse: A.W.O.L. (2009 Digital Remaster),7906.0,TRCHZXW128E079288A,Eminem - 8 Mile,7598.0,TRKLJAG128F42B31CF,Mario Vazquez - Everytime I...,7414.0,TRDPGXU128F9339C2A,Beastie Boys - B-Boy Bouillabaisse: A.W.O.L. (2009 Digital Remaster),7413.6,TRKLJAG128F42B31CF,Mario Vazquez - Everytime I...,7234.000000000003,TRCHZXW128E079288A,Eminem - 8 Mile,7226.399999999998,TRGLGNR128F1487A6F,Manafest - Runaway,0.756220647203291,TRRQENX128E078E5E2,Deep Dish - Awake Enough,0.7455293784764394,TRFWLDO128F93613DF,Joe Bonamassa - Ball Peen Hammer,0.7382286680954152,TRGLGNR128F1487A6F,Manafest - Runaway,0.761836093336518,TRRQENX128E078E5E2,Deep Dish - Awake Enough,0.7505999415922849,TRFWLDO128F93613DF,Joe Bonamassa - Ball Peen Hammer,0.7439489791176387,TREJHSZ128F148C11B,Onyx - Face Down,228.29648699286105,TRQWDRK128F4241A32,Twista - Overdose (Album Version),213.4455956985688,TRDGICW128F42963E2,Recoil - Curse,203.8886787355564,TREJHSZ128F148C11B,Onyx - Face Down,136.34344078248768,TRRQENX128E078E5E2,Deep Dish - Awake Enough,121.20902571279106,TRDGICW128F42963E2,Recoil - Curse,115.00422088317003,TRSWSPD12903D01A14,Poisonblack - Never Enough,0.3247128350408033,TRYEMUJ128F92E0392,Shamen - Lightspan,0.3111236078223069,TROBKGY128F42644E4,Chris Garneau - Hymn,0.28968419280330304,TRSWSPD12903D01A14,Poisonblack - Never Enough,0.35677926616042704,TRYEMUJ128F92E0392,Shamen - Lightspan,0.3205644288783517,TROBKGY128F42644E4,Chris Garneau - Hymn,0.31279323227913164
TRUHHWN128F93045BA,SOKAEJQ12AB0181294,ARVSQHB1187B992FF0,Drowning Pool,Bodies,metal,TRUGLTC128F4227B93,Danity Kane - Hold Me Down (Album Version),1981.0,TRRIRMX128F92E6272,Akon - Locked Up,1906.0,TRFUJVJ128F426F2A2,Lauryn Hill - Interlude 5,1870.0,TRUGLTC128F4227B93,Danity Kane - Hold Me Down (Album Version),1749.120000000001,TRRIRMX128F92E6272,Akon - Locked Up,1743.819999999998,TRSUMJS12903CA98EE,Jessica Mauboy - Let Me Be Me,1639.1599999999983,TRRINDX128F426FFC7,Lisa Lisa & Cult Jam - Let The Beat Hit 'Em,0.3857244986273329,TRJALGV12903D0447E,Dean Martin - Let Me Go Lover,0.37914509770458427,TRSUMJS12903CA98EE,Jessica Mauboy - Let Me Be Me,0.3278864198538156,TRRINDX128F426FFC7,Lisa Lisa & Cult Jam - Let The Beat Hit 'Em,0.40398375318503255,TRJALGV12903D0447E,Dean Martin - Let Me Go Lover,0.3918310297917783,TRSUMJS12903CA98EE,Jessica Mauboy - Let Me Be Me,0.344624943503443,TRJASND128F92E6260,Will Smith - Switch,243.25381019761463,TRJLMAI128F92EBB04,Marques Houston - Naked,227.42104463046087,TRCLGZL128F14629E3,Kurtis Blow - AJ Scratch,226.82666443661813,TRJASND128F92E6260,Will Smith - Switch,196.61809938693716,TRCLGZL128F14629E3,Kurtis Blow - AJ Scratch,192.65485065479928,TRJLMAI128F92EBB04,Marques Houston - Naked,182.46453666467156,TRSCFAD128F42AA453,As Cities Burn - Wrong Body,0.279972446799917,TRHHMHF128F423F004,Mountain Goats - Have To Explode,0.27870247231623174,TRJLMAI128F92EBB04,Marques Houston - Naked,0.27464870228942573,TRJLMAI128F92EBB04,Marques Houston - Naked,0.3160502844539314,TRHHMHF128F423F004,Mountain Goats - Have To Explode,0.3108169471237449,TRJASND128F92E6260,Will Smith - Switch,0.3058458631054782
TRJHNLI128F934B2CA,SONCWXR12D021B1283,AR5Z3L01187B99C5A9,Cannibal Corpse,Rotting Head,metal,TRTLIKK128E07862DA,Ja Rule - One of Us,815.0,TRFUJVJ128F426F2A2,Lauryn Hill - Interlude 5,724.0,TRDPGXU128F9339C2A,Beastie Boys - B-Boy Bouillabaisse: A.W.O.L. (2009 Digital Remaster),724.0,TRTLIKK128E07862DA,Ja Rule - One of Us,728.2250000000001,TRHNOMB12903CB2544,Life Without Buildings - New Town,616.4275000000002,TRFLWJZ128F425C9E4,The Pharcyde - Otha Fish,616.4125000000001,TRWYKJO128F9321804,Moonsorrow - Tuleen Ajettu Maa,0.6553058792971731,TRVHRFD12903CB432F,Goatwhore - Vengeance of Demonic Fury,0.6524107357156359,TRJGIKY128F934B6AC,Goatwhore - Bloodletting Upon The Cloven Hoof,0.6144605707405376,TRWYKJO128F9321804,Moonsorrow - Tuleen Ajettu Maa,0.6720242612554111,TRVHRFD12903CB432F,Goatwhore - Vengeance of Demonic Fury,0.6617835182605531,TRCOXLL128F427B2C0,Kurt Elling - Resolution,0.632672464973576,TRDPGXU128F9339C2A,Beastie Boys - B-Boy Bouillabaisse: A.W.O.L. (2009 Digital Remaster),117.3685766301821,TRJZYQR128F148C5CE,Insane Clown Posse - Piggy Pie,105.85456313600268,TRDGICW128F42963E2,Recoil - Curse,99.80817923534026,TROQUJK128F4254F90,Fun Lovin' Criminals - Blues For Suckers,74.58180886979771,TRZYBSS128F145806B,Us3 - Just Another Brother,73.98459849354484,TRJZYQR128F148C5CE,Insane Clown Posse - Piggy Pie,72.88334231905408,TRDCRSJ128F934AE59,Cannibal Corpse - Mummified in Barbed Wire,0.29760713014815515,TRNTOIK128F42586F1,Bauhaus - The Sanity Assassin,0.2888605813555788,TRZFBUY12903CD5663,One Way System - Gutter Boy,0.2711255731684065,TRDCRSJ128F934AE59,Cannibal Corpse - Mummified in Barbed Wire,0.3292360748893387,TRNTOIK128F42586F1,Bauhaus - The Sanity Assassin,0.325502472247339,TREOTUB128F4294FD4,Rory Gallagher - Bourbon,0.30301140229726325
TRQGFHN128F428643E,SOVKLCX12A8C13860D,AR0KBXO1187B996460,Slipknot,Gehenna,metal,TRFUJVJ128F426F2A2,Lauryn Hill - Interlude 5,6553.0,TRWSYHO128F4282346,Twista - I'm A Winner (Amended Album Version),6296.0,TREBGAA128E078FC52,Erykah Badu - I Want You,5931.0,TRFUJVJ128F426F2A2,Lauryn Hill - Interlude 5,6024.92,TRWSYHO128F4282346,Twista - I'm A Winner (Amended Album Version),5950.8825,TREBGAA128E078FC52,Erykah Badu - I Want You,5736.916249999997,TRIWDKR128F429D9EE,Common - I Want You,0.6942820223995667,TRYYRLU12903D082FF,Jonny Lang - Breakin Me,0.6675026216571398,TRGXDVA128F9350A48,Psapp - I Want That,0.6559545034297851,TRIWDKR128F429D9EE,Common - I Want You,0.7027788680568936,TRYYRLU12903D082FF,Jonny Lang - Breakin Me,0.6772164810780862,TRGXDVA128F9350A48,Psapp - I Want That,0.6615524853091157,TRRUKSD128F9322FEF,Jill Scott - Brotha,349.9894177687306,TRQMAUL12903CE91AC,Lyfe Jennings - She Got Kids,347.0706694889685,TRFMKJY128F92E89F1,Big Brovaz - Find A Way,321.7719864187508,TRRUKSD128F9322FEF,Jill Scott - Brotha,326.4627856546673,TRQMAUL12903CE91AC,Lyfe Jennings - She Got Kids,291.11157611234995,TRONPIZ128F1454219,Mariah Carey - Sprung,288.8512576442516,TRRUKSD128F9322FEF,Jill Scott - Brotha,0.49167229316586686,TRCQZCM128F425FD8C,Blink-182 - GO,0.4851901202393477,TRCIOCW12903CD1DD6,999 - Me And My Desire,0.47388469849930764,TRRUKSD128F9322FEF,Jill Scott - Brotha,0.5087892481630193,TRCQZCM128F425FD8C,Blink-182 - GO,0.5066150452128547,TRCIOCW12903CD1DD6,999 - Me And My Desire,0.49616187413988644
TRHCDHI128F92C4B9B,SOOHRVS12AF729C881,AR0KBXO1187B996460,Slipknot,[sic] [Explicit],metal,TRFUJVJ128F426F2A2,Lauryn Hill - Interlude 5,5014.0,TRWSYHO128F4282346,Twista - I'm A Winner (Amended Album Version),4682.0,TREBGAA128E078FC52,Erykah Badu - I Want You,3907.0,TRFUJVJ128F426F2A2,Lauryn Hill - Interlude 5,4633.119999999999,TRWSYHO128F4282346,Twista - I'm A Winner (Amended Album Version),4433.082500000002,TREBGAA128E078FC52,Erykah Badu - I Want You,3767.0162500000033,TRNHSZN128F930FF03,Clawfinger - Revenge,0.798297849005579,TRBIMOX128F425EC2B,Shayne Ward - Tangled Up,0.789513595712227,TROUCXE128F426B6E7,Weeping Willows - Your Eyes,0.7886139921785577,TRNHSZN128F930FF03,Clawfinger - Revenge,0.8055664449826841,TRBIMOX128F425EC2B,Shayne Ward - Tangled Up,0.7971794189891338,TROUCXE128F426B6E7,Weeping Willows - Your Eyes,0.7964214263895867,TRQWDRK128F4241A32,Twista - Overdose (Album Version),273.01024395463406,TRYCBLK12903CE6A0E,Twiztid - She Ain't Afraid,260.33576909926506,TRBKQJB128F934EEF7,Ying Yang Twins - 1st Booty On Duty,236.88869627489206,TRYCBLK12903CE6A0E,Twiztid - She Ain't Afraid,181.50577421785061,TRQWDRK128F4241A32,Twista - Overdose (Album Version),176.78114488917785,TRBKQJB128F934EEF7,Ying Yang Twins - 1st Booty On Duty,164.0304019094077,TRHKKHO128F930E29C,Pissed Jeans - I'm Sick,0.3048825331317734,TRUTAJL128F423BDEA,Cavalera Conspiracy - Nevertrust [Explicit],0.2872958373755001,TRYCBLK12903CE6A0E,Twiztid - She Ain't Afraid,0.2667562477882457,TRYCBLK12903CE6A0E,Twiztid - She Ain't Afraid,0.3384281966809593,TRTVTYS128E0792887,Eminem - Rabbit Run,0.3308405546095255,TRHKKHO128F930E29C,Pissed Jeans - I'm Sick,0.3274852359216365
TRVHKNP128F429DDCE,SOENNBZ12A58A7B5A7,ARK9TRQ1187B99C095,Nine Inch Nails,Gunshots by Computer,metal,TRFUJVJ128F426F2A2,Lauryn Hill - Interlude 5,3135.0,TRWSYHO128F4282346,Twista - I'm A Winner (Amended Album Version),2542.0,TRDPGXU128F9339C2A,Beastie Boys - B-Boy Bouillabaisse: A.W.O.L. (2009 Digital Remaster),2420.0,TRFUJVJ128F426F2A2,Lauryn Hill - Interlude 5,2755.96,TRWSYHO128F4282346,Twista - I'm A Winner (Amended Album Version),2294.285,TRDPGXU128F9339C2A,Beastie Boys - B-Boy Bouillabaisse: A.W.O.L. (2009 Digital Remaster),2103.0175,TRQWDLC128F93278E5,Lauryn Hill - Ex-Factor,0.5168808838052936,TRLBPSP128C719660D,Grace Jones - Nipple To The Bottle,0.5007177731307279,TRYGDDQ128F42653A4,Above The Law - Untouchable,0.49994853102995745,TRQWDLC128F93278E5,Lauryn Hill - Ex-Factor,0.5377272114850229,TRQDUMO128F92E3896,Binary Star - Honest Expression,0.5242725953050008,TRYGDDQ128F42653A4,Above The Law - Untouchable,0.5239390877455391,TRFUJVJ128F426F2A2,Lauryn Hill - Interlude 5,182.84553145749052,TRUWZJQ128F145E9F7,Afroman - Let's All Get Drunk,170.9585932218781,TRGAFJY128F1464C16,Houston - Twizala,169.01891126197535,TRGAFJY128F1464C16,Houston - Twizala,142.09994697427564,TRUWZJQ128F145E9F7,Afroman - Let's All Get Drunk,126.73670134184037,TRZLOFI128F9326477,Rupaul - Tranny Chaser,124.82882857756304,TRZLOFI128F9326477,Rupaul - Tranny Chaser,0.29875207302949425,TRGAFJY128F1464C16,Houston - Twizala,0.29277099728479744,TREIBLK128F148642C,The Adicts - Disco,0.26278281867593983,TRZLOFI128F9326477,Rupaul - Tranny Chaser,0.3377523120387453,TRGAFJY128F1464C16,Houston - Twizala,0.32973176482895306,TRJNTQQ128F426BFD0,Billy Currington - Here I Am,0.287550427934502
TREFLCZ128F4236589,SOJKLWM12A81C23BBC,ARDQ9AP1187B9BA3F6,Killswitch Engage,Hope Is... (Album Version),metal,TRFUJVJ128F426F2A2,Lauryn Hill - Interlude 5,1777.0,TRYQAJC128F145A2CF,Röyksopp - Remind Me (Live),1776.0,TRFFSMS128F428BC88,Enrique Iglesias - Miss You,1498.0,TRYQAJC128F145A2CF,Röyksopp - Remind Me (Live),1731.6299999999997,TRFUJVJ128F426F2A2,Lauryn Hill - Interlude 5,1526.7599999999998,TRFFSMS128F428BC88,Enrique Iglesias - Miss You,1417.2499999999975,TRZYFBE12903C9B44E,Supreme Majesty - Heroes Of Our Land,0.6246646920627756,TRAVDBM128EF35E257,Ella Fitzgerald - Manhattan,0.5633799221145611,TRFXOCI128F42972B5,Alexisonfire - We Are the End,0.5335869830557809,TRZYFBE12903C9B44E,Supreme Majesty - Heroes Of Our Land,0.6340553127318005,TRAVDBM128EF35E257,Ella Fitzgerald - Manhattan,0.575011056267938,TRFXOCI128F42972B5,Alexisonfire - We Are the End,0.5454685055683166,TRNEYNN128F92C21F7,R. Kelly - Rise Up,130.47799805605806,TRTCSSF128F425A986,Jamiroquai - (Don't) Give Hate A Chance,108.73001663245438,TRXNMLB128F92ED60B,Keith Anderson - Lost In This Moment,100.93596372122832,TRNEYNN128F92C21F7,R. Kelly - Rise Up,108.04223593009593,TRTCSSF128F425A986,Jamiroquai - (Don't) Give Hate A Chance,89.5161308917429,TRXNMLB128F92ED60B,Keith Anderson - Lost In This Moment,86.8139556583531,TRZZKOL128F93112EF,Animal Collective - No More Runnin,0.2905172624054528,TRXNMLB128F92ED60B,Keith Anderson - Lost In This Moment,0.2794488656914037,TRNEYNN128F92C21F7,R. Kelly - Rise Up,0.25995333351900146,TRZZKOL128F93112EF,Animal Collective - No More Runnin,0.3182827193101443,TRXNMLB128F92ED60B,Keith Anderson - Lost In This Moment,0.3095792714152988,TRNEYNN128F92C21F7,R. Kelly - Rise Up,0.295200713090949
TRQFRJG128F4260199,SOVJLIF12A8C137957,ARHXK5N1187B98F942,Opeth,The Moor,metal,TRFUJVJ128F426F2A2,Lauryn Hill - Interlude 5,3473.0,TRDPGXU128F9339C2A,Beastie Boys - B-Boy Bouillabaisse: A.W.O.L. (2009 Digital Remaster),2908.0,TRWSYHO128F4282346,Twista - I'm A Winner (Amended Album Version),2291.0,TRFUJVJ128F426F2A2,Lauryn Hill - Interlude 5,3154.680000000001,TRDPGXU128F9339C2A,Beastie Boys - B-Boy Bouillabaisse: A.W.O.L. (2009 Digital Remaster),2641.79625,TRWSYHO128F4282346,Twista - I'm A Winner (Amended Album Version),2082.9674999999993,TRFLQUL128F93196AF,Saul Williams - Elohim (1972),0.7603160204056223,TRYKZBN128F427BC7B,Autopsy - Skullptures,0.7259657657705167,TRNVKOI128E0799173,Snoop Dogg - Snoopafella (Edited),0.7223625933448868,TRFLQUL128F93196AF,Saul Williams - Elohim (1972),0.773323513414559,TRYKZBN128F427BC7B,Autopsy - Skullptures,0.7385221318397993,TRNVKOI128E0799173,Snoop Dogg - Snoopafella (Edited),0.7375630740202269,TRDPGXU128F9339C2A,Beastie Boys - B-Boy Bouillabaisse: A.W.O.L. (2009 Digital Remaster),181.2719857152588,TRFUJVJ128F426F2A2,Lauryn Hill - Interlude 5,157.56970076130082,TRDQIWP128F9342105,Company Flow - The Fire In Which You Burn (feat. J-Treds & The Brewin From The Juggaknots),145.36179456936352,TRKTGZZ128F932A9E2,Cinderella Effect - Standing,77.9208741758072,TRVBRPP128F4294251,Jazzamor - fly,72.55378606157294,TRRVIRD128F42AED3E,T Bone Burnett - I'm Going On A Long Journey Never To Return,71.28323981631955,TRVEUUV128F428AB29,Motion City Soundtrack - Cambridge (Album Version),0.29361608875213563,TRKTGZZ128F932A9E2,Cinderella Effect - Standing,0.23470451442245016,TRFMQRD128F42890E5,Maria McKee - Turn Away,0.23061836565091123,TRVEUUV128F428AB29,Motion City Soundtrack - Cambridge (Album Version),0.34077104523252505,TRKTGZZ128F932A9E2,Cinderella Effect - Standing,0.2999371428062602,TRFMQRD128F42890E5,Maria McKee - Turn Away,0.2835563638852276
TRMFSTL128F427B6C1,SOIXQXH12A8C135FC8,ARMOHN71187FB3959F,Atreyu,This Flesh A Tomb (Instrumental Version),metal,TRFUJVJ128F426F2A2,Lauryn Hill - Interlude 5,4268.0,TRDPGXU128F9339C2A,Beastie Boys - B-Boy Bouillabaisse: A.W.O.L. (2009 Digital Remaster),3816.0,TRWSYHO128F4282346,Twista - I'm A Winner (Amended Album Version),3325.0,TRFUJVJ128F426F2A2,Lauryn Hill - Interlude 5,3883.439999999999,TRDPGXU128F9339C2A,Beastie Boys - B-Boy Bouillabaisse: A.W.O.L. (2009 Digital Remaster),3494.4012500000013,TRWSYHO128F4282346,Twista - I'm A Winner (Amended Album Version),3073.6775000000016,TREUANG12903CF5E8E,Crotchduster - Let Me Into Starfish Land,0.7562160690734293,TRPOHPA128F148B0EF,Matt Nathanson - Bent,0.7556727068515354,TRGLGNR128F1487A6F,Manafest - Runaway,0.7554985052223726,TREUANG12903CF5E8E,Crotchduster - Let Me Into Starfish Land,0.7664126056021127,TRPOHPA128F148B0EF,Matt Nathanson - Bent,0.7658798907769248,TRGLGNR128F1487A6F,Manafest - Runaway,0.7653720646791049,TRCHZXW128E079288A,Eminem - 8 Mile,219.34325658449964,TRFUJVJ128F426F2A2,Lauryn Hill - Interlude 5,201.0328956831386,TRDPGXU128F9339C2A,Beastie Boys - B-Boy Bouillabaisse: A.W.O.L. (2009 Digital Remaster),191.3248603701588,TRQTPZY128F92F37F9,Eric Carmen - Make Me Lose Control,116.00321515075495,TRCHZXW128E079288A,Eminem - 8 Mile,110.6643475452792,TRDGICW128F42963E2,Recoil - Curse,96.20179329692701,TRNHATG128F428BC8A,Enrique Iglesias - Little Girl,0.2669188066923369,TRSRDVR128F92E6CF4,Enrique Iglesias - Heroe,0.2631076902955981,TREUPHA128F4278F34,Michael Jackson - Baby Be Mine,0.2563759796973171,TREUPHA128F4278F34,Michael Jackson - Baby Be Mine,0.3226781093197002,TRNHATG128F428BC8A,Enrique Iglesias - Little Girl,0.31934260908347745,TRANDPI128F425AF41,Alice Smith - Dream,0.3189745662016701
TRALERK12903CDCAFD,SOZABYO12A8C143546,ARWMFZH11C8A4219E0,For Today,A Higher Standard,metal,TRFUJVJ128F426F2A2,Lauryn Hill - Interlude 5,1972.0,TRGUCIR128F933D817,Vanilla Ice - Ice Is Workin' It,1384.0,TRBVPVV128F425F14F,Daft Punk - Touch It / Technologic,1382.0,TRFUJVJ128F426F2A2,Lauryn Hill - Interlude 5,1758.5600000000002,TRBVPVV128F425F14F,Daft Punk - Touch It / Technologic,1297.7549999999994,TRGUCIR128F933D817,Vanilla Ice - Ice Is Workin' It,1283.0800000000006,TRNDRMY128E0792507,MxPx - It's Undeniable,0.6853663724168771,TRVFYVC128F426D705,Basia - Prime Time TV,0.6722792022799835,TRYXRXL128F427F13A,Robbie Williams - It's De-Lovely,0.6546935110729452,TRNDRMY128E0792507,MxPx - It's Undeniable,0.6986506430099624,TRVFYVC128F426D705,Basia - Prime Time TV,0.6878967658034362,TRYXRXL128F427F13A,Robbie Williams - It's De-Lovely,0.6639397904075182,TRTLIKK128E07862DA,Ja Rule - One of Us,148.74866210284605,TRDPGXU128F9339C2A,Beastie Boys - B-Boy Bouillabaisse: A.W.O.L. (2009 Digital Remaster),147.73932909904306,TRQAWKR128F425EEC3,Michael Jackson - Man In The Mirror,132.97074050135978,TRTLIKK128E07862DA,Ja Rule - One of Us,104.5595390754691,TRQAWKR128F425EEC3,Michael Jackson - Man In The Mirror,92.09043887280522,TRCOXLL128F427B2C0,Kurt Elling - Resolution,71.13419518620725,TRFZIBC128F4236D35,Innocence Mission - Migration,0.2777128164074579,TRCUFHY128F42485F0,The Vision Bleak - By Our Brotherhood With Seth,0.26472623164409065,TRMQMTC128F428A516,Bad Religion - Automatic Man (Album Version),0.26269244461192975,TRTLIKK128E07862DA,Ja Rule - One of Us,0.31705914276681535,TRFZIBC128F4236D35,Innocence Mission - Migration,0.30931556517799774,TRMQMTC128F428A516,Bad Religion - Automatic Man (Album Version),0.30685437340785643
TRDIJKP12903CDCAF4,SOATHYW12A8C143527,ARWMFZH11C8A4219E0,For Today,Redemption,metal,TRFUJVJ128F426F2A2,Lauryn Hill - Interlude 5,1761.0,TRDPGXU128F9339C2A,Beastie Boys - B-Boy Bouillabaisse: A.W.O.L. (2009 Digital Remaster),1390.0,TRGLNKG128F9307689,Eminem - My Darling,1161.0,TRFUJVJ128F426F2A2,Lauryn Hill - Interlude 5,1595.3999999999999,TRDPGXU128F9339C2A,Beastie Boys - B-Boy Bouillabaisse: A.W.O.L. (2009 Digital Remaster),1251.5125000000005,TRGLNKG128F9307689,Eminem - My Darling,1059.6375000000005,TRIWYZR128F92D289A,I Am Ghost - So_ I Guess This Is Goodbye,0.6154378684274547,TRBZXAC12903CBB0CE,Atmosphere - Happymess,0.6116074730362417,TROAPHC12903CF8CCB,Despised Icon - Furtive Monologue,0.6095927644683637,TRIWYZR128F92D289A,I Am Ghost - So_ I Guess This Is Goodbye,0.6321840409012528,TRBZXAC12903CBB0CE,Atmosphere - Happymess,0.6292424298161395,TROAPHC12903CF8CCB,Despised Icon - Furtive Monologue,0.6228251496053563,TRFUJVJ128F426F2A2,Lauryn Hill - Interlude 5,102.87494246908406,TRQWDRK128F4241A32,Twista - Overdose (Album Version),92.50766248326603,TRZGZEJ128F92E99A7,John Denver - Let It Be,89.83839305574826,TRZGZEJ128F92E99A7,John Denver - Let It Be,56.67273817114679,TRYVAWJ128E0781BA9,Spearhead - Wayfarin' Stranger,56.20571609671828,TRGRDJF128F934EF03,Jah Cure - Sticky,55.99342786371756,TRCICCA128F4234B4E,Marvin Gaye - God Is My Friend,0.260753599556004,TRCMDXE128F92EC048,Biohazard - Domination,0.2534813515348038,TRLOJQC128F932A9E6,Cinderella Effect - Call the Ships to Port,0.2442670709105852,TRCMDXE128F92EC048,Biohazard - Domination,0.2950622228917658,TRCICCA128F4234B4E,Marvin Gaye - God Is My Friend,0.2947492749564852,TRLOJQC128F932A9E6,Cinderella Effect - Call the Ships to Port,0.2868568283609948
TRZQYIJ128F92E7F49,SOYPYRU12AB017F852,ARVJR1N1187FB4144A,Lamb Of God,We Die Alone (Bonus Track),metal,TRFUJVJ128F426F2A2,Lauryn Hill - Interlude 5,1626.0,TRFSCLD12903CD213F,The Prodigy - We Gonna Rock,1182.0,TRKRVKD128F9327008,Hollywood Undead - Undead,1013.0,TRFUJVJ128F426F2A2,Lauryn Hill - Interlude 5,1419.92,TRFSCLD12903CD213F,The Prodigy - We Gonna Rock,1139.4400000000003,TRKRVKD128F9327008,Hollywood Undead - Undead,915.9799999999998,TRHYEBV12903CE8274,Lifetime - Daneurysm,0.5794771985190519,TRUAOIK128F92EFCE7,Kaizers Orchestra - Die Polizei,0.5459137220887206,TRORNTH12903CC53F0,Suicide Commando - Dead March,0.5408325846084998,TRHYEBV12903CE8274,Lifetime - Daneurysm,0.5869391856534222,TRUAOIK128F92EFCE7,Kaizers Orchestra - Die Polizei,0.5552489765968329,TRFCTOF128F14B047B,Tommy James & The Shondells - I Think We're Alone Now (Single/LP Version),0.5523507547078581,TRDUSIG12903CA5FCB,Savatage - The Hourglass,133.70744617389036,TRDPGXU128F9339C2A,Beastie Boys - B-Boy Bouillabaisse: A.W.O.L. (2009 Digital Remaster),128.70078387794345,TRWETTQ12903CF2084,Watch Them Die - Resurrection,106.13922091112964,TRFTCKF12903C9D9E3,P.o.d - Rise Against,91.27090831186808,TRDFWPG128F148D4DF,Madonna - Die Another Day [Live],82.3373225052654,TRDUSIG12903CA5FCB,Savatage - The Hourglass,78.92673262478023,TRLXWYX128F426C74C,UnsraW - -9-,0.3428804587613908,TRNQVNC12903CBE8E7,Sunk Loto - 5 Years Of Silence,0.3405695842476496,TRFTCKF12903C9D9E3,P.o.d - Rise Against,0.3310619135614942,TRNQVNC12903CBE8E7,Sunk Loto - 5 Years Of Silence,0.36098212622749065,TRFTCKF12903C9D9E3,P.o.d - Rise Against,0.36001497011543077,TRLXWYX128F426C74C,UnsraW - -9-,0.3546834644604173
TRMYVVL128F92E865E,SODLQJO12A8C139576,ARWIA8D1187B990A0C,STRATOVARIUS,Elements,metal,TRFUJVJ128F426F2A2,Lauryn Hill - Interlude 5,2289.0,TRTLIKK128E07862DA,Ja Rule - One of Us,2216.0,TRDPGXU128F9339C2A,Beastie Boys - B-Boy Bouillabaisse: A.W.O.L. (2009 Digital Remaster),2135.0,TRTLIKK128E07862DA,Ja Rule - One of Us,2003.5125,TRFUJVJ128F426F2A2,Lauryn Hill - Interlude 5,1937.5600000000009,TRDPGXU128F9339C2A,Beastie Boys - B-Boy Bouillabaisse: A.W.O.L. (2009 Digital Remaster),1841.0987500000008,TRDWWFQ12903CDB482,Spiral Architect - Fountainhead,0.5643511611369203,TRRMQYQ128F42765E7,Ziggy Marley And The Melody Makers - 13 Months Of Sunshine,0.5587545182408159,TRLXCIQ128F429142D,BAL-SAGOTH - The chronicle of shadows,0.5425058639766543,TRDWWFQ12903CDB482,Spiral Architect - Fountainhead,0.5809928937741268,TRRMQYQ128F42765E7,Ziggy Marley And The Melody Makers - 13 Months Of Sunshine,0.5721870309909729,TRLXCIQ128F429142D,BAL-SAGOTH - The chronicle of shadows,0.5582489746603887,TRWYKJO128F9321804,Moonsorrow - Tuleen Ajettu Maa,169.8514266092605,TRSFHPD128F149E8C1,Joni Mitchell - Paprika Plains  (Remix),146.81290852349346,TRCOXLL128F427B2C0,Kurt Elling - Resolution,143.90267417316258,TRWYKJO128F9321804,Moonsorrow - Tuleen Ajettu Maa,122.2417084059137,TRJOZBA128F9316640,Ark - Heal The Waters,117.01382425030103,TRGGPDR128F42A56FC,Ledisi - Joy,103.77950181274825,TRNBZTB12903CB120D,Stoa - Infant Joy,0.2747495741893672,TRJOZBA128F9316640,Ark - Heal The Waters,0.2735044027297501,TRDSHMN128E078F1D1,Black Uhuru - Utterance,0.26475149009024407,TRJOZBA128F9316640,Ark - Heal The Waters,0.31048116786053326,TRDSHMN128E078F1D1,Black Uhuru - Utterance,0.3002066674209912,TRNBZTB12903CB120D,Stoa - Infant Joy,0.2916341838466242
TRIKFKO128F426A6FC,SORDWWC12A8C13AA28,ARWIA8D1187B990A0C,STRATOVARIUS,Know The Difference,metal,TRFUJVJ128F426F2A2,Lauryn Hill - Interlude 5,3160.0,TRDPGXU128F9339C2A,Beastie Boys - B-Boy Bouillabaisse: A.W.O.L. (2009 Digital Remaster),2246.0,TRQAWKR128F425EEC3,Michael Jackson - Man In The Mirror,2051.0,TRFUJVJ128F426F2A2,Lauryn Hill - Interlude 5,2895.0399999999995,TRDPGXU128F9339C2A,Beastie Boys - B-Boy Bouillabaisse: A.W.O.L. (2009 Digital Remaster),2024.4199999999996,TRQAWKR128F425EEC3,Michael Jackson - Man In The Mirror,1823.8400000000001,TRFUZAA128F428227C,Sara Groves - What Do I Know,0.5608945283514,TRUQRFW128F145877E,Julia Fordham - Genius,0.5510214489163604,TRSAGOE128F4260C77,John Legend - I Can Change,0.5414909375099153,TRFUZAA128F428227C,Sara Groves - What Do I Know,0.5777648532054018,TRUQRFW128F145877E,Julia Fordham - Genius,0.5595505781204345,TRSAGOE128F4260C77,John Legend - I Can Change,0.557300624962853,TRFUJVJ128F426F2A2,Lauryn Hill - Interlude 5,178.47205509578245,TRYPQUN12903D06214,Conjure One - One Word,131.8241637791693,TRIMUPV128F1486694,Lloyd Banks - Make A Move,131.4263707509306,TRYPQUN12903D06214,Conjure One - One Word,99.71251074394871,TRAXPGM128F428BBA6,Natalie Cole - Don't Get Around Much Anymore,91.82057200901527,TRFUJVJ128F426F2A2,Lauryn Hill - Interlude 5,89.46729469532242,TRAXPGM128F428BBA6,Natalie Cole - Don't Get Around Much Anymore,0.31865122322934947,TRKVLUS128EF345FD0,Field Music - You're Not Supposed To,0.30597807824649403,TRXKSAZ12903CAFB8E,Jill Scott - He Loves Me (Lyzel In E Flat),0.30382686629498973,TRAXPGM128F428BBA6,Natalie Cole - Don't Get Around Much Anymore,0.34489333646637077,TRXKSAZ12903CAFB8E,Jill Scott - He Loves Me (Lyzel In E Flat),0.3315329064185237,TRKVLUS128EF345FD0,Field Music - You're Not Supposed To,0.3270601110158287
TRJAFPP128F426AB25,SOXHFBO12A8C13132A,AR9C8IE1187B9ACC99,System of a Down,Peephole,metal,TRWSYHO128F4282346,Twista - I'm A Winner (Amended Album Version),5819.0,TRFUJVJ128F426F2A2,Lauryn Hill - Interlude 5,5190.0,TRHNOMB12903CB2544,Life Without Buildings - New Town,4318.0,TRWSYHO128F4282346,Twista - I'm A Winner (Amended Album Version),5540.0199999999995,TRFUJVJ128F426F2A2,Lauryn Hill - Interlude 5,4763.120000000001,TRHNOMB12903CB2544,Life Without Buildings - New Town,4140.809999999999,TRWDXEZ128F424A74E,Jeff Healey - It's Only Money,0.6208140134342507,TRDEPRW128F1456EB0,Concrete Blonde - It's Only Money,0.6208140134342507,TRMWREY128F427FCAD,Ian Van Dahl - Castles In The Sky,0.6053955509406362,TRDEPRW128F1456EB0,Concrete Blonde - It's Only Money,0.6292793229203554,TRWDXEZ128F424A74E,Jeff Healey - It's Only Money,0.6292793229203554,TRMWREY128F427FCAD,Ian Van Dahl - Castles In The Sky,0.6144659106620916,TRWTRMR128F1499D24,Marvin Sease - Stuck In The Middle,185.49663085591973,TRXOKDI12903CE3F75,Saliva - Bleed For Me,154.2423848584068,TRFCCKL128F426EE8E,Bob Dylan - Stuck Inside Of Mobile With The Memphis Blues Again,152.4211294409119,TRWTRMR128F1499D24,Marvin Sease - Stuck In The Middle,166.04067230713886,TRXOKDI12903CE3F75,Saliva - Bleed For Me,141.48768965501358,TRCBAMW128EF3435A0,Seventh Day Slumber - Burning Bridges,122.62368799878482,TRXOKDI12903CE3F75,Saliva - Bleed For Me,0.3545477174956399,TRWTRMR128F1499D24,Marvin Sease - Stuck In The Middle,0.33070546841179543,TRNYSCS128F427055D,Archers Of Loaf - Web In Front,0.30664208659545766,TRXOKDI12903CE3F75,Saliva - Bleed For Me,0.37331310224161196,TRWTRMR128F1499D24,Marvin Sease - Stuck In The Middle,0.35285446428964073,TRNYSCS128F427055D,Archers Of Loaf - Web In Front,0.32685003376437266
TRYMCCD128F421CD27,SOPTZIL12A6D4FD7AC,ARR057Y1187B9A16E7,Children Of Bodom,Hellhounds on My Trail,metal,TRFUJVJ128F426F2A2,Lauryn Hill - Interlude 5,4753.0,TRWSYHO128F4282346,Twista - I'm A Winner (Amended Album Version),3783.0,TRDPGXU128F9339C2A,Beastie Boys - B-Boy Bouillabaisse: A.W.O.L. (2009 Digital Remaster),3635.0,TRFUJVJ128F426F2A2,Lauryn Hill - Interlude 5,4274.6,TRWSYHO128F4282346,Twista - I'm A Winner (Amended Album Version),3470.3500000000017,TREBGAA128E078FC52,Erykah Badu - I Want You,3328.1750000000025,TRSTSNL128E0781C06,The Sundays - My Finest Hour,0.7185938175801592,TRWLKBS12903CC57D7,Good Old War - Tell Me (Acoustic),0.7117842712995388,TRYXJHS128F429E02B,Permanent Me - Heartattack,0.7086845694897049,TRSTSNL128E0781C06,The Sundays - My Finest Hour,0.7325219522759784,TRWLKBS12903CC57D7,Good Old War - Tell Me (Acoustic),0.7279971810899087,TRYXJHS128F429E02B,Permanent Me - Heartattack,0.7233155202192146,TRFUJVJ128F426F2A2,Lauryn Hill - Interlude 5,347.23060202146206,TRDPGXU128F9339C2A,Beastie Boys - B-Boy Bouillabaisse: A.W.O.L. (2009 Digital Remaster),268.2730620233815,TRQWDRK128F4241A32,Twista - Overdose (Album Version),242.7571954678633,TRFUJVJ128F426F2A2,Lauryn Hill - Interlude 5,165.07509664927662,TRKRVKD128F9327008,Hollywood Undead - Undead,129.79299079338782,TRFGQTH128F1453D85,Marilyn Manson - Para-noir,121.1221883654647,TRFGQTH128F1453D85,Marilyn Manson - Para-noir,0.2803582558845616,TRNUTPL12903D0517C,Alexandra Burke - Gotta Go,0.2767225081733121,TRKBDQY128F92F1457,The Forces Of Evil - Vague Love Song,0.2629242982599169,TROMMRU128F4250C74,Classified - All About U,0.33881018009880143,TRNUTPL12903D0517C,Alexandra Burke - Gotta Go,0.3309475984128217,TRFUJVJ128F426F2A2,Lauryn Hill - Interlude 5,0.3276975038244589
TRVIFKS128F426813A,SOKVYHH12A81C22CC4,ARR057Y1187B9A16E7,Children Of Bodom,No Commands,metal,TRFUJVJ128F426F2A2,Lauryn Hill - Interlude 5,2491.0,TRDPGXU128F9339C2A,Beastie Boys - B-Boy Bouillabaisse: A.W.O.L. (2009 Digital Remaster),2308.0,TRFFSMS128F428BC88,Enrique Iglesias - Miss You,2142.0,TRFUJVJ128F426F2A2,Lauryn Hill - Interlude 5,2211.3199999999997,TRDPGXU128F9339C2A,Beastie Boys - B-Boy Bouillabaisse: A.W.O.L. (2009 Digital Remaster),2074.1099999999997,TRFFSMS128F428BC88,Enrique Iglesias - Miss You,2051.7499999999977,TRHTXYK128F4293EEC,Kosheen - Pride,0.7190860717153215,TRXDCIY128F93112FB,The Airborne Toxic Event - The Girls In Their Summer Dresses,0.6929569638575279,TRZZKOL128F93112EF,Animal Collective - No More Runnin,0.6732635960442164,TRHTXYK128F4293EEC,Kosheen - Pride,0.730685325394385,TRXDCIY128F93112FB,The Airborne Toxic Event - The Girls In Their Summer Dresses,0.7059013632518532,TRZZKOL128F93112EF,Animal Collective - No More Runnin,0.685946789689363,TRFUJVJ128F426F2A2,Lauryn Hill - Interlude 5,201.45932570375032,TRDPGXU128F9339C2A,Beastie Boys - B-Boy Bouillabaisse: A.W.O.L. (2009 Digital Remaster),151.47726491240925,TRYPQUN12903D06214,Conjure One - One Word,146.3739924262501,TRYPQUN12903D06214,Conjure One - One Word,110.0532394432757,TRZXETI128C71965F2,Puressence - It Doesn't Matter Anymore,108.24760276203033,TRFUJVJ128F426F2A2,Lauryn Hill - Interlude 5,100.78808609898036,TRZXETI128C71965F2,Puressence - It Doesn't Matter Anymore,0.33429922011212937,TRQMYAZ128F146672E,Jon Secada - Take Me,0.29108523458413327,TRYPQUN12903D06214,Conjure One - One Word,0.27085173045814337,TRZXETI128C71965F2,Puressence - It Doesn't Matter Anymore,0.3771841602335383,TRQMYAZ128F146672E,Jon Secada - Take Me,0.3387268207065607,TRYPQUN12903D06214,Conjure One - One Word,0.32976723258166274
TRLHJMW128F1493BA1,SOZUQLN12A5891F885,AR4KS8C1187FB4CF3D,Tori Amos,Mother (2006 Remastered Alternate Mix),metal,TRFUJVJ128F426F2A2,Lauryn Hill - Interlude 5,3989.0,TRDPGXU128F9339C2A,Beastie Boys - B-Boy Bouillabaisse: A.W.O.L. (2009 Digital Remaster),3698.0,TRWSYHO128F4282346,Twista - I'm A Winner (Amended Album Version),3159.0,TRFUJVJ128F426F2A2,Lauryn Hill - Interlude 5,3540.04,TRDPGXU128F9339C2A,Beastie Boys - B-Boy Bouillabaisse: A.W.O.L. (2009 Digital Remaster),3322.545,TRWSYHO128F4282346,Twista - I'm A Winner (Amended Album Version),2865.5900000000006,TRDPGXU128F9339C2A,Beastie Boys - B-Boy Bouillabaisse: A.W.O.L. (2009 Digital Remaster),0.6781064580343251,TRKAIVZ128E07944DB,Parliament - Mr. Wiggles,0.6660451523952875,TRRYRGF128F42934E3,Sage Francis - Clickety Clack,0.6589298874105354,TRDPGXU128F9339C2A,Beastie Boys - B-Boy Bouillabaisse: A.W.O.L. (2009 Digital Remaster),0.7006273830040078,TRKAIVZ128E07944DB,Parliament - Mr. Wiggles,0.6860587240275627,TRRYRGF128F42934E3,Sage Francis - Clickety Clack,0.6789315977170077,TRFUJVJ128F426F2A2,Lauryn Hill - Interlude 5,274.76296982346605,TRDPGXU128F9339C2A,Beastie Boys - B-Boy Bouillabaisse: A.W.O.L. (2009 Digital Remaster),247.34040894658483,TRGLNKG128F9307689,Eminem - My Darling,223.03044514559878,TRGDBXO128F1480976,Paris Hilton - Not Leaving Without You (Album Version),127.86026728911585,TRLAVNZ128F92E4275,Coheed and Cambria - The Light & The Glass,127.61641816113236,TRLDJMI128E078F6F9,Jodeci - It's Alright,121.05332805139618,TRKNLOA128F4272646,Telepopmusik - Dance Me,0.2579044315287643,TREMGLA128F931FAB3,John Foxx - Plaza,0.2529268075084977,TRYIIMQ128F4279AA3,Liza Minnelli - All That Jazz,0.2347378178462575,TRLAVNZ128F92E4275,Coheed and Cambria - The Light & The Glass,0.29372028976112613,TRYIIMQ128F4279AA3,Liza Minnelli - All That Jazz,0.293704809628184,TREMGLA128F931FAB3,John Foxx - Plaza,0.28295373773489557
TRZGXNM128F1451ADF,SOGGUIK12A6D4F5F5B,ARHTAPO1187FB5AADE,Iron Maiden,Lord Of The Flies (Live In Dortmund),metal,TRFUJVJ128F426F2A2,Lauryn Hill - Interlude 5,2778.0,TRDPGXU128F9339C2A,Beastie Boys - B-Boy Bouillabaisse: A.W.O.L. (2009 Digital Remaster),2016.0,TRTLIKK128E07862DA,Ja Rule - One of Us,1833.0,TRFUJVJ128F426F2A2,Lauryn Hill - Interlude 5,2452.32,TRDPGXU128F9339C2A,Beastie Boys - B-Boy Bouillabaisse: A.W.O.L. (2009 Digital Remaster),1743.6412499999988,TRTLIKK128E07862DA,Ja Rule - One of Us,1636.0875,TRPIXDK128F92FAD24,The Starting Line - Photography,0.6413408846177105,TRNPTEG128F4226F32,Pigeon John - Growin' Old,0.6270552968291555,TRKKSER128F4241C16,Pretty Maids - Perfect Stranger,0.6115632869142221,TRPIXDK128F92FAD24,The Starting Line - Photography,0.649652866201779,TRNPTEG128F4226F32,Pigeon John - Growin' Old,0.6422040191894371,TRKKSER128F4241C16,Pretty Maids - Perfect Stranger,0.6240552973474305,TRLLYKL128F426F270,Lauryn Hill - Oh Jerusalem,184.96323021155507,TRFUJVJ128F426F2A2,Lauryn Hill - Interlude 5,180.36894634035303,TRDGICW128F42963E2,Recoil - Curse,174.37419271225895,TRLLYKL128F426F270,Lauryn Hill - Oh Jerusalem,130.9157484797658,TRDGICW128F42963E2,Recoil - Curse,105.87600419728636,TRZSUSN128F4240FCE,Will.I.Am - She's A Star,98.53404730313909,TRJNBKB12903CEE0E6,Old Man's Child - Soul Possessed,0.3386331886030176,TRDBOVM128F4268BB9,Celtic Woman - May It Be,0.32032586433733423,TRIWIDE128F9350355,Robert Wyatt - Red Flag,0.27143007741493574,TRJNBKB12903CEE0E6,Old Man's Child - Soul Possessed,0.36914159705691024,TRDBOVM128F4268BB9,Celtic Woman - May It Be,0.35231044989486826,TRLLYKL128F426F270,Lauryn Hill - Oh Jerusalem,0.3278260054008905
TROGUOT128F147F39A,SOPFDRI12A6D4F83F4,ARHTAPO1187FB5AADE,Iron Maiden,Phantom Of The Opera (Live) (1998 Digital Remaster),metal,TRFUJVJ128F426F2A2,Lauryn Hill - Interlude 5,4990.0,TRWSYHO128F4282346,Twista - I'm A Winner (Amended Album Version),3658.0,TRGLNKG128F9307689,Eminem - My Darling,3483.0,TRFUJVJ128F426F2A2,Lauryn Hill - Interlude 5,4688.239999999999,TRWSYHO128F4282346,Twista - I'm A Winner (Amended Album Version),3460.79,TRGLNKG128F9307689,Eminem - My Darling,3298.295,TRZBPGN128F92EDF7E,HELLYEAH - Nausea,0.8406231946758728,TRPBTSJ128F42A3168,Harry Belafonte - Angelina,0.8371306691765746,TRDENDW128F42747AE,Delta Goodrem - Predictable,0.834887871450071,TRZBPGN128F92EDF7E,HELLYEAH - Nausea,0.8467369926646121,TRPBTSJ128F42A3168,Harry Belafonte - Angelina,0.8429679722119156,TRDENDW128F42747AE,Delta Goodrem - Predictable,0.840067919980346,TRPUEFZ128F146269E,Onyx - Slam,164.34312529882513,TRHDXOY128F42B3BE9,Onyx - Slam Harder,164.34312529882513,TRDPGXU128F9339C2A,Beastie Boys - B-Boy Bouillabaisse: A.W.O.L. (2009 Digital Remaster),152.80133927425098,TRPUEFZ128F146269E,Onyx - Slam,118.64323306336289,TRHDXOY128F42B3BE9,Onyx - Slam Harder,118.64323306336289,TRVRIIT12903CD89B7,Marilyn Monroe - Do It Again,81.1543509948067,TRWYGFY128F1495A92,Bunny Wailer - Walk The Proud Land,0.2792882979250229,TRIUETR128F93202A8,Bettye Swann - Don't Look Back,0.27829825544971065,TRRZDYD128F428BC8B,Hayseed Dixie - Runnin' With The Devil,0.2764929772162192,TRIUETR128F93202A8,Bettye Swann - Don't Look Back,0.33014215062054875,TRPUEFZ128F146269E,Onyx - Slam,0.3265765429751828,TRHDXOY128F42B3BE9,Onyx - Slam Harder,0.3265765429751828
TRJYSJS128EF356B75,SOTFXJB12A58A7692B,ARQATWU1187B98EE26,Ill Niño,Re-Birth,metal,TRFUJVJ128F426F2A2,Lauryn Hill - Interlude 5,9791.0,TRWSYHO128F4282346,Twista - I'm A Winner (Amended Album Version),8922.0,TRVLIZK128F428845E,Five - That's What You Told Me,7795.0,TRFUJVJ128F426F2A2,Lauryn Hill - Interlude 5,9169.079999999998,TRWSYHO128F4282346,Twista - I'm A Winner (Amended Album Version),8515.555,TRVLIZK128F428845E,Five - That's What You Told Me,7556.710000000001,TREOUWD128F14903BB,Sean Lennon - Into The Sun,0.8338938474189705,TRRBFPC12903CDF853,The Berzerker - All About You,0.741661788220496,TRVWFVQ128F9316F97,Avant - Out of Character,0.741063259752928,TREOUWD128F14903BB,Sean Lennon - Into The Sun,0.8377308272040479,TRVWFVQ128F9316F97,Avant - Out of Character,0.7489598668381433,TRRBFPC12903CDF853,The Berzerker - All About You,0.748672022688164,TRFUJVJ128F426F2A2,Lauryn Hill - Interlude 5,282.301772237736,TRDPGXU128F9339C2A,Beastie Boys - B-Boy Bouillabaisse: A.W.O.L. (2009 Digital Remaster),228.03162946677256,TRDUSIG12903CA5FCB,Savatage - The Hourglass,223.502575169322,TRFUJVJ128F426F2A2,Lauryn Hill - Interlude 5,136.39870269782745,TRVNSDW128F933BB4F,N-Dubz - Shoulda Put Something On,134.0015274782899,TROVSGS128F4274CEE,Aceyalone - Mr. Outsider,133.64115083524206,TREOUWD128F14903BB,Sean Lennon - Into The Sun,0.38156087596094374,TRIRCTN128F93444F9,No Use For A Name - Undefeated,0.32362095117492173,TRJZZCN128E07938C5,Nine Inch Nails - Burn,0.29192792038610665,TREOUWD128F14903BB,Sean Lennon - Into The Sun,0.41708425745718264,TRIRCTN128F93444F9,No Use For A Name - Undefeated,0.3669224453377999,TRJZZCN128E07938C5,Nine Inch Nails - Burn,0.33302440344908957
TRSUANW128F930BD52,SOHWQLM12AB017E46B,ARDZQ7Z1187B99711A,Kamelot,This Pain,metal,TRFUJVJ128F426F2A2,Lauryn Hill - Interlude 5,2009.0,TRDPGXU128F9339C2A,Beastie Boys - B-Boy Bouillabaisse: A.W.O.L. (2009 Digital Remaster),1722.0,TRCHZXW128E079288A,Eminem - 8 Mile,1405.0,TRFUJVJ128F426F2A2,Lauryn Hill - Interlude 5,1760.6000000000006,TRDPGXU128F9339C2A,Beastie Boys - B-Boy Bouillabaisse: A.W.O.L. (2009 Digital Remaster),1514.2687500000006,TRCHZXW128E079288A,Eminem - 8 Mile,1248.2312500000007,TRETTPG128F9343EE4,Organized Konfusion - Releasing Hypnotical Gases,0.57509331716046,TRGQBAX128F426EFCA,Bob Dylan - Ballad In Plain D,0.5724776268885803,TRVCMKE128F42454CC,Less Than Jake - Abandon Ship,0.565986894667646,TRETTPG128F9343EE4,Organized Konfusion - Releasing Hypnotical Gases,0.5980200053758546,TRGQBAX128F426EFCA,Bob Dylan - Ballad In Plain D,0.5941583075925528,TRVCMKE128F42454CC,Less Than Jake - Abandon Ship,0.586963426420464,TRFUJVJ128F426F2A2,Lauryn Hill - Interlude 5,159.08222087003668,TRQWDRK128F4241A32,Twista - Overdose (Album Version),155.6368962494781,TRYCBLK12903CE6A0E,Twiztid - She Ain't Afraid,146.3413619200654,TRQFAIY128F1452CA5,Floetry - Blessed 2 Have,97.52515030271823,TRYCBLK12903CE6A0E,Twiztid - She Ain't Afraid,85.98458499340454,TRQWDRK128F4241A32,Twista - Overdose (Album Version),81.95836468437392,TRTSSRY128F149746B,Mansun - Witness To A Murder (Part 2),0.2760942946610162,TRHERLM12903CC610E,Willie Dixon - Pain in My Heart,0.2400417921577654,TRQFAIY128F1452CA5,Floetry - Blessed 2 Have,0.23149521676972465,TRTSSRY128F149746B,Mansun - Witness To A Murder (Part 2),0.30814267276626717,TRQFAIY128F1452CA5,Floetry - Blessed 2 Have,0.27563617547052616,TRHERLM12903CC610E,Willie Dixon - Pain in My Heart,0.2725067821029019
TRRIRCF128F426A606,SOFRVOH12A8C132F50,ARXPPEY1187FB51DF4,Michael Jackson,You Are Not Alone,pop,TRFUJVJ128F426F2A2,Lauryn Hill - Interlude 5,8798.0,TRWSYHO128F4282346,Twista - I'm A Winner (Amended Album Version),7672.0,TRGLNKG128F9307689,Eminem - My Darling,7036.0,TRFUJVJ128F426F2A2,Lauryn Hill - Interlude 5,8176.080000000002,TRWSYHO128F4282346,Twista - I'm A Winner (Amended Album Version),7265.5549999999985,TRGLNKG128F9307689,Eminem - My Darling,6655.327499999999,TRYLMXY128C71967B6,New Found Glory - Dressed To Kill,0.781152519924613,TRPDVBK128F92FFEA1,Royksopp - You Don't Have A Clue,0.7752268528358796,TRJMIIA128F42A34AE,G4 - To Where You Are,0.7668680646454319,TRYLMXY128C71967B6,New Found Glory - Dressed To Kill,0.7874136640838154,TRPDVBK128F92FFEA1,Royksopp - You Don't Have A Clue,0.7824166637149198,TRJMIIA128F42A34AE,G4 - To Where You Are,0.7746958016316867,TRFUJVJ128F426F2A2,Lauryn Hill - Interlude 5,236.0821340887522,TRXOKBX128F426612B,Nivea - So Far,221.13312001221854,TRDUSIG12903CA5FCB,Savatage - The Hourglass,211.71634913284694,TRXOKBX128F426612B,Nivea - So Far,169.18491593655452,TRMTSQY128E078EED6,The Cure - Apart,136.66072135643734,TRWLPQW128C7196C87,Girls Aloud - Stay Another Day,128.0086327990826,TRWLPQW128C7196C87,Girls Aloud - Stay Another Day,0.313567227837267,TRXOKBX128F426612B,Nivea - So Far,0.2910597839602795,TRLFGEI128F145BCFB,Frank Sinatra - From Here To Eternity,0.29099033056386214,TRWLPQW128C7196C87,Girls Aloud - Stay Another Day,0.35853801173222255,TRXOKBX128F426612B,Nivea - So Far,0.3490263547398053,TRLFGEI128F145BCFB,Frank Sinatra - From Here To Eternity,0.32780263156084344
TREUPHA128F4278F34,SOTLPVB12CF5CFD7F3,ARXPPEY1187FB51DF4,Michael Jackson,Baby Be Mine,pop,TRFUJVJ128F426F2A2,Lauryn Hill - Interlude 5,7579.0,TRWSYHO128F4282346,Twista - I'm A Winner (Amended Album Version),6234.0,TRDPGXU128F9339C2A,Beastie Boys - B-Boy Bouillabaisse: A.W.O.L. (2009 Digital Remaster),5254.0,TRFUJVJ128F426F2A2,Lauryn Hill - Interlude 5,6964.439999999999,TRWSYHO128F4282346,Twista - I'm A Winner (Amended Album Version),5832.364999999998,TREBGAA128E078FC52,Erykah Badu - I Want You,4890.132500000003,TRZNHJN128F4293FC2,Kelly Clarkson - Anytime,0.760508273401269,TRANDPI128F425AF41,Alice Smith - Dream,0.7570053656774929,TRVVIWJ128F42697BA,Fat Joe - Preacher On A Sunday Morning,0.7260830175609773,TRZNHJN128F4293FC2,Kelly Clarkson - Anytime,0.7709399009187753,TRANDPI128F425AF41,Alice Smith - Dream,0.7679262438085412,TRVVIWJ128F42697BA,Fat Joe - Preacher On A Sunday Morning,0.7391723196073088,TRIPIMD128F92D3E12,Ryan Leslie - Just Right,217.66494315247542,TRDPGXU128F9339C2A,Beastie Boys - B-Boy Bouillabaisse: A.W.O.L. (2009 Digital Remaster),210.8650615884546,TRFUJVJ128F426F2A2,Lauryn Hill - Interlude 5,210.0699745537494,TRIPIMD128F92D3E12,Ryan Leslie - Just Right,162.4073906488375,TRWXSWA128F1456793,Shai - Waiting For The Day,140.3293749210509,TRTZIYO128E078879C,East 17 - Hey Child,139.66983954593348,TRPVEXL128F42732C5,OTT - Be My Girl,0.38845956297932666,TRZNHJN128F4293FC2,Kelly Clarkson - Anytime,0.3321911624823035,TROZGTB128F427488F,Chanté Moore - Give Me Time,0.332025205606916,TRPVEXL128F42732C5,OTT - Be My Girl,0.42722739760020484,TRZNHJN128F4293FC2,Kelly Clarkson - Anytime,0.38993338871865313,TROZGTB128F427488F,Chanté Moore - Give Me Time,0.38086206160528485
TRQAWKR128F425EEC3,SOFHEBR12CF5F892C7,ARXPPEY1187FB51DF4,Michael Jackson,Man In The Mirror,pop,TRFUJVJ128F426F2A2,Lauryn Hill - Interlude 5,22971.0,TRWSYHO128F4282346,Twista - I'm A Winner (Amended Album Version),19432.0,TRDPGXU128F9339C2A,Beastie Boys - B-Boy Bouillabaisse: A.W.O.L. (2009 Digital Remaster),15159.0,TRFUJVJ128F426F2A2,Lauryn Hill - Interlude 5,20648.92,TRWSYHO128F4282346,Twista - I'm A Winner (Amended Album Version),17914.444999999996,TRDPGXU128F9339C2A,Beastie Boys - B-Boy Bouillabaisse: A.W.O.L. (2009 Digital Remaster),13217.097499999994,TRJEAVP128F42B83F0,Petey Pablo - Show Me The Money,0.5718009748687524,TRMJBIJ128F93391B9,Bow Wow - Sunshine,0.5643738229200921,TRPHUZK128F146A63D,Lucy Pearl - LaLa,0.5411750827220264,TRJEAVP128F42B83F0,Petey Pablo - Show Me The Money,0.5897635004021178,TRMJBIJ128F93391B9,Bow Wow - Sunshine,0.5880589018332385,TROWDOO128F9361D3E,Souls Of Mischief - One,0.5623304492220924,TRFUJVJ128F426F2A2,Lauryn Hill - Interlude 5,586.4028698272315,TRBCPZS128F145ECC1,Nelly - Say Now,537.6366216256878,TRQXYGU128E079236A,Black Eyed Peas - A8,522.7680003150881,TRBCPZS128F145ECC1,Nelly - Say Now,383.67448107349503,TROQUJK128F4254F90,Fun Lovin' Criminals - Blues For Suckers,381.9303327173548,TRJJNLV128F92DF509,Tiziano Ferro - Universal Prayer,373.0513244411674,TRGANKE128F4275BFF,Sentidos Opuestos - Oh Na Na Na,0.3743274548968751,TRJRCCY128F930C12F,Kayah - Dla Niego,0.3684153678989006,TRJJNLV128F92DF509,Tiziano Ferro - Universal Prayer,0.3406190741126029,TRJJNLV128F92DF509,Tiziano Ferro - Universal Prayer,0.3976972179083156,TRQXYGU128E079236A,Black Eyed Peas - A8,0.39111294505352134,TROQUJK128F4254F90,Fun Lovin' Criminals - Blues For Suckers,0.3851028698729677
TRCYAYD128F92F3758,SODIHGW12CF5F88001,ARXPPEY1187FB51DF4,Michael Jackson,Why You Wanna Trip On Me,pop,TRFUJVJ128F426F2A2,Lauryn Hill - Interlude 5,4979.0,TRUGLTC128F4227B93,Danity Kane - Hold Me Down (Album Version),4785.0,TRVLIZK128F428845E,Five - That's What You Told Me,4464.0,TRUGLTC128F4227B93,Danity Kane - Hold Me Down (Album Version),4585.515,TRFUJVJ128F426F2A2,Lauryn Hill - Interlude 5,4548.4400000000005,TRVLIZK128F428845E,Five - That's What You Told Me,4299.03,TRJKOIH12903CE7D34,Thomas Dybdahl - U,0.6201604165101657,TRPOYGS128F426BF0C,Bessie Smith - Thinking Blues,0.5978789187092515,TRMBQDJ128F425F283,George Ducas - Shame On Me,0.5962427569999813,TRJKOIH12903CE7D34,Thomas Dybdahl - U,0.6283285693322629,TRPOYGS128F426BF0C,Bessie Smith - Thinking Blues,0.6096649878630613,TRMBQDJ128F425F283,George Ducas - Shame On Me,0.604518605708452,TRFUJVJ128F426F2A2,Lauryn Hill - Interlude 5,291.92437342670723,TRQAWKR128F425EEC3,Michael Jackson - Man In The Mirror,208.28029957800504,TRDPGXU128F9339C2A,Beastie Boys - B-Boy Bouillabaisse: A.W.O.L. (2009 Digital Remaster),190.831265639159,TRFUJVJ128F426F2A2,Lauryn Hill - Interlude 5,179.4434024264599,TRQAWKR128F425EEC3,Michael Jackson - Man In The Mirror,151.74319697636537,TREMIDG128F92E5580,Billy Paul - Your Song,135.09988594165011,TRTQMAZ128F4273C71,Hooverphonic - Everytime We Live Together We Die A Bit More,0.34330406890450066,TRMVGKO128E078552F,Keith Sweat - Give Me What I Want (LP Version),0.3073856828907186,TRBXTWV128F92F3634,The Living End - What's On Your Radio?,0.2843897913229812,TRTQMAZ128F4273C71,Hooverphonic - Everytime We Live Together We Die A Bit More,0.36902160247479016,TRMVGKO128E078552F,Keith Sweat - Give Me What I Want (LP Version),0.34993549415721364,TRQGOOD128F429CD06,Spice Girls - Ain't No Stopping Us Now,0.3309045640789887
TRGJXNX128F92F8757,SOEURRQ12D02194749,ARORMBJ1241B9CDB1A,Ke$ha,TiK ToK,pop,TRFUJVJ128F426F2A2,Lauryn Hill - Interlude 5,4104.0,TRDPGXU128F9339C2A,Beastie Boys - B-Boy Bouillabaisse: A.W.O.L. (2009 Digital Remaster),4058.0,TRWSYHO128F4282346,Twista - I'm A Winner (Amended Album Version),3618.0,TRDPGXU128F9339C2A,Beastie Boys - B-Boy Bouillabaisse: A.W.O.L. (2009 Digital Remaster),3562.5225000000005,TRFUJVJ128F426F2A2,Lauryn Hill - Interlude 5,3511.5200000000004,TRWSYHO128F4282346,Twista - I'm A Winner (Amended Album Version),3230.795,TRKGULH128F428C170,Mobb Deep - Trife Life,0.6667075262446361,TRQGOOD128F429CD06,Spice Girls - Ain't No Stopping Us Now,0.6613966525856607,TRWFXWM128F148D2D1,Warren G - We Brings Heat,0.6211762592265196,TRKGULH128F428C170,Mobb Deep - Trife Life,0.6893796234755959,TRQGOOD128F429CD06,Spice Girls - Ain't No Stopping Us Now,0.6782559135932518,TRWFXWM128F148D2D1,Warren G - We Brings Heat,0.6453767728066259,TRFUJVJ128F426F2A2,Lauryn Hill - Interlude 5,326.0882799246247,TRDPGXU128F9339C2A,Beastie Boys - B-Boy Bouillabaisse: A.W.O.L. (2009 Digital Remaster),311.4759360375377,TRWSYHO128F4282346,Twista - I'm A Winner (Amended Album Version),263.1729813549695,TRUWZJQ128F145E9F7,Afroman - Let's All Get Drunk,187.77250273990228,TRWSYHO128F4282346,Twista - I'm A Winner (Amended Album Version),186.334162883823,TREXCMT128F933D825,Vanilla Ice - It's A Party,183.58644887937788,TRABNVL128F14A9685,Banaroo - Ringa Ding Ding,0.3334327194407329,TRQMBFX128F9309F32,Radio 4 - Party Crashers,0.2880000441652843,TREXCMT128F933D825,Vanilla Ice - It's A Party,0.284227546117612,TRABNVL128F14A9685,Banaroo - Ringa Ding Ding,0.3709317948022522,TREXCMT128F933D825,Vanilla Ice - It's A Party,0.3551921773243003,TRUWZJQ128F145E9F7,Afroman - Let's All Get Drunk,0.33929126279975363
TRNQDAJ128F92F4AE0,SOQDMKM12A58A7A9B2,ARF5M7Q1187FB501E8,Maroon 5,Nothing Lasts Forever,pop,TRFUJVJ128F426F2A2,Lauryn Hill - Interlude 5,5698.0,TRWSYHO128F4282346,Twista - I'm A Winner (Amended Album Version),4709.0,TRBEBJO128C719646B,Nelly - Splurge,4008.0,TRFUJVJ128F426F2A2,Lauryn Hill - Interlude 5,5114.720000000001,TRWSYHO128F4282346,Twista - I'm A Winner (Amended Album Version),4327.807500000001,TREBGAA128E078FC52,Erykah Badu - I Want You,3793.6287499999994,TRRXHUS128F4289B89,Useless I.D. - It's Alright,0.697785477843495,TRWNUXN128F93095BF,Angela Bofill - I Try,0.6288350588610049,TRBEBJO128C719646B,Nelly - Splurge,0.6256400206416635,TRRXHUS128F4289B89,Useless I.D. - It's Alright,0.7116653289954948,TROHAHB128F4284DCA,Lou Reed - So Alone,0.6444344381904505,TRBEBJO128C719646B,Nelly - Splurge,0.6425857531241738,TRFUJVJ128F426F2A2,Lauryn Hill - Interlude 5,290.7282049674188,TRDPGXU128F9339C2A,Beastie Boys - B-Boy Bouillabaisse: A.W.O.L. (2009 Digital Remaster),285.7694297828769,TRWHWLL128F4264927,Babyface - I Love You Babe,280.63128020345965,TRWHWLL128F4264927,Babyface - I Love You Babe,242.28222670712202,TRGOMIJ128F4263AD6,The Jacksons - The Hurt,177.33535393229033,TRFPSBS128F4298DD4,Mayday Parade - I'd Hate To Be You When People Find Out What This Song Is About (Album),154.60062091410447,TRWHWLL128F4264927,Babyface - I Love You Babe,0.43947753721726207,TRGOMIJ128F4263AD6,The Jacksons - The Hurt,0.3182583738090091,TRFPSBS128F4298DD4,Mayday Parade - I'd Hate To Be You When People Find Out What This Song Is About (Album),0.3001133102276453,TRWHWLL128F4264927,Babyface - I Love You Babe,0.4735824504050201,TRGOMIJ128F4263AD6,The Jacksons - The Hurt,0.370536067310815,TRFPSBS128F4298DD4,Mayday Parade - I'd Hate To Be You When People Find Out What This Song Is About (Album),0.35355511031013254
TRHKYKI128E07921BC,SOPOYAC12D021B2BE2,ARDCFNZ1187FB3DDB0,Enrique Iglesias,Roamer,pop,TRDPGXU128F9339C2A,Beastie Boys - B-Boy Bouillabaisse: A.W.O.L. (2009 Digital Remaster),5514.0,TRCHZXW128E079288A,Eminem - 8 Mile,4976.0,TRFUJVJ128F426F2A2,Lauryn Hill - Interlude 5,4622.0,TRDPGXU128F9339C2A,Beastie Boys - B-Boy Bouillabaisse: A.W.O.L. (2009 Digital Remaster),5063.146249999996,TRCHZXW128E079288A,Eminem - 8 Mile,4635.753749999999,TRXHFMI128F429B2F2,Rufio - Over It (Acoustic),4199.241249999998,TROSKLK128F145806A,Us3 - It's Like That,0.7552979748719161,TRCHZXW128E079288A,Eminem - 8 Mile,0.7517455508574997,TRNDOZZ128F92F336C,Dead Prez - Fucked Up,0.7362588804630846,TROSKLK128F145806A,Us3 - It's Like That,0.7666848213591823,TRCHZXW128E079288A,Eminem - 8 Mile,0.7642215266355509,TRNDOZZ128F92F336C,Dead Prez - Fucked Up,0.7497658843732983,TRDPGXU128F9339C2A,Beastie Boys - B-Boy Bouillabaisse: A.W.O.L. (2009 Digital Remaster),312.51579873589634,TRCHZXW128E079288A,Eminem - 8 Mile,283.36993896432426,TRYHHPK128F42A4CAF,Murs - The Dance,228.44070868325028,TRCHZXW128E079288A,Eminem - 8 Mile,166.85244072631846,TRDPGXU128F9339C2A,Beastie Boys - B-Boy Bouillabaisse: A.W.O.L. (2009 Digital Remaster),165.1013227208806,TRBVPVV128F425F14F,Daft Punk - Touch It / Technologic,145.86101534376618,TRAWTIB128F4284E49,Martina Topley Bird - I Still Feel,0.2743035284306598,TRMHLKD12903C98020,JET - Let Me Out,0.26668143726146887,TRFSQXF128F9311B25,LMFAO - I Am Not A Whore,0.24796917361065107,TRMHLKD12903C98020,JET - Let Me Out,0.32373048877672156,TRAWTIB128F4284E49,Martina Topley Bird - I Still Feel,0.31858968791184,TRDPGXU128F9339C2A,Beastie Boys - B-Boy Bouillabaisse: A.W.O.L. (2009 Digital Remaster),0.3172659381135096
TRTJYFF128F9340CA9,SOYXNXN12A8C131F3D,ARML3X41187FB35F2E,Jason Mraz,Live High (Album Version),pop,TRFUJVJ128F426F2A2,Lauryn Hill - Interlude 5,2496.0,TRBVPVV128F425F14F,Daft Punk - Touch It / Technologic,2054.0,TRGUCIR128F933D817,Vanilla Ice - Ice Is Workin' It,2044.0,TRFUJVJ128F426F2A2,Lauryn Hill - Interlude 5,2100.3999999999996,TRBVPVV128F425F14F,Daft Punk - Touch It / Technologic,1897.8562500000005,TRGUCIR128F933D817,Vanilla Ice - Ice Is Workin' It,1856.9499999999998,TRIRFPC128E0792392,Blackstreet - Black & White,0.5000502692115286,TRPHJTC128F92D2883,Jolie Holland - Mexico City,0.4874932228678035,TRTQGTZ128E079387E,The Brian Setzer Orchestra - Let's Live It Up,0.46026191946310063,TRIRFPC128E0792392,Blackstreet - Black & White,0.5247903083791047,TRPHJTC128F92D2883,Jolie Holland - Mexico City,0.5052363035421391,TRFVYRV128F42BBAA0,Jamiroquai - Virtual Insanity,0.4831657252356816,TRDPGXU128F9339C2A,Beastie Boys - B-Boy Bouillabaisse: A.W.O.L. (2009 Digital Remaster),264.51452010204804,TRFUJVJ128F426F2A2,Lauryn Hill - Interlude 5,211.2011372543125,TRWZUDO128F1495E26,Prince - I Love U In Me ( LP Version),193.18333756556996,TRGDMGM128F4263C48,Kelly Price - Someday,130.31402190272047,TRXJTJZ128F4295464,The Corrs - Queen Of Hollywood ( LP Version ),126.23996559374842,TRDPGXU128F9339C2A,Beastie Boys - B-Boy Bouillabaisse: A.W.O.L. (2009 Digital Remaster),118.30705404010037,TRCLAQP128F428C798,Boyz II Men - Easy,0.3354873265770606,TRBLKDN12903CCB8B7,Felt - Penelope Tree,0.31847581052428037,TRXXOGD12903CACFEC,Billie Holiday - Easy Living,0.2904942845269726,TRCLAQP128F428C798,Boyz II Men - Easy,0.3691830397530088,TRBLKDN12903CCB8B7,Felt - Penelope Tree,0.35821554384206594,TRXXOGD12903CACFEC,Billie Holiday - Easy Living,0.326109985776538
TRMBGMX128F92FD769,SOREOCT12AB0184E18,ARKSZW81187B9B695D,Mariah Carey,Did I Do That?,pop,TRFUJVJ128F426F2A2,Lauryn Hill - Interlude 5,12494.0,TRWSYHO128F4282346,Twista - I'm A Winner (Amended Album Version),9967.0,TRGLNKG128F9307689,Eminem - My Darling,8848.0,TRFUJVJ128F426F2A2,Lauryn Hill - Interlude 5,11608.96,TRWSYHO128F4282346,Twista - I'm A Winner (Amended Album Version),9388.5975,TREBGAA128E078FC52,Erykah Badu - I Want You,8478.723749999997,TROSAQJ128F92D308C,Charlie Wilson - What You Do To Me,0.7990768675616643,TRGLJRY128F14841E2,"Brand New Heavies_ The - You Are The Universe (Roger's Universal 7"" Edit)",0.7631379539420362,TRBJXPW128F428D3CD,A Tribe Called Quest - The Hop,0.7616972696340046,TROSAQJ128F92D308C,Charlie Wilson - What You Do To Me,0.8054571054467728,TRBJXPW128F428D3CD,A Tribe Called Quest - The Hop,0.770880030994126,TRQYUKJ12903C9A1CE,Kevin Devine - It's Only Your Life,0.769442004214009,TRFUJVJ128F426F2A2,Lauryn Hill - Interlude 5,384.2404164749253,TRDPGXU128F9339C2A,Beastie Boys - B-Boy Bouillabaisse: A.W.O.L. (2009 Digital Remaster),332.80538277238173,TRVDTEO128F14956CF,Eric B. & Rakim - What's On Your Mind,267.73812417355407,TRFUJVJ128F426F2A2,Lauryn Hill - Interlude 5,192.12049070768904,TREHLBY128F92F81D2,Simply Red - So Not Over You,168.92770209488916,TRVDTEO128F14956CF,Eric B. & Rakim - What's On Your Mind,162.72054798054347,TREHLBY128F92F81D2,Simply Red - So Not Over You,0.2616185582486056,TRQDCPN128F1453C8B,Joss Stone - Killing Time,0.25570273145256306,TRGIRRP128C7196606,Grace Jones - Use Me,0.24521762593190477,TREHLBY128F92F81D2,Simply Red - So Not Over You,0.3290830501229229,TRCEFOS128F933D79B,Clipse - Freedom,0.32029201683304975,TRVDTEO128F14956CF,Eric B. & Rakim - What's On Your Mind,0.31679949350897774
TRWMZQL128F9306DCB,SOQWWOQ12AAF3B22EA,ARKSZW81187B9B695D,Mariah Carey,I'll Be There,pop,TRFUJVJ128F426F2A2,Lauryn Hill - Interlude 5,7134.0,TRWSYHO128F4282346,Twista - I'm A Winner (Amended Album Version),6537.0,TRDPGXU128F9339C2A,Beastie Boys - B-Boy Bouillabaisse: A.W.O.L. (2009 Digital Remaster),6522.0,TRFUJVJ128F426F2A2,Lauryn Hill - Interlude 5,6594.879999999996,TRWSYHO128F4282346,Twista - I'm A Winner (Amended Album Version),6184.667500000001,TREBGAA128E078FC52,Erykah Badu - I Want You,6073.858750000005,TRPDWLW128F424DF76,RyanDan - I'll Be There,0.9570638510280631,TRKRUNZ128E0784AC1,Ben Harper And The Blind Boys Of Alabama - There Will Be A Light,0.7905674614617465,TRWKDZE128F1451EAC,The Dells - It's All Up To You,0.7835298542592528,TRPDWLW128F424DF76,RyanDan - I'll Be There,0.9577936708564238,TRKRUNZ128E0784AC1,Ben Harper And The Blind Boys Of Alabama - There Will Be A Light,0.793572943575263,TRWKDZE128F1451EAC,The Dells - It's All Up To You,0.7879539273141432,TRPDWLW128F424DF76,RyanDan - I'll Be There,227.4410968358083,TRDPGXU128F9339C2A,Beastie Boys - B-Boy Bouillabaisse: A.W.O.L. (2009 Digital Remaster),184.56002881181226,TRFUJVJ128F426F2A2,Lauryn Hill - Interlude 5,155.66880155530615,TRPDWLW128F424DF76,RyanDan - I'll Be There,210.77390702568275,TRKJHIA128F4252CD7,Tree63 - All Over The World,93.20406992171614,TRHVNJF128F934B8C0,Machinemade God - With You,92.38061158311146,TRPDWLW128F424DF76,RyanDan - I'll Be There,0.881269354887111,TRKTPMH128F42893A6,The Brand New Heavies - Worlds Keep Spinning,0.31588906690369295,TRIUBAR128F146BD74,Phil Collins - You'll Be In My Heart,0.2882049119475177,TRPDWLW128F424DF76,RyanDan - I'll Be There,0.8889923564633929,TRKTPMH128F42893A6,The Brand New Heavies - Worlds Keep Spinning,0.36568061416960296,TRIUBAR128F146BD74,Phil Collins - You'll Be In My Heart,0.34123765228973024
TRRIZDV128F92C1F17,SOBQRXD12A8C13FB26,ARBAW9R1187B98FB6B,Natasha Bedingfield,I Think They're Thinking - Interlude,pop,TRDPGXU128F9339C2A,Beastie Boys - B-Boy Bouillabaisse: A.W.O.L. (2009 Digital Remaster),1039.0,TRFUJVJ128F426F2A2,Lauryn Hill - Interlude 5,1025.0,TRBEBJO128C719646B,Nelly - Splurge,989.0,TRDPGXU128F9339C2A,Beastie Boys - B-Boy Bouillabaisse: A.W.O.L. (2009 Digital Remaster),938.9812499999998,TRBEBJO128C719646B,Nelly - Splurge,929.4437500000005,TRKLJAG128F42B31CF,Mario Vazquez - Everytime I...,907.4375000000002,TRQGVKY12903CDE8FD,The Bastard Fairies - Guns And Dolls,0.5694845570718626,TRXMQNH128F4287D61,Whitney Houston - Thinking About You,0.5649859531015324,TRHEDYV128F14856FC,Cherish - Oooh,0.5641155363161796,TRQGVKY12903CDE8FD,The Bastard Fairies - Guns And Dolls,0.5804846047689669,TRXMQNH128F4287D61,Whitney Houston - Thinking About You,0.5771466951321084,TRHEDYV128F14856FC,Cherish - Oooh,0.575380998347272,TRFUJVJ128F426F2A2,Lauryn Hill - Interlude 5,92.28922178177795,TRKRVKD128F9327008,Hollywood Undead - Undead,75.1135278345527,TRDPGXU128F9339C2A,Beastie Boys - B-Boy Bouillabaisse: A.W.O.L. (2009 Digital Remaster),66.63703643901408,TRUITJJ128F4226AA6,Cibelle - Hate,56.94756579453488,TRKRVKD128F9327008,Hollywood Undead - Undead,54.83755155092627,TRFUJVJ128F426F2A2,Lauryn Hill - Interlude 5,54.766337994663274,TRXJQRT128F147B958,Reel Big Fish - Your Guts (I Hate 'em) (Live),0.3552737620793807,TRUITJJ128F4226AA6,Cibelle - Hate,0.31683047406025966,TRMGBED128F426259E,Bouncing Souls - Better Life,0.30355448058440465,TRXJQRT128F147B958,Reel Big Fish - Your Guts (I Hate 'em) (Live),0.37406099057822473,TRUITJJ128F4226AA6,Cibelle - Hate,0.3390351945020721,TRMGBED128F426259E,Bouncing Souls - Better Life,0.3307675980819231
TREXAZN128F425A825,SOUPUNL12A8AE48502,ARBAW9R1187B98FB6B,Natasha Bedingfield,Silent Movie,pop,TRFUJVJ128F426F2A2,Lauryn Hill - Interlude 5,4849.0,TRWSYHO128F4282346,Twista - I'm A Winner (Amended Album Version),3575.0,TRUGLTC128F4227B93,Danity Kane - Hold Me Down (Album Version),3340.0,TRFUJVJ128F426F2A2,Lauryn Hill - Interlude 5,4438.679999999999,TRWSYHO128F4282346,Twista - I'm A Winner (Amended Album Version),3306.842499999999,TRUGLTC128F4227B93,Danity Kane - Hold Me Down (Album Version),3149.8924999999995,TRXYPVB12903CD976E,Ricky Nelson - Mighty Good,0.7080947715811035,TRDENDW128F42747AE,Delta Goodrem - Predictable,0.697858613413979,TRPDVBK128F92FFEA1,Royksopp - You Don't Have A Clue,0.6955586950005646,TRXYPVB12903CD976E,Ricky Nelson - Mighty Good,0.7196103777143457,TRDENDW128F42747AE,Delta Goodrem - Predictable,0.7081814897881549,TRPDVBK128F92FFEA1,Royksopp - You Don't Have A Clue,0.7073473561605901,TRFUJVJ128F426F2A2,Lauryn Hill - Interlude 5,251.65677526475625,TRDPGXU128F9339C2A,Beastie Boys - B-Boy Bouillabaisse: A.W.O.L. (2009 Digital Remaster),244.68023441418583,TRLDRYJ128F930BBB4,Pain of Salvation - Spitfall,179.16431977103667,TRFUJVJ128F426F2A2,Lauryn Hill - Interlude 5,118.31273471378091,TRDPGXU128F9339C2A,Beastie Boys - B-Boy Bouillabaisse: A.W.O.L. (2009 Digital Remaster),108.7676589154731,TRLDRYJ128F930BBB4,Pain of Salvation - Spitfall,102.54569734967771,TRMIVIX128F42731D4,Beverley Craven - Phoenix From The Fire,0.24461125370120276,TRYRGJV128F42690CC,The Jacksons - Enjoy Yourself,0.24392556475935184,TRWWVGC12903CB5C50,Depeche Mode - Freestate,0.24026443459033456,TRMIVIX128F42731D4,Beverley Craven - Phoenix From The Fire,0.2922322338217691,TRYRGJV128F42690CC,The Jacksons - Enjoy Yourself,0.2880005822400353,TRWWVGC12903CB5C50,Depeche Mode - Freestate,0.28006371840573757
TRFYGMB128F425A7A2,SOXDIRH12A8AE45FD5,ARBAW9R1187B98FB6B,Natasha Bedingfield,Stumble,pop,TRFUJVJ128F426F2A2,Lauryn Hill - Interlude 5,8293.0,TRWSYHO128F4282346,Twista - I'm A Winner (Amended Album Version),7445.0,TREBGAA128E078FC52,Erykah Badu - I Want You,6090.0,TRFUJVJ128F426F2A2,Lauryn Hill - Interlude 5,7764.919999999999,TRWSYHO128F4282346,Twista - I'm A Winner (Amended Album Version),7099.8825,TREBGAA128E078FC52,Erykah Badu - I Want You,5895.916249999997,TREIEOO128F42B0099,Chris Brown - Ain't No Way (You Won't Love Me),0.8264005546707683,TRNHSZN128F930FF03,Clawfinger - Revenge,0.8228813036135691,TRZCHKB128F92CB740,Anastacia - Club Megamix,0.8178670161623086,TREIEOO128F42B0099,Chris Brown - Ain't No Way (You Won't Love Me),0.8328130724606821,TRNHSZN128F930FF03,Clawfinger - Revenge,0.829075976700141,TRZCHKB128F92CB740,Anastacia - Club Megamix,0.825193747963769,TRFUJVJ128F426F2A2,Lauryn Hill - Interlude 5,262.76159203292053,TRDPGXU128F9339C2A,Beastie Boys - B-Boy Bouillabaisse: A.W.O.L. (2009 Digital Remaster),240.79425961156167,TRKRVKD128F9327008,Hollywood Undead - Undead,187.86944864756586,TRFUJVJ128F426F2A2,Lauryn Hill - Interlude 5,115.82772588886893,TRWAOJW128F42B01C9,Heather Headley - What's Not Being Said,109.62038518079086,TRZCHKB128F92CB740,Anastacia - Club Megamix,108.84456044926307,TRFVQEA128F4218DD2,Matt Nathanson - More Than This,0.3148707496578875,TRWAOJW128F42B01C9,Heather Headley - What's Not Being Said,0.2941663047673429,TRVWNMB128F425A368,Westlife - More Than Words,0.2691674911186245,TRFVQEA128F4218DD2,Matt Nathanson - More Than This,0.3631800643306515,TRWAOJW128F42B01C9,Heather Headley - What's Not Being Said,0.35912609664337386,TRVWNMB128F425A368,Westlife - More Than Words,0.32471797564134225
TRSRDVR128F92E6CF4,SOIXPFM12AF72A3189,ARDCFNZ1187FB3DDB0,Enrique Iglesias,Heroe,pop,TRWSYHO128F4282346,Twista - I'm A Winner (Amended Album Version),5891.0,TRFUJVJ128F426F2A2,Lauryn Hill - Interlude 5,5886.0,TREBGAA128E078FC52,Erykah Badu - I Want You,4997.0,TRWSYHO128F4282346,Twista - I'm A Winner (Amended Album Version),5616.830000000002,TRFUJVJ128F426F2A2,Lauryn Hill - Interlude 5,5466.48,TREBGAA128E078FC52,Erykah Badu - I Want You,4842.815000000004,TRNHATG128F428BC8A,Enrique Iglesias - Little Girl,0.995411018780812,TRLQBZP12903CECC4A,Hello Saferide - Get Sick Soon,0.7844123410835845,TRAQOZG128F4263EE2,Level 42 - To Be With You Again,0.7607457760687074,TRNHATG128F428BC8A,Enrique Iglesias - Little Girl,0.9955455951265381,TRLQBZP12903CECC4A,Hello Saferide - Get Sick Soon,0.7907233705356336,TRAQOZG128F4263EE2,Level 42 - To Be With You Again,0.7681179384037037,TRNHATG128F428BC8A,Enrique Iglesias - Little Girl,345.4986089214001,TRTLIKK128E07862DA,Ja Rule - One of Us,188.17176597287207,TRUWZJQ128F145E9F7,Afroman - Let's All Get Drunk,180.33718681938385,TRNHATG128F428BC8A,Enrique Iglesias - Little Girl,323.9743686185849,TRAJVCL128F932A6F3,Louise - One Kiss From Heaven,135.24212808377678,TRUWZJQ128F145E9F7,Afroman - Let's All Get Drunk,131.91202055400842,TRNHATG128F428BC8A,Enrique Iglesias - Little Girl,0.9815848095634861,TRJYSKH128F93068B2,The Hurt Process - Tuesday,0.3470636717690248,TROTTNB128F4264052,Blackstreet - Billie Jean,0.32956571664008055,TRNHATG128F428BC8A,Enrique Iglesias - Little Girl,0.982708390257736,TRJYSKH128F93068B2,The Hurt Process - Tuesday,0.3785461238414817,TROTTNB128F4264052,Blackstreet - Billie Jean,0.37660005817739856
TRNHATG128F428BC8A,SOVSGRO12A8C138859,ARDCFNZ1187FB3DDB0,Enrique Iglesias,Little Girl,pop,TRWSYHO128F4282346,Twista - I'm A Winner (Amended Album Version),5753.0,TRFUJVJ128F426F2A2,Lauryn Hill - Interlude 5,5725.0,TREBGAA128E078FC52,Erykah Badu - I Want You,4868.0,TRWSYHO128F4282346,Twista - I'm A Winner (Amended Album Version),5488.450000000001,TRFUJVJ128F426F2A2,Lauryn Hill - Interlude 5,5320.199999999998,TREBGAA128E078FC52,Erykah Badu - I Want You,4719.2249999999985,TRSRDVR128F92E6CF4,Enrique Iglesias - Heroe,0.995411018780812,TRLQBZP12903CECC4A,Hello Saferide - Get Sick Soon,0.7799721965660339,TRAQOZG128F4263EE2,Level 42 - To Be With You Again,0.7645189525473043,TRSRDVR128F92E6CF4,Enrique Iglesias - Heroe,0.9955455951265381,TRLQBZP12903CECC4A,Hello Saferide - Get Sick Soon,0.7863453831346229,TRAQOZG128F4263EE2,Level 42 - To Be With You Again,0.7716834565632026,TRSRDVR128F92E6CF4,Enrique Iglesias - Heroe,345.4986089214001,TRTLIKK128E07862DA,Ja Rule - One of Us,176.46327781276196,TRUWZJQ128F145E9F7,Afroman - Let's All Get Drunk,160.93889041230688,TRSRDVR128F92E6CF4,Enrique Iglesias - Heroe,323.9743686185849,TRAJVCL128F932A6F3,Louise - One Kiss From Heaven,128.15453110749135,TROTTNB128F4264052,Blackstreet - Billie Jean,116.38381389416125,TRSRDVR128F92E6CF4,Enrique Iglesias - Heroe,0.9815848095634864,TRJYSKH128F93068B2,The Hurt Process - Tuesday,0.33767484500985845,TRJLMIR128F4291348,Dottie West - Forever Yours,0.32438372545410143,TRSRDVR128F92E6CF4,Enrique Iglesias - Heroe,0.982708390257736,TRJYSKH128F93068B2,The Hurt Process - Tuesday,0.36932644599745096,TRAJVCL128F932A6F3,Louise - One Kiss From Heaven,0.3556681330770263
TREMCSO128F4215877,SOSVMLR12A6D4F7921,ARDCFNZ1187FB3DDB0,Enrique Iglesias,Ruleta Rusa,pop,TRTHNFG12903D0CE54,Violadores del Verso - Dale tiempo al rumor,2382.0,TRRKWPY12903CAAC5D,Johnny Prez - Te Vuelvo Loca,2139.0,TRWAGNG128F4286598,Tego Calderon - Al Natural (Amended Version),2070.0,TRTHNFG12903D0CE54,Violadores del Verso - Dale tiempo al rumor,2274.262500000001,TRRKWPY12903CAAC5D,Johnny Prez - Te Vuelvo Loca,2070.5750000000016,TRWAGNG128F4286598,Tego Calderon - Al Natural (Amended Version),1996.9,TROOIOM128F423D00D,Luis Miguel - La Media Vuelta,0.7549448460135593,TRDEIBZ128F14A2336,Karamelo Santo - Sacrificio,0.7538834485062877,TRQEFSL12903CAAC57,Johnny Prez - Entra,0.7437941526091736,TRDEIBZ128F14A2336,Karamelo Santo - Sacrificio,0.7600404918828338,TROOIOM128F423D00D,Luis Miguel - La Media Vuelta,0.7593498242919043,TRQEFSL12903CAAC57,Johnny Prez - Entra,0.7500954419169308,TRIJHLY12903D0CE4D,Violadores del Verso - Cantando,668.2403620902737,TRTHNFG12903D0CE54,Violadores del Verso - Dale tiempo al rumor,652.364670157776,TRMTPJG128F428F66B,Daddy Yankee - Todos Quieren A Raymond,626.8651315020192,TRIJHLY12903D0CE4D,Violadores del Verso - Cantando,605.7215964432489,TRTHNFG12903D0CE54,Violadores del Verso - Dale tiempo al rumor,588.1939483669016,TRMTPJG128F428F66B,Daddy Yankee - Todos Quieren A Raymond,566.747281361085,TRUGDLC128F428EA24,Aventura - Obsesion (English Remix_ Album Version),0.6492473709714477,TRTVFBC128F9334F3B,Aventura - Mi Corazoncito,0.6211635813632544,TRMEWPJ128EF34AB71,Maelo Ruiz - Me Lo Estas Poniendo Dificil,0.6131033421750829,TRUGDLC128F428EA24,Aventura - Obsesion (English Remix_ Album Version),0.6650959595759787,TRTVFBC128F9334F3B,Aventura - Mi Corazoncito,0.6365589165410267,TRMEWPJ128EF34AB71,Maelo Ruiz - Me Lo Estas Poniendo Dificil,0.6293609698043179
TRMMVPU128F145EC99,SOTTMRS12A6D4F791C,ARDCFNZ1187FB3DDB0,Enrique Iglesias,Contigo,pop,TRTHNFG12903D0CE54,Violadores del Verso - Dale tiempo al rumor,3252.0,TRWAGNG128F4286598,Tego Calderon - Al Natural (Amended Version),2707.0,TRIJHLY12903D0CE4D,Violadores del Verso - Cantando,2568.0,TRTHNFG12903D0CE54,Violadores del Verso - Dale tiempo al rumor,3108.138750000004,TRWAGNG128F4286598,Tego Calderon - Al Natural (Amended Version),2609.389999999997,TRIJHLY12903D0CE4D,Violadores del Verso - Cantando,2441.1637499999983,TRYQYFV128F4243793,Buena Vista Social Club - Candela,0.7256498183406822,TRASCZE128F4234D85,Ricardo Montaner - En el último lugar del mundo,0.7186265787581521,TRTSIYO128F9339267,Atahualpa Yupanqui - Milonga Del Solitario,0.7133281137274488,TRYQYFV128F4243793,Buena Vista Social Club - Candela,0.731668371221979,TRASCZE128F4234D85,Ricardo Montaner - En el último lugar del mundo,0.724427634398472,TRTSIYO128F9339267,Atahualpa Yupanqui - Milonga Del Solitario,0.7207350918709684,TRTHNFG12903D0CE54,Violadores del Verso - Dale tiempo al rumor,801.0532314885154,TRIJHLY12903D0CE4D,Violadores del Verso - Cantando,696.247600677674,TRKHIVL128F9303677,Wilfrido Vargas - El Semáforo,661.0349839281857,TRTHNFG12903D0CE54,Violadores del Verso - Dale tiempo al rumor,730.5372696133797,TRIJHLY12903D0CE4D,Violadores del Verso - Cantando,627.5469413767972,TRKHIVL128F9303677,Wilfrido Vargas - El Semáforo,611.2714380621794,TRYFBLW128F428A81A,Joan Manuel Serrat - Mediterraneo,0.6378337264794626,TRPMUDQ128F425218E,Carlos Vives - 19 De Noviembre,0.6176425344172698,TRZEKMI128F933A24C,Diego Torres - Sueños,0.6174507933733083,TRYFBLW128F428A81A,Joan Manuel Serrat - Mediterraneo,0.6527019231775577,TRZEKMI128F933A24C,Diego Torres - Sueños,0.6322789205194143,TRPMUDQ128F425218E,Carlos Vives - 19 De Noviembre,0.6305642892280187
TRFKPYW128F92F21C5,SOJHZAT12D02198B73,AR6PJ8R1187FB5AD70,Shakira,Años Luz,pop,TRTHNFG12903D0CE54,Violadores del Verso - Dale tiempo al rumor,2295.0,TRIJHLY12903D0CE4D,Violadores del Verso - Cantando,1947.0,TRTJLTW12903CFF1E9,Los Van Van - El Negro Está Cocinando,1893.0,TRTHNFG12903D0CE54,Violadores del Verso - Dale tiempo al rumor,2208.810000000001,TRIJHLY12903D0CE4D,Violadores del Verso - Cantando,1871.0100000000007,TRTJLTW12903CFF1E9,Los Van Van - El Negro Está Cocinando,1844.55,TRUGDLC128F428EA24,Aventura - Obsesion (English Remix_ Album Version),0.8448204165353094,TRKFYYC128F9342443,Ana Gabriel - Clemencia,0.8344049196672088,TRIBWOP128F92E4E17,La 5A Estacion - Algo Mas,0.8319353726922635,TRUGDLC128F428EA24,Aventura - Obsesion (English Remix_ Album Version),0.8486064974777672,TRKFYYC128F9342443,Ana Gabriel - Clemencia,0.8379461754934256,TRIBWOP128F92E4E17,La 5A Estacion - Algo Mas,0.8350606568769703,TRIJHLY12903D0CE4D,Violadores del Verso - Cantando,600.0081411446531,TRTHNFG12903D0CE54,Violadores del Verso - Dale tiempo al rumor,556.1888153416518,TRMTPJG128F428F66B,Daddy Yankee - Todos Quieren A Raymond,540.7533256044176,TRIJHLY12903D0CE4D,Violadores del Verso - Cantando,548.3350656728205,TRTHNFG12903D0CE54,Violadores del Verso - Dale tiempo al rumor,503.1503633526439,TRMTPJG128F428F66B,Daddy Yankee - Todos Quieren A Raymond,491.06465732399084,TRFCKGO128F92F0C78,Bebe - La Coqueta,0.7355482395751155,TRMBOSX128F4279184,Juan Carlos Baglietto - Mirta_ De Regreso,0.6570140583664297,TRDJOQZ128F42AF0BD,Victor Manuelle - Hazme Sentir,0.6498149105725035,TRFCKGO128F92F0C78,Bebe - La Coqueta,0.7457744569371051,TRMBOSX128F4279184,Juan Carlos Baglietto - Mirta_ De Regreso,0.6710002956780482,TRDJOQZ128F42AF0BD,Victor Manuelle - Hazme Sentir,0.6634004364866096
TRCUKHR128F92DF656,SOCWCZN12A8C14388F,ARQ32IT1187FB589D3,Sara Bareilles,Love Song,pop,TRFUJVJ128F426F2A2,Lauryn Hill - Interlude 5,9640.0,TRWSYHO128F4282346,Twista - I'm A Winner (Amended Album Version),9321.0,TRGLNKG128F9307689,Eminem - My Darling,7152.0,TRFUJVJ128F426F2A2,Lauryn Hill - Interlude 5,8940.8,TRWSYHO128F4282346,Twista - I'm A Winner (Amended Album Version),8864.050000000001,TREBGAA128E078FC52,Erykah Badu - I Want You,6780.0250000000015,TREIEOO128F42B0099,Chris Brown - Ain't No Way (You Won't Love Me),0.810271533276963,TRNHSZN128F930FF03,Clawfinger - Revenge,0.788533923192598,TRHMLCK128F93085F2,Jeff Timmons - Can't You See,0.7850346120125853,TREIEOO128F42B0099,Chris Brown - Ain't No Way (You Won't Love Me),0.8174797111797105,TRNHSZN128F930FF03,Clawfinger - Revenge,0.7961043133471438,TRMQQGH128F9301E4B,Mutya Buena - Not Your Baby,0.7920351793826961,TRFUJVJ128F426F2A2,Lauryn Hill - Interlude 5,299.83593062219325,TRDPGXU128F9339C2A,Beastie Boys - B-Boy Bouillabaisse: A.W.O.L. (2009 Digital Remaster),277.09797888268736,TREMIDG128F92E5580,Billy Paul - Your Song,261.18239399971753,TREMIDG128F92E5580,Billy Paul - Your Song,181.69135136290896,TRQAWKR128F425EEC3,Michael Jackson - Man In The Mirror,146.58532571011378,TRWSYHO128F4282346,Twista - I'm A Winner (Amended Album Version),144.10570812208405,TRRLWKP128E0784882,Hazel O'Connor - Calls The Tune,0.2959129830634413,TRBDLLQ128F422EE2C,Joe Henry - I Will Write My Book,0.2866394758870505,TRULUAY128F425C0C4,Van Morrison - Rolling Hills,0.27528019773039236,TRBDLLQ128F422EE2C,Joe Henry - I Will Write My Book,0.3374923163418847,TRRLWKP128E0784882,Hazel O'Connor - Calls The Tune,0.33637609622266434,TREDIFA128F428AA44,Guttermouth - Vacation,0.32575391381846586
TRDLWAP128F428F6B9,SORXKZB12AF72A1F72,AR0S7TA1187FB4D024,Christina Aguilera,Candyman,pop,TRFUJVJ128F426F2A2,Lauryn Hill - Interlude 5,2374.0,TRDPGXU128F9339C2A,Beastie Boys - B-Boy Bouillabaisse: A.W.O.L. (2009 Digital Remaster),2114.0,TRTLIKK128E07862DA,Ja Rule - One of Us,2024.0,TRFUJVJ128F426F2A2,Lauryn Hill - Interlude 5,1976.5600000000002,TRTLIKK128E07862DA,Ja Rule - One of Us,1783.7000000000007,TRDPGXU128F9339C2A,Beastie Boys - B-Boy Bouillabaisse: A.W.O.L. (2009 Digital Remaster),1781.6299999999994,TROFSLV128F92E389A,Binary Star - Wolfman Jack,0.631273266938976,TRTLLMP128F9307700,Bellamy Brothers - Old Hippie,0.6214458595136184,TRMQMTC128F428A516,Bad Religion - Automatic Man (Album Version),0.6136401008442061,TROFSLV128F92E389A,Binary Star - Wolfman Jack,0.6556354648529685,TRTLLMP128F9307700,Bellamy Brothers - Old Hippie,0.6376046190404733,TRMQMTC128F428A516,Bad Religion - Automatic Man (Album Version),0.6288748355708191,TRZARUP128F9348146,KMD - Plumskinzz (Loose Hoe_ God & Cupid),315.4483153570558,TRXQXZS128F4227318,The Chi-Lites - Have You Seen Her,308.0908538494561,TRDPGXU128F9339C2A,Beastie Boys - B-Boy Bouillabaisse: A.W.O.L. (2009 Digital Remaster),286.800897452829,TRXQXZS128F4227318,The Chi-Lites - Have You Seen Her,250.82683700012007,TRZARUP128F9348146,KMD - Plumskinzz (Loose Hoe_ God & Cupid),230.0481282406665,TRHOSWF128F92C987D,Aretha Franklin - Jump To It,213.71809643767662,TRHIFBF12903CF47DF,Zapp & Roger - Computer Love,0.3493544588248911,TRSAFOT128F1498C2C,Aaron Neville - Such A Night,0.32756370857250006,TRZARUP128F9348146,KMD - Plumskinzz (Loose Hoe_ God & Cupid),0.32611560762003206,TRZARUP128F9348146,KMD - Plumskinzz (Loose Hoe_ God & Cupid),0.3954802029205849,TRHIFBF12903CF47DF,Zapp & Roger - Computer Love,0.3807180389413625,TRSAFOT128F1498C2C,Aaron Neville - Such A Night,0.37792410514620334
TRPEWXU12903CE6EA2,SONLEKN12AC9618818,ARVOZXD12454A4CC66,Selena Gomez & The Scene,Tell Me Something I Don't Know,pop,TRFUJVJ128F426F2A2,Lauryn Hill - Interlude 5,11672.0,TROIJDA128F9341E70,R. Kelly - I Mean (I Don't Mean It),10461.0,TRDPGXU128F9339C2A,Beastie Boys - B-Boy Bouillabaisse: A.W.O.L. (2009 Digital Remaster),9474.0,TRFUJVJ128F426F2A2,Lauryn Hill - Interlude 5,10805.359999999995,TROIJDA128F9341E70,R. Kelly - I Mean (I Don't Mean It),10094.20875,TRBEBJO128C719646B,Nelly - Splurge,8941.446249999999,TROKPEY128F4293061,Faithless - Salva Mea,0.7588440151627113,TRDIYGM128F425B1F1,Willie Nelson - All Of Me,0.7425361450786615,TRCDUMA128F427D458,Nancy Sinatra - Flowers On The Wall,0.7086726376355739,TROKPEY128F4293061,Faithless - Salva Mea,0.7640494606995895,TRDIYGM128F425B1F1,Willie Nelson - All Of Me,0.7486372291303719,TRCDUMA128F427D458,Nancy Sinatra - Flowers On The Wall,0.7159010857040885,TRFUJVJ128F426F2A2,Lauryn Hill - Interlude 5,309.61597322077847,TRCHZXW128E079288A,Eminem - 8 Mile,226.02549645459183,TRQQLZD128F425E9BC,Alicia Keys - Tell You Something (Nana's Reprise),191.8416626475615,TRFUJVJ128F426F2A2,Lauryn Hill - Interlude 5,164.85753435388241,TRQQLZD128F425E9BC,Alicia Keys - Tell You Something (Nana's Reprise),142.25321916031285,TRKRPKE128E07946D4,Thalia - Alguien Real (Baby_ I'm In Love),133.52721600262055,TRVBOFB128F1495AB8,João Gilberto - You Do Something To Me,0.2909691285727545,TRNCIOP128F426A93D,Brownstone - Kiss And Tell,0.2677488317796819,TRWSJBG128F146CAFC,Elastica - Stutter,0.26662270036386637,TRPLDIL128F4276880,Shannon McNally - Miracle Mile,0.3201431332597855,TRNCIOP128F426A93D,Brownstone - Kiss And Tell,0.3160010992193111,TRWSJBG128F146CAFC,Elastica - Stutter,0.3136324549791314
TRAYJOF128F92F9EEA,SOAYXCJ12AB0183822,ARJGIOD1187B9AE920,Kelly Clarkson,Cry,pop,TRFUJVJ128F426F2A2,Lauryn Hill - Interlude 5,9255.0,TRWSYHO128F4282346,Twista - I'm A Winner (Amended Album Version),8700.0,TRDPGXU128F9339C2A,Beastie Boys - B-Boy Bouillabaisse: A.W.O.L. (2009 Digital Remaster),7576.0,TRFUJVJ128F426F2A2,Lauryn Hill - Interlude 5,8535.559999999998,TRWSYHO128F4282346,Twista - I'm A Winner (Amended Album Version),8229.822500000006,TREBGAA128E078FC52,Erykah Badu - I Want You,7207.586250000004,TRKLJAG128F42B31CF,Mario Vazquez - Everytime I...,0.8178212504789765,TROLRDM128F146C6E0,Corinne Bailey Rae - I'd Like To,0.7973045189921607,TRSTJFQ128F428DA21,Less Than Jake - I Think I Love You,0.7914075967035871,TRKLJAG128F42B31CF,Mario Vazquez - Everytime I...,0.8202984502943056,TROLRDM128F146C6E0,Corinne Bailey Rae - I'd Like To,0.8047271924485088,TRMEKRF12903CC80A6,Bouncing Souls_ The - Pervert,0.7981103760430076,TRFUJVJ128F426F2A2,Lauryn Hill - Interlude 5,378.7496325442346,TRGLNKG128F9307689,Eminem - My Darling,324.38935477348195,TRCHZXW128E079288A,Eminem - 8 Mile,298.4283445407682,TRGLNKG128F9307689,Eminem - My Darling,186.78903798974147,TRFUJVJ128F426F2A2,Lauryn Hill - Interlude 5,176.5738217323952,TRVPMVK128EF34E085,Sia - Lentil (Live),150.78144109274066,TRVPMVK128EF34E085,Sia - Lentil (Live),0.27883761257094,TRCNLHK128F427900F,Tony Bennett - Don't Cry Baby,0.25463657659831385,TRICQHX128F93269FC,The Decemberists - I Was Meant For the Stage,0.24941102731064124,TRVPMVK128EF34E085,Sia - Lentil (Live),0.33452673724952575,TRENMSO128F42AF485,Fantasia - Bump What Your Friends Say,0.31653333914070186,TRBZXAC12903CBB0CE,Atmosphere - Happymess,0.3164595530602119
TRARKBB128F92E9468,SORUPLB12A8C14211F,ARFWL8S1187B9B4B44,Céline Dion,Zora sourit,pop,TRFUJVJ128F426F2A2,Lauryn Hill - Interlude 5,983.0,TRYCBLK12903CE6A0E,Twiztid - She Ain't Afraid,770.0,TRIAELA128F149EEE6,Sniper - Panam All Star,764.0,TRFUJVJ128F426F2A2,Lauryn Hill - Interlude 5,670.2,TRMLZFP128F932290C,Fonky Family - L'Amour Du Risque,640.4999999999993,TRIAELA128F149EEE6,Sniper - Panam All Star,639.9,TRAQRRD128F425F8E7,Jacques Dutronc - Laquelle Des Deux Est La Plus Snob,0.3649306326350969,TRLVVUZ128F425EE94,Miss Kittin - 3ème Sexe,0.36427750934945136,TRFXREK12903CE855F,Raine Maida - Earthless,0.3442080806887714,TRLVVUZ128F425EE94,Miss Kittin - 3ème Sexe,0.38996967967815976,TRAQRRD128F425F8E7,Jacques Dutronc - Laquelle Des Deux Est La Plus Snob,0.3890252053892492,TRFXREK12903CE855F,Raine Maida - Earthless,0.37426056242920896,TRIAELA128F149EEE6,Sniper - Panam All Star,723.0766972003081,TRMLZFP128F932290C,Fonky Family - L'Amour Du Risque,693.8899196810887,TRRHCLC128F427D727,Fonky Family - Sans Rémission,657.8419823892591,TRIAELA128F149EEE6,Sniper - Panam All Star,620.2927799547256,TRMLZFP128F932290C,Fonky Family - L'Amour Du Risque,611.7043491343946,TRRHCLC128F427D727,Fonky Family - Sans Rémission,571.8007643809763,TRLVVUZ128F425EE94,Miss Kittin - 3ème Sexe,0.596151525275166,TRAQRRD128F425F8E7,Jacques Dutronc - Laquelle Des Deux Est La Plus Snob,0.5815431463349564,TRNUIUW128F145614F,Jacques Brel - Au Printemps,0.5579243427485584,TRLVVUZ128F425EE94,Miss Kittin - 3ème Sexe,0.6138424718730454,TRAQRRD128F425F8E7,Jacques Dutronc - Laquelle Des Deux Est La Plus Snob,0.5971468192898574,TRJVULB12903CDD2A3,Dominique A - Le Commerce De L'eau,0.5732922441127999
TRFBXJZ128F92D25C0,SOZGQFY12A8C140D8B,ARUFTTR1187FB3A4B0,Newsboys,Dance,pop,TRFUJVJ128F426F2A2,Lauryn Hill - Interlude 5,2566.0,TRDPGXU128F9339C2A,Beastie Boys - B-Boy Bouillabaisse: A.W.O.L. (2009 Digital Remaster),2058.0,TRWSYHO128F4282346,Twista - I'm A Winner (Amended Album Version),2056.0,TRFUJVJ128F426F2A2,Lauryn Hill - Interlude 5,2168.5599999999995,TRWSYHO128F4282346,Twista - I'm A Winner (Amended Album Version),1796.2600000000002,TRDPGXU128F9339C2A,Beastie Boys - B-Boy Bouillabaisse: A.W.O.L. (2009 Digital Remaster),1725.6299999999997,TRUZMND128F14B0EFF,Pete Rock & C.L. Smooth - Act Like You Know (LP Version),0.5181697298261169,TRNRFJU128F1468B8E,Bahamadia - WordPlay,0.5012728597937053,TRJZTLY128F426B469,Dilated Peoples - Ruggedness,0.48237284578994694,TRUZMND128F14B0EFF,Pete Rock & C.L. Smooth - Act Like You Know (LP Version),0.5471104547616711,TRNRFJU128F1468B8E,Bahamadia - WordPlay,0.5160011665636731,TRJZTLY128F426B469,Dilated Peoples - Ruggedness,0.5105247911486431,TRFUJVJ128F426F2A2,Lauryn Hill - Interlude 5,243.96485757823535,TRGLNKG128F9307689,Eminem - My Darling,203.67799773578201,TRDPGXU128F9339C2A,Beastie Boys - B-Boy Bouillabaisse: A.W.O.L. (2009 Digital Remaster),201.44882321770447,TROJYOU12903CBD2A8,Martin Jondo - Hold You,132.18729333770835,TRKEDET128F4280979,The Manhattan Transfer - Goodnight,109.99798466172507,TRTYLFM12903CD2C97,Eric B. & Rakim - I Know You Got Soul,108.43786602833262,TRLXWYX128F426C74C,UnsraW - -9-,0.2766950680067503,TROJYOU12903CBD2A8,Martin Jondo - Hold You,0.26690849897529906,TRQCAIL128F425F0B0,The Planet Smashers - Police The Nation,0.24841825801856526,TROJYOU12903CBD2A8,Martin Jondo - Hold You,0.3334476376868436,TRZYFBE12903C9B44E,Supreme Majesty - Heroes Of Our Land,0.2998292325969883,TRTDKIY128F42855BA,W.A.S.P. - Mercy,0.29493886423333615
TRICXDK128F92CBC3C,SOXWHWP12A8C1440F8,ARFWL8S1187B9B4B44,Céline Dion,Partout Je Vois,pop,TRFUJVJ128F426F2A2,Lauryn Hill - Interlude 5,5411.0,TRWSYHO128F4282346,Twista - I'm A Winner (Amended Album Version),5291.0,TRDPGXU128F9339C2A,Beastie Boys - B-Boy Bouillabaisse: A.W.O.L. (2009 Digital Remaster),4549.0,TRWSYHO128F4282346,Twista - I'm A Winner (Amended Album Version),4913.415000000002,TRFUJVJ128F426F2A2,Lauryn Hill - Interlude 5,4833.24,TREBGAA128E078FC52,Erykah Badu - I Want You,4141.657500000001,TRQXHBL128F42A56FE,Ledisi - Best Friend,0.5942864319384659,TRJXBDJ128F4292591,Angie Stone - Snowflakes,0.5874335919058826,TRCTLQY128F92F1539,Next - I Still Love You,0.5863305122176775,TRQXHBL128F42A56FE,Ledisi - Best Friend,0.6106199209803829,TRJXBDJ128F4292591,Angie Stone - Snowflakes,0.6064074052526383,TRMRIMS128F4261D3A,Dixie Chicks - Mississippi,0.6005705159146837,TRRHCLC128F427D727,Fonky Family - Sans Rémission,928.0916745958764,TRIAELA128F149EEE6,Sniper - Panam All Star,908.6992074073186,TRSABJR128F429C84B,Tryo - Yakamonéyé,906.8226350831507,TRRHCLC128F427D727,Fonky Family - Sans Rémission,834.8244606541275,TRSABJR128F429C84B,Tryo - Yakamonéyé,815.5820628952763,TRIAELA128F149EEE6,Sniper - Panam All Star,797.2831928340256,TRNERSA128F92E5B78,Amandine Bourgeois - L'Homme De La Situation,0.7007178185879743,TRNYGSJ128F4278C81,Pascal Obispo - Assassine,0.6720633082391471,TRJFGNS128F14AAAE5,Katerine - Titanic,0.6692064789489623,TRNERSA128F92E5B78,Amandine Bourgeois - L'Homme De La Situation,0.7129291566994381,TRNYGSJ128F4278C81,Pascal Obispo - Assassine,0.6845246687260885,TRJFGNS128F14AAAE5,Katerine - Titanic,0.6817266241226452
TRZNHJN128F4293FC2,SOVODWN12D02199268,ARJGIOD1187B9AE920,Kelly Clarkson,Anytime,pop,TRFUJVJ128F426F2A2,Lauryn Hill - Interlude 5,8741.0,TRWSYHO128F4282346,Twista - I'm A Winner (Amended Album Version),7814.0,TRGLNKG128F9307689,Eminem - My Darling,6174.0,TRFUJVJ128F426F2A2,Lauryn Hill - Interlude 5,8096.999999999998,TRWSYHO128F4282346,Twista - I'm A Winner (Amended Album Version),7393.124999999996,TREBGAA128E078FC52,Erykah Badu - I Want You,5824.3125000000055,TRKRPKE128E07946D4,Thalia - Alguien Real (Baby_ I'm In Love),0.7677465741256766,TRANDPI128F425AF41,Alice Smith - Dream,0.7641149898992984,TRZCHKB128F92CB740,Anastacia - Club Megamix,0.7633399455512311,TRKRPKE128E07946D4,Thalia - Alguien Real (Baby_ I'm In Love),0.776801579017345,TRZCHKB128F92CB740,Anastacia - Club Megamix,0.7747048050262816,TRANDPI128F425AF41,Alice Smith - Dream,0.7745176011074857,TRFUJVJ128F426F2A2,Lauryn Hill - Interlude 5,250.12274416588377,TRUGLTC128F4227B93,Danity Kane - Hold Me Down (Album Version),208.62469056949337,TRYCBLK12903CE6A0E,Twiztid - She Ain't Afraid,201.66121517109949,TRUGLTC128F4227B93,Danity Kane - Hold Me Down (Album Version),155.69277448007213,TRKRPKE128E07946D4,Thalia - Alguien Real (Baby_ I'm In Love),147.8278046177486,TRQYLYP12903CC26F6,Barry White - Never Gonna Give You Up,136.21130086734385,TRRDVVU12903CD20F1,Percy Sledge - Baby Help Me,0.3524172738926135,TRSISZX128F92CFCF7,Robin Thicke - Dreamworld,0.3481556779236104,TROSAQJ128F92D308C,Charlie Wilson - What You Do To Me,0.34620384686297456,TRSISZX128F92CFCF7,Robin Thicke - Dreamworld,0.4038538009444162,TROSAQJ128F92D308C,Charlie Wilson - What You Do To Me,0.40238441962046984,TRKRPKE128E07946D4,Thalia - Alguien Real (Baby_ I'm In Love),0.39481333650877387
TRPKKZG128F92E495A,SOODGZY12A8C141F44,ARQEBGJ122E6447D2B,Edward Sharpe & The Magnetic Zeros,Simplest Love,pop,TRUEPSG128F149639E,Stevie Wonder - All Day Sucker,665.0,TRXHMID128F42BA902,Brick & Lace - Love Is Wicked,547.0,TROYGVY128E0788A36,Dilated Peoples - Love And War,456.0,TRUEPSG128F149639E,Stevie Wonder - All Day Sucker,640.870000000001,TRXHMID128F42BA902,Brick & Lace - Love Is Wicked,519.0700000000006,TROYGVY128E0788A36,Dilated Peoples - Love And War,437.37999999999937,TRPFQRE128E078B07C,Manhattan Transfer - Love For Sale (LP Version),0.5955410615027226,TRJVGZN128F4294F2A,Ryan Adams - My Love For You Is Real,0.5633270057054494,TRBUSGY128E07833AE,Caetano Veloso - Love For Sale,0.5335555987784918,TRPFQRE128E078B07C,Manhattan Transfer - Love For Sale (LP Version),0.6011078428933582,TRJVGZN128F4294F2A,Ryan Adams - My Love For You Is Real,0.5704295605069961,TRBUSGY128E07833AE,Caetano Veloso - Love For Sale,0.5402551638186823,TREMIDG128F92E5580,Billy Paul - Your Song,65.62483545266771,TRLVRJP128F93519FB,Atmosphere - Hair,63.78609762383295,TRDPGXU128F9339C2A,Beastie Boys - B-Boy Bouillabaisse: A.W.O.L. (2009 Digital Remaster),59.97686384802929,TRNJCSM128F42911EA,Doyle Bramhall II & Smokestack - Green Light Girl,56.420949841101965,TRYMREJ128F4281BCD,The Detroit Cobras - Green Light,55.08128714091098,TREMIDG128F92E5580,Billy Paul - Your Song,54.40458484200109,TRNJCSM128F42911EA,Doyle Bramhall II & Smokestack - Green Light Girl,0.34198641933019747,TROEYTB128F4272F02,Leonard Cohen - Leaving Green Sleeves,0.30455420974812153,TRRZNYJ128F42B8819,Jenny Lewis - Sing A Song,0.29783851957200336,TRNJCSM128F42911EA,Doyle Bramhall II & Smokestack - Green Light Girl,0.3538113154744985,TROEYTB128F4272F02,Leonard Cohen - Leaving Green Sleeves,0.31990141461623595,TRRZNYJ128F42B8819,Jenny Lewis - Sing A Song,0.3084408032590499
TRVPPSC128F92EC9C2,SORRVTP12A8C13FFAF,ARQ2I6K1187FB59949,Colbie Caillat,Midnight Bottle,pop,TRFUJVJ128F426F2A2,Lauryn Hill - Interlude 5,3451.0,TRWSYHO128F4282346,Twista - I'm A Winner (Amended Album Version),3062.0,TRDPGXU128F9339C2A,Beastie Boys - B-Boy Bouillabaisse: A.W.O.L. (2009 Digital Remaster),2885.0,TRFUJVJ128F426F2A2,Lauryn Hill - Interlude 5,3011.2400000000007,TRWSYHO128F4282346,Twista - I'm A Winner (Amended Album Version),2774.6025,TRDPGXU128F9339C2A,Beastie Boys - B-Boy Bouillabaisse: A.W.O.L. (2009 Digital Remaster),2517.238749999999,TRURXJP128F42A2496,Dina Carroll - Don't Be A Stranger,0.6046069189830123,TRSIRKX128F4291CAF,In Flames - Only For The Weak,0.5675247802629401,TREAJBV12903CCDA96,Alicia Keys - Try Sleeping With A Broken Heart,0.5647730470506016,TRURXJP128F42A2496,Dina Carroll - Don't Be A Stranger,0.6260203823237321,TRZLNPM128F42B3BF5,Onyx - Feel Me,0.5933196980061832,TRSIRKX128F4291CAF,In Flames - Only For The Weak,0.5855376817908355,TRFUJVJ128F426F2A2,Lauryn Hill - Interlude 5,254.92353854758025,TRUWZJQ128F145E9F7,Afroman - Let's All Get Drunk,210.81852510923306,TRDPGXU128F9339C2A,Beastie Boys - B-Boy Bouillabaisse: A.W.O.L. (2009 Digital Remaster),207.67086242596957,TRUWZJQ128F145E9F7,Afroman - Let's All Get Drunk,155.00632387513923,TRPZAPZ128F9341D3E,R. Kelly - Don't You Say No,123.25339546260368,TRZJPUU128F932D02D,American Steel - Emergency House Party,119.99695456384025,TRSOWUT128F14956F6,George Jones - Drive Me To Drink,0.3146655049828256,TRZJPUU128F932D02D,American Steel - Emergency House Party,0.3064300502956036,TREFBQJ128F14992B2,The Flying Burrito Brothers - Tonight The Bottle Let Me Down,0.30336227728738696,TRSOWUT128F14956F6,George Jones - Drive Me To Drink,0.35292630962589705,TREFBQJ128F14992B2,The Flying Burrito Brothers - Tonight The Bottle Let Me Down,0.34483147596711483,TRZJPUU128F932D02D,American Steel - Emergency House Party,0.34235885532588306
TRCJADX128F428D3E0,SOKPSGM12A8C1381DE,AR03BDP1187FB5B324,Britney Spears,Let Me Be,pop,TRFUJVJ128F426F2A2,Lauryn Hill - Interlude 5,11300.0,TRWSYHO128F4282346,Twista - I'm A Winner (Amended Album Version),8604.0,TRDPGXU128F9339C2A,Beastie Boys - B-Boy Bouillabaisse: A.W.O.L. (2009 Digital Remaster),8578.0,TRFUJVJ128F426F2A2,Lauryn Hill - Interlude 5,10494.079999999998,TREBGAA128E078FC52,Erykah Badu - I Want You,8127.8025000000025,TRWSYHO128F4282346,Twista - I'm A Winner (Amended Album Version),8077.305000000005,TRJCYOI128F9320EF6,Alison Krauss / Union Station - Baby Now That I've Found You,0.774975210344184,TRZCHKB128F92CB740,Anastacia - Club Megamix,0.7683530845057318,TRTXZGM128F428B62B,Toni Braxton - Love Affair,0.7639826988870329,TRJCYOI128F9320EF6,Alison Krauss / Union Station - Baby Now That I've Found You,0.7815844439734705,TRZCHKB128F92CB740,Anastacia - Club Megamix,0.7761534299422532,TRTXZGM128F428B62B,Toni Braxton - Love Affair,0.7719389916322995,TRCHZXW128E079288A,Eminem - 8 Mile,294.1121938086905,TRFUJVJ128F426F2A2,Lauryn Hill - Interlude 5,250.80662648209596,TRDPGXU128F9339C2A,Beastie Boys - B-Boy Bouillabaisse: A.W.O.L. (2009 Digital Remaster),218.72097165304652,TRCHZXW128E079288A,Eminem - 8 Mile,177.15656383763874,TRXMQNH128F4287D61,Whitney Houston - Thinking About You,154.89592260214621,TRWFFHM128F92F99C4,Chrisette Michele - All I Ever Think About,125.70243325530916,TRHZLTU128E0792EBD,Aaron Neville - Ain't No Way,0.2984498239765375,TRQBDFJ12903D082F6,Jonny Lang - Bump In The Road,0.279066381963101,TREIEOO128F42B0099,Chris Brown - Ain't No Way (You Won't Love Me),0.2700322148184826,TRHZLTU128E0792EBD,Aaron Neville - Ain't No Way,0.33573865870467284,TRQBDFJ12903D082F6,Jonny Lang - Bump In The Road,0.33176034029857615,TREIEOO128F42B0099,Chris Brown - Ain't No Way (You Won't Love Me),0.33174306865282616
TRKJKJV128F425E247,SOEMDUJ12A8AE460E2,ARW9FP41187B98C2A7,Annie Lennox,Big Sky,pop,TRFUJVJ128F426F2A2,Lauryn Hill - Interlude 5,3223.0,TRWSYHO128F4282346,Twista - I'm A Winner (Amended Album Version),3098.0,TRDPGXU128F9339C2A,Beastie Boys - B-Boy Bouillabaisse: A.W.O.L. (2009 Digital Remaster),2489.0,TRFUJVJ128F426F2A2,Lauryn Hill - Interlude 5,2919.4,TRWSYHO128F4282346,Twista - I'm A Winner (Amended Album Version),2899.587499999999,TRDPGXU128F9339C2A,Beastie Boys - B-Boy Bouillabaisse: A.W.O.L. (2009 Digital Remaster),2235.1062500000003,TRVVIWJ128F42697BA,Fat Joe - Preacher On A Sunday Morning,0.6256009629783944,TRIYBPL128F9324F11,the bird and the bee - Witch,0.6109997611788842,TRJXBDJ128F4292591,Angie Stone - Snowflakes,0.5896395115083001,TRVVIWJ128F42697BA,Fat Joe - Preacher On A Sunday Morning,0.6414659499487988,TRIYBPL128F9324F11,the bird and the bee - Witch,0.62155020755253,TRJXBDJ128F4292591,Angie Stone - Snowflakes,0.6061603034467242,TRFUJVJ128F426F2A2,Lauryn Hill - Interlude 5,190.13654415370084,TRDPGXU128F9339C2A,Beastie Boys - B-Boy Bouillabaisse: A.W.O.L. (2009 Digital Remaster),169.8179724620768,TRRSZKD128F933D41E,Olivia Newton-John - Don't Stop Believin',145.7180073726273,TRRSZKD128F933D41E,Olivia Newton-John - Don't Stop Believin',101.15822552537202,TRVNSDW128F933BB4F,N-Dubz - Shoulda Put Something On,91.55503846676217,TRFUJVJ128F426F2A2,Lauryn Hill - Interlude 5,90.10582981265505,TRKQUSS128F4298AFE,Venus Hum - Alice,0.2998850364065089,TRFRWCW128F9316687,Paul Potts - La Prima Volta (First Time Ever I Saw Your Face),0.2598424152058127,TRJAFPP128F426AB25,System of a Down - Peephole,0.24049085043098348,TRKQUSS128F4298AFE,Venus Hum - Alice,0.3247838778775234,TRFRWCW128F9316687,Paul Potts - La Prima Volta (First Time Ever I Saw Your Face),0.2959627991907102,TREISQD128F9302F47,Nothingface - Incarnadine,0.27533366052062697
TRXMQNH128F4287D61,SOSHPHO12A58A7D1F5,AR30R5E1187B9AD78A,Whitney Houston,Thinking About You,pop,TRFUJVJ128F426F2A2,Lauryn Hill - Interlude 5,10860.0,TRWSYHO128F4282346,Twista - I'm A Winner (Amended Album Version),10022.0,TREBGAA128E078FC52,Erykah Badu - I Want You,9587.0,TRFUJVJ128F426F2A2,Lauryn Hill - Interlude 5,10009.919999999998,TRWSYHO128F4282346,Twista - I'm A Winner (Amended Album Version),9466.444999999996,TREBGAA128E078FC52,Erykah Badu - I Want You,9274.572500000002,TRSTJFQ128F428DA21,Less Than Jake - I Think I Love You,0.7826517099758198,TRHEDYV128F14856FC,Cherish - Oooh,0.7672246724298526,TRWFFHM128F92F99C4,Chrisette Michele - All I Ever Think About,0.7546189018184712,TRSTJFQ128F428DA21,Less Than Jake - I Think I Love You,0.7889969690422559,TRHEDYV128F14856FC,Cherish - Oooh,0.7740031409220594,TRWFFHM128F92F99C4,Chrisette Michele - All I Ever Think About,0.7634068533009658,TRXDWYK128F425C160,Mos Def - The Easy Spell,366.8084553883548,TRFEGNP128F93462CB,Kurupt - It Ain't About You,311.87365466818505,TRDPGXU128F9339C2A,Beastie Boys - B-Boy Bouillabaisse: A.W.O.L. (2009 Digital Remaster),303.2709651360074,TRXDWYK128F425C160,Mos Def - The Easy Spell,290.819012814578,TRNWQYN128F4284F1D,TLC - Shock Dat Monkey,235.9367328406377,TRXHMID128F42BA902,Brick & Lace - Love Is Wicked,217.26901560718306,TRLVNQX128F42975E7,Rory Gallagher - Out On The Western Plain,0.38758352977033705,TRCCBDW128F92CD25E,T.Rex - London Boys,0.38275261777995917,TRXEAZB128E078EDCE,Nirvana - Something In The Way,0.3648473689053473,TRLVNQX128F42975E7,Rory Gallagher - Out On The Western Plain,0.4055108134791974,TRCCBDW128F92CD25E,T.Rex - London Boys,0.40213167191440813,TRFNRGN128E0791E0E,Buckcherry - Borderline,0.39740785490913294
TRXXPYK128F14805B7,SOYLXQZ12A6D4F99CA,AR9W3X91187FB3994C,Phil Collins,A Groovy Kind Of Love (Live),pop,TRFUJVJ128F426F2A2,Lauryn Hill - Interlude 5,3709.0,TRWSYHO128F4282346,Twista - I'm A Winner (Amended Album Version),3303.0,TREBGAA128E078FC52,Erykah Badu - I Want You,2926.0,TRFUJVJ128F426F2A2,Lauryn Hill - Interlude 5,3414.6000000000004,TRWSYHO128F4282346,Twista - I'm A Winner (Amended Album Version),3110.6000000000004,TREBGAA128E078FC52,Erykah Badu - I Want You,2817.800000000003,TRENDJC128F42790D9,Amel Larrieux - Sweet Misery,0.7425284398036558,TRLQBZP12903CECC4A,Hello Saferide - Get Sick Soon,0.7368458846882812,TRZCHKB128F92CB740,Anastacia - Club Megamix,0.72883256253403,TRENDJC128F42790D9,Amel Larrieux - Sweet Misery,0.7522530540869348,TRLQBZP12903CECC4A,Hello Saferide - Get Sick Soon,0.7452540939763487,TRZCHKB128F92CB740,Anastacia - Club Megamix,0.7407846807501905,TRQAWKR128F425EEC3,Michael Jackson - Man In The Mirror,171.47576468691022,TRZCHKB128F92CB740,Anastacia - Club Megamix,117.00767284120256,TRFUJVJ128F426F2A2,Lauryn Hill - Interlude 5,113.00186179638163,TRQAWKR128F425EEC3,Michael Jackson - Man In The Mirror,128.2157018655864,TREEIFG128F42925D8,Barry Manilow - Some Kind Of Friend,86.90945419862871,TRAXQYP128F930458D,UB40 - Red Red Wine (Edit),82.73465676781805,TRVISOX128F427F3AC,RODNEY CROWELL - What Kind Of Love,0.31937629219671404,TREEIFG128F42925D8,Barry Manilow - Some Kind Of Friend,0.31607516005326997,TRTXZGM128F428B62B,Toni Braxton - Love Affair,0.29478697941122683,TRVISOX128F427F3AC,RODNEY CROWELL - What Kind Of Love,0.35406241878138583,TREEIFG128F42925D8,Barry Manilow - Some Kind Of Friend,0.3506261760370662,TRTXZGM128F428B62B,Toni Braxton - Love Affair,0.3428290277499891
TRGQFUZ128F92ED646,SORBUNE12AB017CDD2,AR65K7A1187FB4DAA4,Beyoncé,That's Why You're Beautiful,pop,TRFUJVJ128F426F2A2,Lauryn Hill - Interlude 5,3180.0,TRQAWKR128F425EEC3,Michael Jackson - Man In The Mirror,2376.0,TRDPGXU128F9339C2A,Beastie Boys - B-Boy Bouillabaisse: A.W.O.L. (2009 Digital Remaster),2150.0,TRFUJVJ128F426F2A2,Lauryn Hill - Interlude 5,2858.000000000001,TRQAWKR128F425EEC3,Michael Jackson - Man In The Mirror,2099.937499999999,TRDPGXU128F9339C2A,Beastie Boys - B-Boy Bouillabaisse: A.W.O.L. (2009 Digital Remaster),1880.7187499999986,TRFNDWH12903CB602A,Selena - Tu Eres,0.5970835467137305,TRIDJMD128E078B984,Michael Bublé - That's All (Album Version),0.5487831399325475,TRHEKNR128F425F325,CSS - Beautiful Song,0.5323890070979742,TRFNDWH12903CB602A,Selena - Tu Eres,0.610654637076813,TRIDJMD128E078B984,Michael Bublé - That's All (Album Version),0.5648205602196629,TRHEKNR128F425F325,CSS - Beautiful Song,0.5538723560390673,TRFUJVJ128F426F2A2,Lauryn Hill - Interlude 5,174.38669520204445,TRQAWKR128F425EEC3,Michael Jackson - Man In The Mirror,142.41337238305346,TRGLNKG128F9307689,Eminem - My Darling,135.98324373394914,TRNUKVX128F42AF42C,Ruben Studdard - Make Ya Feel Beautiful,117.34520670919954,TRSQRQO128F422945A,Willard Grant Conspiracy - The Pugilist,101.98300036477637,TRNQSWR128EF34375F,Haste The Day - Chorus Of Angels,96.00619978489343,TRSQRQO128F422945A,Willard Grant Conspiracy - The Pugilist,0.37207302338092574,TRPTSIB128F425EA4D,Paul Potts - Cavatina,0.3436782128073307,TRKHFCG128F428C6F5,Bruce Hornsby - Big Swing Face,0.3283844246906268,TRSQRQO128F422945A,Willard Grant Conspiracy - The Pugilist,0.39843314535934526,TRPTSIB128F425EA4D,Paul Potts - Cavatina,0.37400337896044855,TRKHFCG128F428C6F5,Bruce Hornsby - Big Swing Face,0.35918520148497446
TRPAJJF128F428D18A,SOIHYXH12D0219A26C,AR30R5E1187B9AD78A,Whitney Houston,Step By Step,pop,TRANAPL128F42BA7D6,Young Jeezy - By The Way,5075.0,TRFUJVJ128F426F2A2,Lauryn Hill - Interlude 5,4369.0,TRDPGXU128F9339C2A,Beastie Boys - B-Boy Bouillabaisse: A.W.O.L. (2009 Digital Remaster),4154.0,TRANAPL128F42BA7D6,Young Jeezy - By The Way,4810.649999999997,TRFUJVJ128F426F2A2,Lauryn Hill - Interlude 5,3743.3999999999996,TRDPGXU128F9339C2A,Beastie Boys - B-Boy Bouillabaisse: A.W.O.L. (2009 Digital Remaster),3630.8250000000007,TRANAPL128F42BA7D6,Young Jeezy - By The Way,0.630530115293663,TRWNHNC128F92D469E,Tom Waits - Flash Pan Hunter/Intro,0.5166647091610188,TRWKGQS128E0792F09,Patty Griffin - Every Little Bit,0.5162073665779248,TRANAPL128F42BA7D6,Young Jeezy - By The Way,0.6428824630883891,TRWKGQS128E0792F09,Patty Griffin - Every Little Bit,0.5313794072904473,TRWNHNC128F92D469E,Tom Waits - Flash Pan Hunter/Intro,0.5247130742536599,TRCHZXW128E079288A,Eminem - 8 Mile,303.83496866256354,TRDDROD12903CA25E0,Organized Konfusion - Soundman,263.0488726112154,TRGUCIR128F933D817,Vanilla Ice - Ice Is Workin' It,260.6537543992408,TRWHKAC128F92E3FD9,Lykke Li - Little Bit [CSS Remix],208.88330259488558,TRTKHML128F42937D6,Aretha Franklin - It's Your Thing,186.91223206766483,TRTVVHY128F4270D66,Johnny Winter - Stone County,179.5125560180936,TRTVVHY128F4270D66,Johnny Winter - Stone County,0.33543059528539276,TRWHKAC128F92E3FD9,Lykke Li - Little Bit [CSS Remix],0.3325379652234247,TRTKHML128F42937D6,Aretha Franklin - It's Your Thing,0.3278377640094834,TRTVVHY128F4270D66,Johnny Winter - Stone County,0.36880206537762167,TRWHKAC128F92E3FD9,Lykke Li - Little Bit [CSS Remix],0.3654326926679998,TRTKHML128F42937D6,Aretha Franklin - It's Your Thing,0.36193256563600007
TRLPDIB128F42289CC,SOOVOWN12A8AE46AA6,AR03BDP1187FB5B324,Britney Spears,Piece Of Me (Main Version),pop,TRFUJVJ128F426F2A2,Lauryn Hill - Interlude 5,8660.0,TRWSYHO128F4282346,Twista - I'm A Winner (Amended Album Version),7165.0,TRUGLTC128F4227B93,Danity Kane - Hold Me Down (Album Version),6896.0,TRFUJVJ128F426F2A2,Lauryn Hill - Interlude 5,7979.200000000001,TRWSYHO128F4282346,Twista - I'm A Winner (Amended Album Version),6720.075000000003,TRUGLTC128F4227B93,Danity Kane - Hold Me Down (Album Version),6580.574999999999,TRMSQPH128F92E7D20,The Falcon - The Angry Cry Of The Angry Pie,0.7346091744744485,TRJQCQT128F428E44D,Voxtrot - Kid Gloves,0.6430368214907595,TRJFGEX128F426A253,TO/DIE/FOR - Dying Embers,0.6310921905162322,TRMSQPH128F92E7D20,The Falcon - The Angry Cry Of The Angry Pie,0.742411191472892,TRJQCQT128F428E44D,Voxtrot - Kid Gloves,0.6538073748739257,TRJFGEX128F426A253,TO/DIE/FOR - Dying Embers,0.6423728089374924,TRGMVZO128E078607E,DMX - Bring Your Whole Crew,233.91403041280006,TRQWDRK128F4241A32,Twista - Overdose (Album Version),230.41227727611397,TRHIEPJ128F931010A,Louis Logic - Mischievous,207.89810867988055,TRLGFWU128F1499988,Recoil - Missing Piece,161.9144958230789,TRGMVZO128E078607E,DMX - Bring Your Whole Crew,159.72409121350756,TRFFSMS128F428BC88,Enrique Iglesias - Miss You,157.10490177827208,TRLGFWU128F1499988,Recoil - Missing Piece,0.34630547347742385,TRMSQPH128F92E7D20,The Falcon - The Angry Cry Of The Angry Pie,0.289415818915829,TRHDMWX128F427F0C7,Johnny Winter - Miss Ann,0.2823989451754422,TRLGFWU128F1499988,Recoil - Missing Piece,0.37657690074151223,TRMSQPH128F92E7D20,The Falcon - The Angry Cry Of The Angry Pie,0.3286862495688494,TRDFGKU128F9307788,Demi Lovato - This Is Me (Acoustic Full Version),0.3253349098486928
TRJTTMZ128F930924B,SOLDVYF12AB017D892,AR03BDP1187FB5B324,Britney Spears,Can't Make You Love Me,pop,TRFUJVJ128F426F2A2,Lauryn Hill - Interlude 5,12190.0,TRWSYHO128F4282346,Twista - I'm A Winner (Amended Album Version),11738.0,TRDPGXU128F9339C2A,Beastie Boys - B-Boy Bouillabaisse: A.W.O.L. (2009 Digital Remaster),9832.0,TRFUJVJ128F426F2A2,Lauryn Hill - Interlude 5,11277.360000000002,TRWSYHO128F4282346,Twista - I'm A Winner (Amended Album Version),11141.559999999998,TREBGAA128E078FC52,Erykah Badu - I Want You,9471.579999999998,TRZCHKB128F92CB740,Anastacia - Club Megamix,0.8321898356721645,TRAVRDM128F42956AF,Bay City Rollers - Where Will I Be Now,0.8055180964465327,TRYYRLU12903D082FF,Jonny Lang - Breakin Me,0.7964666431859974,TRZCHKB128F92CB740,Anastacia - Club Megamix,0.8388693588307584,TRAVRDM128F42956AF,Bay City Rollers - Where Will I Be Now,0.8130500883644655,TRYYRLU12903D082FF,Jonny Lang - Breakin Me,0.8047746727559942,TRFUJVJ128F426F2A2,Lauryn Hill - Interlude 5,293.6541265205659,TRDPGXU128F9339C2A,Beastie Boys - B-Boy Bouillabaisse: A.W.O.L. (2009 Digital Remaster),267.25438948824444,TRXXGPE128F42916C7,Monica - Hurts The Most,232.10918853609797,TRXXGPE128F42916C7,Monica - Hurts The Most,172.95819315774153,TRINMBD128F92F6211,N-Dubz - Don't Get Nine,155.54863571791046,TRPURWU12903CA4A31,Aqua - Happy Boys & Girls,148.92365593031,TRKERVB128F145B6DB,Mel & Kim - System,0.3180639325234718,TRWKDZE128F1451EAC,The Dells - It's All Up To You,0.30368111528293995,TRLZVXV128F428A560,SR-71 - Politically Correct,0.2939077624888775,TRKERVB128F145B6DB,Mel & Kim - System,0.3573220113612775,TRWKDZE128F1451EAC,The Dells - It's All Up To You,0.355928309918186,TRLZVXV128F428A560,SR-71 - Politically Correct,0.352831670060871
TRKGGHK128F42999EF,SOQBVLW12A8C13B29C,AR03BDP1187FB5B324,Britney Spears,Girl In The Mirror,pop,TRFUJVJ128F426F2A2,Lauryn Hill - Interlude 5,4724.0,TRDPGXU128F9339C2A,Beastie Boys - B-Boy Bouillabaisse: A.W.O.L. (2009 Digital Remaster),4639.0,TRWSYHO128F4282346,Twista - I'm A Winner (Amended Album Version),3963.0,TRFUJVJ128F426F2A2,Lauryn Hill - Interlude 5,4291.599999999999,TRDPGXU128F9339C2A,Beastie Boys - B-Boy Bouillabaisse: A.W.O.L. (2009 Digital Remaster),4277.393750000003,TRWSYHO128F4282346,Twista - I'm A Winner (Amended Album Version),3680.4125,TRGXGMH128F92F5B48,John Denver - El Paso,0.7173502005370221,TRCUNXN128F1486E23,Corinne Bailey Rae - Emeraldine,0.688646077242678,TRNVKOI128E0799173,Snoop Dogg - Snoopafella (Edited),0.687263452272701,TRGXGMH128F92F5B48,John Denver - El Paso,0.7289598635638569,TRNVKOI128E0799173,Snoop Dogg - Snoopafella (Edited),0.7003520632880552,TRCUNXN128F1486E23,Corinne Bailey Rae - Emeraldine,0.6963056758277201,TRFUJVJ128F426F2A2,Lauryn Hill - Interlude 5,211.6383568504675,TRYCBLK12903CE6A0E,Twiztid - She Ain't Afraid,191.8445361950867,TRCHZXW128E079288A,Eminem - 8 Mile,174.97008462025596,TRPWHPL128F932FC16,Just Jack - 253,134.23048892546112,TRENECR128F92DAC48,Chris Brown - Damage,125.92776607656913,TRYCBLK12903CE6A0E,Twiztid - She Ain't Afraid,119.80741316718758,TRZPXAH12903CEBB8E,Modern Lovers - Someone i care about,0.2979873062707331,TRTTOVC128E0781360,The Stranglers - Baroque Bordello,0.2816593393584302,TRQTGOG128F92EBAB0,Blacklisted - Wish,0.2789870216704285,TRZPXAH12903CEBB8E,Modern Lovers - Someone i care about,0.3360159239703852,TRENECR128F92DAC48,Chris Brown - Damage,0.3258185915387443,TRPWHPL128F932FC16,Just Jack - 253,0.3242964999318885
TRLTYLK128F92FE6FF,SOWVIEO12AB0182D10,AR03BDP1187FB5B324,Britney Spears,Radar,pop,TRFUJVJ128F426F2A2,Lauryn Hill - Interlude 5,13754.0,TRWSYHO128F4282346,Twista - I'm A Winner (Amended Album Version),12861.0,TRDPGXU128F9339C2A,Beastie Boys - B-Boy Bouillabaisse: A.W.O.L. (2009 Digital Remaster),11876.0,TRFUJVJ128F426F2A2,Lauryn Hill - Interlude 5,12902.079999999998,TRWSYHO128F4282346,Twista - I'm A Winner (Amended Album Version),12304.2425,TRDPGXU128F9339C2A,Beastie Boys - B-Boy Bouillabaisse: A.W.O.L. (2009 Digital Remaster),11163.558750000002,TRKCOFR128F42418DC,Twista - Get It How You Live  (Explicit Chopped & Screwed Version),0.7695696264274743,TRWCYWE128F425564A,Brother Firetribe - Lover Tonite,0.7484952818109949,TRVVIWJ128F42697BA,Fat Joe - Preacher On A Sunday Morning,0.7334761458409239,TRKCOFR128F42418DC,Twista - Get It How You Live  (Explicit Chopped & Screwed Version),0.7744642893343668,TRWCYWE128F425564A,Brother Firetribe - Lover Tonite,0.7542495904793188,TRVVIWJ128F42697BA,Fat Joe - Preacher On A Sunday Morning,0.7390553798575576,TRDPGXU128F9339C2A,Beastie Boys - B-Boy Bouillabaisse: A.W.O.L. (2009 Digital Remaster),299.9959078098873,TRFUJVJ128F426F2A2,Lauryn Hill - Interlude 5,276.400207957465,TRYHHPK128F42A4CAF,Murs - The Dance,240.45967918817016,TRDPGXU128F9339C2A,Beastie Boys - B-Boy Bouillabaisse: A.W.O.L. (2009 Digital Remaster),147.2371761923585,TRISFKH128F9336E63,Beastie Boys - So What'Cha Want (Butt Naked Version) (Explicit) (2009 Digital Remaster),146.62592765779894,TRMDJHR128F92F84FC,The Emotions - I Don't Wanna Lose Your Love,139.01196132213795,TRISFKH128F9336E63,Beastie Boys - So What'Cha Want (Butt Naked Version) (Explicit) (2009 Digital Remaster),0.30474318862862887,TRMDJHR128F92F84FC,The Emotions - I Don't Wanna Lose Your Love,0.2851402801578711,TRQZEGA128F428FEFE,Suicidal Tendencies - Possessed To Skate,0.26943660894310584,TRISFKH128F9336E63,Beastie Boys - So What'Cha Want (Butt Naked Version) (Explicit) (2009 Digital Remaster),0.36946582476603074,TRMDJHR128F92F84FC,The Emotions - I Don't Wanna Lose Your Love,0.33868654368136,TRBKYVE128F93350D1,MIMS - Move (If You Wanna),0.32280944207586043
TRNEGIP128F4296261,SOGQSNV12A8C139B54,AR03BDP1187FB5B324,Britney Spears,When Your Eyes Say It,pop,TRFUJVJ128F426F2A2,Lauryn Hill - Interlude 5,9339.0,TRWSYHO128F4282346,Twista - I'm A Winner (Amended Album Version),7408.0,TRDPGXU128F9339C2A,Beastie Boys - B-Boy Bouillabaisse: A.W.O.L. (2009 Digital Remaster),6578.0,TRFUJVJ128F426F2A2,Lauryn Hill - Interlude 5,8685.8,TRWSYHO128F4282346,Twista - I'm A Winner (Amended Album Version),6981.112500000001,TRGUCIR128F933D817,Vanilla Ice - Ice Is Workin' It,6180.150000000004,TRGHYGG12903CAC100,R. Kelly - Kickin' It With Your Girlfriend,0.7408443993532315,TRRGWST128F930E4AE,Sara Gazarek - Yours (Live),0.7127635984070152,TRJIONO128F1452C88,Bananarama - Lovebite,0.7036895767319873,TRGHYGG12903CAC100,R. Kelly - Kickin' It With Your Girlfriend,0.749883342787364,TRRGWST128F930E4AE,Sara Gazarek - Yours (Live),0.7225252008099253,TRJIONO128F1452C88,Bananarama - Lovebite,0.7142749021053271,TRFUJVJ128F426F2A2,Lauryn Hill - Interlude 5,191.1454571349474,TRDPGXU128F9339C2A,Beastie Boys - B-Boy Bouillabaisse: A.W.O.L. (2009 Digital Remaster),177.90665097114294,TRKHTKI128F92EA339,Matisyahu - Close My Eyes,165.77186375077517,TRIJWAB128F148AA50,En Vogue - Love Don't Love You (LP Version),111.58565569329959,TRPVAMZ128F4286261,Hayley Westenra - My Heart Belongs To You,106.98810498647534,TRQTPZY128F92F37F9,Eric Carmen - Make Me Lose Control,106.14772891191122,TRBUMXW128F14770C1,Visage - Whispers,0.35738063381376933,TRZHFGK128F423B618,Sharon Jones & The Dap-Kings - Tell Me,0.33670182206279153,TRKPILU128F4283675,Midtown - Is It Me? Is It True?,0.3119984028717626,TRBUMXW128F14770C1,Visage - Whispers,0.3952067829260737,TRZHFGK128F423B618,Sharon Jones & The Dap-Kings - Tell Me,0.38004573116965235,TRIJWAB128F148AA50,En Vogue - Love Don't Love You (LP Version),0.359808142248739
TRUWOUE128F14867BF,SOAEEWF12A6D4FAD71,AR6LZB61187B9AF431,Depeche Mode,Precious (Live In Milan),pop,TRFUJVJ128F426F2A2,Lauryn Hill - Interlude 5,2123.0,TRDPGXU128F9339C2A,Beastie Boys - B-Boy Bouillabaisse: A.W.O.L. (2009 Digital Remaster),1578.0,TRWSYHO128F4282346,Twista - I'm A Winner (Amended Album Version),1533.0,TRFUJVJ128F426F2A2,Lauryn Hill - Interlude 5,1867.2399999999998,TRWSYHO128F4282346,Twista - I'm A Winner (Amended Album Version),1365.8524999999995,TRDPGXU128F9339C2A,Beastie Boys - B-Boy Bouillabaisse: A.W.O.L. (2009 Digital Remaster),1364.1137499999995,TRBIJXE128F93030F5,Maxwell - NoOne,0.5509927318464833,TREGDBC128F1467D4A,Devo - Soft Things,0.49698730624730064,TRFFMKD128F42303A4,Hieroglyphics - You Never Knew,0.49287762778540795,TRBIJXE128F93030F5,Maxwell - NoOne,0.5702667037524347,TRFFMKD128F42303A4,Hieroglyphics - You Never Knew,0.5255076659009053,TRMRIMS128F4261D3A,Dixie Chicks - Mississippi,0.5217648492943788,TRFUJVJ128F426F2A2,Lauryn Hill - Interlude 5,216.6830564760307,TRDUSIG12903CA5FCB,Savatage - The Hourglass,165.75966592273386,TRTLIKK128E07862DA,Ja Rule - One of Us,163.0226564215092,TRFUJVJ128F426F2A2,Lauryn Hill - Interlude 5,111.32539108848543,TRTLIKK128E07862DA,Ja Rule - One of Us,105.77971773437184,TRBIJXE128F93030F5,Maxwell - NoOne,99.14588627468083,TRBIJXE128F93030F5,Maxwell - NoOne,0.337650309103077,TRZRBOX128EF3435A7,Seventh Day Slumber - Broken Buildings,0.2682103367796397,TRJYWWT128F428B91F,Heideroosjes - If Trust Is Broken...,0.26368875163997685,TRBIJXE128F93030F5,Maxwell - NoOne,0.3794524781199517,TRZRBOX128EF3435A7,Seventh Day Slumber - Broken Buildings,0.31119879244460374,TRJYWWT128F428B91F,Heideroosjes - If Trust Is Broken...,0.30472469310565986
TRFJKWU12903CC37B1,SOLXVSH12AB018BE14,AR5K3CW1187FB45B46,Crystal Castles,Insectica,punk,TRWSYHO128F4282346,Twista - I'm A Winner (Amended Album Version),1492.0,TRFUJVJ128F426F2A2,Lauryn Hill - Interlude 5,1490.0,TRGLNKG128F9307689,Eminem - My Darling,1447.0,TRWSYHO128F4282346,Twista - I'm A Winner (Amended Album Version),1395.8000000000002,TRGLNKG128F9307689,Eminem - My Darling,1356.9,TRFUJVJ128F426F2A2,Lauryn Hill - Interlude 5,1342.7999999999997,TRPXWYY12903CEA77A,Hanne Hukkelberg - Displaced,0.7055497163291748,TRWYBIP128F1456ADE,Chanté Moore - When It Comes To Me,0.6636685644333873,TRYYRLU12903D082FF,Jonny Lang - Breakin Me,0.6607105949221537,TRPXWYY12903CEA77A,Hanne Hukkelberg - Displaced,0.7145395062704731,TRYYRLU12903D082FF,Jonny Lang - Breakin Me,0.6739130434782609,TRWYBIP128F1456ADE,Chanté Moore - When It Comes To Me,0.673855179021523,TRDPGXU128F9339C2A,Beastie Boys - B-Boy Bouillabaisse: A.W.O.L. (2009 Digital Remaster),95.57797345688866,TRHPKWO128F92E01D5,Snow Patrol - The Lightning Strike,84.30799061321999,TRDQIWP128F9342105,Company Flow - The Fire In Which You Burn (feat. J-Treds & The Brewin From The Juggaknots),80.84650600836909,TRHPKWO128F92E01D5,Snow Patrol - The Lightning Strike,57.14791547563581,TRPUYZW128C719638F,Common - Soul Power,55.92709710113587,TRFBNCQ128F9302AD9,Akon - Birthmark,54.32407032730665,TRPXWYY12903CEA77A,Hanne Hukkelberg - Displaced,0.2880465211704354,TRJLLGF12903CF2551,Diecast - Disrepair,0.2694386051730304,TRUIKPU128F9317416,Darude - Feel The Beat,0.250950327829863,TRPXWYY12903CEA77A,Hanne Hukkelberg - Displaced,0.31471517294104834,TRJLLGF12903CF2551,Diecast - Disrepair,0.31156118974264796,TRUKCWG128F9329B2C,Analogue Brain - There Must Be More,0.2807633809469612
TRVEUUV128F428AB29,SOEFPNV12A8C13A346,ARACDPV1187FB58DF4,Motion City Soundtrack,Cambridge (Album Version),punk,TRFUJVJ128F426F2A2,Lauryn Hill - Interlude 5,1348.0,TRDPGXU128F9339C2A,Beastie Boys - B-Boy Bouillabaisse: A.W.O.L. (2009 Digital Remaster),1270.0,TRFLWJZ128F425C9E4,The Pharcyde - Otha Fish,1039.0,TRFUJVJ128F426F2A2,Lauryn Hill - Interlude 5,1147.44,TRDPGXU128F9339C2A,Beastie Boys - B-Boy Bouillabaisse: A.W.O.L. (2009 Digital Remaster),1102.2762499999997,TRFLWJZ128F425C9E4,The Pharcyde - Otha Fish,934.7687499999996,TRIVTJA128F92C1E80,The Fray - Over My Head (Cable Car),0.5736460434956638,TRBTXNE12903CB6528,Gorillaz - Rhinestone Eyes,0.5125275773256113,TRPIFNP128F42734C3,Vendetta Red - Opiate Summer,0.5063887005084221,TRIVTJA128F92C1E80,The Fray - Over My Head (Cable Car),0.5945963053240351,TRBTXNE12903CB6528,Gorillaz - Rhinestone Eyes,0.5410841543810523,TRKSDRG128F4285384,Dead Can Dance - I Am Stretched On Your Grave (Live Remastered),0.5305787019362456,TRLUDAQ128F92E3891,Binary Star - Masters Of The Universe,123.43632647691344,TRDPGXU128F9339C2A,Beastie Boys - B-Boy Bouillabaisse: A.W.O.L. (2009 Digital Remaster),120.47999637608423,TRFUJVJ128F426F2A2,Lauryn Hill - Interlude 5,118.35923860477052,TRZMNSP128C719682E,India.Arie - In My Head,83.32042582662132,TRJFOEO128F4264048,Macy Gray - Relating To A Psychopath,82.94428532346892,TRLUDAQ128F92E3891,Binary Star - Masters Of The Universe,81.41968638408709,TRQFRJG128F4260199,Opeth - The Moor,0.29361608875213563,TRGWDCG128E0781637,Beth Orton - Daybreaker (Roots Manuva Remix),0.2812066969573386,TRJFOEO128F4264048,Macy Gray - Relating To A Psychopath,0.27050205606936417,TRQFRJG128F4260199,Opeth - The Moor,0.34077104523252505,TRGWDCG128E0781637,Beth Orton - Daybreaker (Roots Manuva Remix),0.3185654363948355,TRJFOEO128F4264048,Macy Gray - Relating To A Psychopath,0.3133512849604501
TRMZJSE12903D00E60,SOZGAOO12AB017EBA2,ARACDPV1187FB58DF4,Motion City Soundtrack,Disappear,punk,TRWSYHO128F4282346,Twista - I'm A Winner (Amended Album Version),5905.0,TRFUJVJ128F426F2A2,Lauryn Hill - Interlude 5,5816.0,TREBGAA128E078FC52,Erykah Badu - I Want You,4893.0,TRWSYHO128F4282346,Twista - I'm A Winner (Amended Album Version),5651.272499999998,TRFUJVJ128F426F2A2,Lauryn Hill - Interlude 5,5427.76,TREBGAA128E078FC52,Erykah Badu - I Want You,4750.311249999999,TRNHSZN128F930FF03,Clawfinger - Revenge,0.7818060665078859,TRACBWX128F92FD725,Zombie Girl - I Want It,0.7813399395836118,TRCTLQY128F92F1539,Next - I Still Love You,0.7753805019041566,TRNHSZN128F930FF03,Clawfinger - Revenge,0.7885603017668223,TRACBWX128F92FD725,Zombie Girl - I Want It,0.7866966210344944,TRCTLQY128F92F1539,Next - I Still Love You,0.7816818948578419,TRFUJVJ128F426F2A2,Lauryn Hill - Interlude 5,158.88483812616457,TRYHHPK128F42A4CAF,Murs - The Dance,131.0839137469544,TRDQIWP128F9342105,Company Flow - The Fire In Which You Burn (feat. J-Treds & The Brewin From The Juggaknots),129.75103523539173,TRPVAMZ128F4286261,Hayley Westenra - My Heart Belongs To You,93.0636712127269,TRGHZMA128F42838C2,Cat Stevens - The Joke,90.3797053190271,TRTXUMP128F42833E0,Lori McKenna - Swallows Me Whole,89.59686631268606,TRTXUMP128F42833E0,Lori McKenna - Swallows Me Whole,0.26883217539129245,TROIHBO128F42613D7,Missing Persons - Destination Unknown,0.26819282139417516,TRNJOQU12903D0EE0E,Merle Haggard - Love Me Tender,0.2521505734508024,TRTXUMP128F42833E0,Lori McKenna - Swallows Me Whole,0.3127537422015457,TROIHBO128F42613D7,Missing Persons - Destination Unknown,0.30921995276911096,TRPVAMZ128F4286261,Hayley Westenra - My Heart Belongs To You,0.29854995138442614
TRIGZIY128F42348C1,SOWMAZE12A58A79390,ARACDPV1187FB58DF4,Motion City Soundtrack,Fell in Love Without You (Cd),punk,TRFUJVJ128F426F2A2,Lauryn Hill - Interlude 5,2793.0,TRDPGXU128F9339C2A,Beastie Boys - B-Boy Bouillabaisse: A.W.O.L. (2009 Digital Remaster),2047.0,TRFLWJZ128F425C9E4,The Pharcyde - Otha Fish,2012.0,TRFUJVJ128F426F2A2,Lauryn Hill - Interlude 5,2496.759999999999,TRFLWJZ128F425C9E4,The Pharcyde - Otha Fish,1858.0437500000007,TRDPGXU128F9339C2A,Beastie Boys - B-Boy Bouillabaisse: A.W.O.L. (2009 Digital Remaster),1799.261250000001,TRDXVMS128F4263EE0,Level 42 - Lessons In Love,0.651520592317385,TRGJJTY12903CF8E82,Strung Out - Dead Spaces,0.6256850294083725,TRIFNZI128F931CC21,Frank Sinatra - In The Blue Of The Evening,0.6241501447671596,TRDXVMS128F4263EE0,Level 42 - Lessons In Love,0.6634932958895056,TRGJJTY12903CF8E82,Strung Out - Dead Spaces,0.6399773388089581,TRIFNZI128F931CC21,Frank Sinatra - In The Blue Of The Evening,0.6359558643793364,TRDPGXU128F9339C2A,Beastie Boys - B-Boy Bouillabaisse: A.W.O.L. (2009 Digital Remaster),131.03081555946588,TRUWTMI128F92E3892,Binary Star - Indy 500,118.12957204294072,TRYPZQG128E07999D6,Ms. Dynamite - Back Then,117.2543532272051,TRYPZQG128E07999D6,Ms. Dynamite - Back Then,97.1480940373496,TRFXOCI128F42972B5,Alexisonfire - We Are the End,91.62992438033994,TREXDDS128F4277776,Mayday Parade - One Man Drinking Games,82.54030793077911,TRHZOEX128F93588AB,Dean Martin - Memories Are Made Of This,0.2749075259139338,TRFLMQX128F9341492,Edith Piaf - Dont Cry,0.27192582684436567,TRYPZQG128E07999D6,Ms. Dynamite - Back Then,0.26643563315888763,TRHZOEX128F93588AB,Dean Martin - Memories Are Made Of This,0.30615134610983813,TRFLMQX128F9341492,Edith Piaf - Dont Cry,0.30583411000044125,TRYPZQG128E07999D6,Ms. Dynamite - Back Then,0.304077969186566
TRZGUYI128F42368DF,SOGAERS12A58A7F67D,ARACDPV1187FB58DF4,Motion City Soundtrack,Point Of Extinction (Cd),punk,TRFUJVJ128F426F2A2,Lauryn Hill - Interlude 5,5177.0,TRWSYHO128F4282346,Twista - I'm A Winner (Amended Album Version),4914.0,TRDPGXU128F9339C2A,Beastie Boys - B-Boy Bouillabaisse: A.W.O.L. (2009 Digital Remaster),4544.0,TRFUJVJ128F426F2A2,Lauryn Hill - Interlude 5,4680.200000000001,TRWSYHO128F4282346,Twista - I'm A Winner (Amended Album Version),4589.324999999997,TRDPGXU128F9339C2A,Beastie Boys - B-Boy Bouillabaisse: A.W.O.L. (2009 Digital Remaster),4128.5375,TROXHLM128F4266510,Blues Traveler - Hook,0.7098270389733662,TRTVTYS128E0792887,Eminem - Rabbit Run,0.7092421207728355,TRJKREO128E07821BB,Kenickie - I Never Complain,0.6946495081559624,TRTVTYS128E0792887,Eminem - Rabbit Run,0.7238252218777514,TROXHLM128F4266510,Blues Traveler - Hook,0.7234576966416139,TRHXCSQ128F14766FF,Elvis Costello - Puck Two,0.707599610617793,TRFUJVJ128F426F2A2,Lauryn Hill - Interlude 5,239.19078235929078,TREADOS128E078EC1F,Eminem - If I Had,227.05939601972378,TRGNBCC128F92F6218,N-Dubz - Work Work,198.25922058651915,TREADOS128E078EC1F,Eminem - If I Had,157.5422706664707,TRLDRZN128F4288F63,Ziggy Marley And The Melody Makers - We Propose,135.45169721633846,TRGNBCC128F92F6218,N-Dubz - Work Work,134.21962137994961,TRYEMUJ128F92E0392,Shamen - Lightspan,0.35024174424442356,TRLDRZN128F4288F63,Ziggy Marley And The Melody Makers - We Propose,0.3091642031238721,TRPNIKB12903CE690B,Skip James - I'm So Glad,0.2576182787703757,TRYEMUJ128F92E0392,Shamen - Lightspan,0.358287226588662,TRLDRZN128F4288F63,Ziggy Marley And The Melody Makers - We Propose,0.35182131719577714,TREADOS128E078EC1F,Eminem - If I Had,0.31848955762225745
TRJQRJO12903D00E65,SOBMDGH12AC3DF9D80,ARACDPV1187FB58DF4,Motion City Soundtrack,Stand Too Close,punk,TRFUJVJ128F426F2A2,Lauryn Hill - Interlude 5,3802.0,TRWSYHO128F4282346,Twista - I'm A Winner (Amended Album Version),3555.0,TRDPGXU128F9339C2A,Beastie Boys - B-Boy Bouillabaisse: A.W.O.L. (2009 Digital Remaster),2908.0,TRFUJVJ128F426F2A2,Lauryn Hill - Interlude 5,3432.1599999999985,TRWSYHO128F4282346,Twista - I'm A Winner (Amended Album Version),3313.297500000001,TREBGAA128E078FC52,Erykah Badu - I Want You,2630.07375,TRTZDKK128F1476562,Elin Sigvardsson - If I,0.7117138060483784,TRIXAYK128F427F151,Heavenly - Tool,0.6457813381069026,TRFQTEX128E078E92D,Brian McKnight - The Biggest Part Of Me,0.6445602731581997,TRTZDKK128F1476562,Elin Sigvardsson - If I,0.72150479919644,TRIXAYK128F427F151,Heavenly - Tool,0.6610325849404158,TRBWQRG128F4269064,David Allan Coe - Just To Prove My Love For You,0.6605067018466592,TRUWTMI128F92E3892,Binary Star - Indy 500,220.29688290682634,TRFUJVJ128F426F2A2,Lauryn Hill - Interlude 5,214.08117752126142,TRDPGXU128F9339C2A,Beastie Boys - B-Boy Bouillabaisse: A.W.O.L. (2009 Digital Remaster),195.4137010298764,TRUWTMI128F92E3892,Binary Star - Indy 500,142.61804380263536,TRKZYBB128F92CC97D,Stevie Wonder - Overjoyed,92.12939962081725,TRTVTYS128E0792887,Eminem - Rabbit Run,91.24471317391719,TRKZYBB128F92CC97D,Stevie Wonder - Overjoyed,0.26084552333462513,TRTXEOI128F92FB090,Death From Above 1979 - Too Much Love,0.2363194368305362,TRSCDKV128F424BF18,MU330 - You Win Again,0.23492016807436986,TRKZYBB128F92CC97D,Stevie Wonder - Overjoyed,0.3124339213717076,TRUWTMI128F92E3892,Binary Star - Indy 500,0.2984437872626036,TRTXEOI128F92FB090,Death From Above 1979 - Too Much Love,0.28888604803375956
TRQMNKZ12903D00E5B,SOSEINE12AC3DF608E,ARACDPV1187FB58DF4,Motion City Soundtrack,Worker Bee,punk,TRDPGXU128F9339C2A,Beastie Boys - B-Boy Bouillabaisse: A.W.O.L. (2009 Digital Remaster),1452.0,TRCHZXW128E079288A,Eminem - 8 Mile,1366.0,TRFUJVJ128F426F2A2,Lauryn Hill - Interlude 5,1352.0,TRDPGXU128F9339C2A,Beastie Boys - B-Boy Bouillabaisse: A.W.O.L. (2009 Digital Remaster),1290.4312499999996,TRCHZXW128E079288A,Eminem - 8 Mile,1244.0687499999995,TROIJDA128F9341E70,R. Kelly - I Mean (I Don't Mean It),1221.23125,TREBQOW128F92C4549,Common - Book Of Life,0.5738156861157845,TRYMOJM128F14994F3,Ella Fitzgerald - I Got It Bad (and That Ain't Good),0.5641008933145251,TRAZHNL12903CC1B6C,Mac Lethal - Rotten Apple Pie,0.5632132667910952,TREBQOW128F92C4549,Common - Book Of Life,0.591750157130537,TRAZHNL12903CC1B6C,Mac Lethal - Rotten Apple Pie,0.5854537258521889,TRQSIZR128EF362D3A,The Pharcyde - Pack The Pipe,0.5837569013174864,TRDPGXU128F9339C2A,Beastie Boys - B-Boy Bouillabaisse: A.W.O.L. (2009 Digital Remaster),173.27470226809015,TRUWTMI128F92E3892,Binary Star - Indy 500,128.74203693249996,TRLDRYJ128F930BBB4,Pain of Salvation - Spitfall,118.87748392390324,TRDPGXU128F9339C2A,Beastie Boys - B-Boy Bouillabaisse: A.W.O.L. (2009 Digital Remaster),87.7003141263127,TRPIOSU128F92DE1D7,Tori Amos - Winter,84.48965715317411,TRUWTMI128F92E3892,Binary Star - Indy 500,82.3167689131203,TRPIOSU128F92DE1D7,Tori Amos - Winter,0.25953117880637233,TRLHKYJ128F1455E35,Kim Richey - Good Day Here,0.2505649553369774,TRCDRYD128F93059D2,Spandau Ballet - Gold,0.23358708681909088,TRPIOSU128F92DE1D7,Tori Amos - Winter,0.29546155033476196,TRLHKYJ128F1455E35,Kim Richey - Good Day Here,0.2830063197389198,TRCDRYD128F93059D2,Spandau Ballet - Gold,0.27194335374676
TRMZSJY128F4255BE9,SOGKVVX12A81C224D1,ARNBMT71187B993523,Interpol,Mind Over Time,punk,TRFUJVJ128F426F2A2,Lauryn Hill - Interlude 5,1378.0,TRDPGXU128F9339C2A,Beastie Boys - B-Boy Bouillabaisse: A.W.O.L. (2009 Digital Remaster),1213.0,TRXHFMI128F429B2F2,Rufio - Over It (Acoustic),1111.0,TRFUJVJ128F426F2A2,Lauryn Hill - Interlude 5,1175.6,TRDPGXU128F9339C2A,Beastie Boys - B-Boy Bouillabaisse: A.W.O.L. (2009 Digital Remaster),1043.7374999999995,TRXHFMI128F429B2F2,Rufio - Over It (Acoustic),1042.3874999999985,TRZJNDV128E078E185,The Associates - Logan Time,0.5251694507348559,TRUIISX12903CEBDC4,Demolition Hammer - Mindrot,0.5174792115587353,TRQGRYE128F429D17F,The Box Tops - Happy Times,0.49993964165883165,TRZJNDV128E078E185,The Associates - Logan Time,0.5324817082241688,TRUIISX12903CEBDC4,Demolition Hammer - Mindrot,0.5261629690193306,TRQGRYE128F429D17F,The Box Tops - Happy Times,0.5112786019323207,TRDPGXU128F9339C2A,Beastie Boys - B-Boy Bouillabaisse: A.W.O.L. (2009 Digital Remaster),90.77168671334528,TRKJHIA128F4252CD7,Tree63 - All Over The World,90.58444794026383,TRQWDRK128F4241A32,Twista - Overdose (Album Version),84.6692836120418,TRKJHIA128F4252CD7,Tree63 - All Over The World,77.54602279873954,TRDQSYY128F930F54A,P.M. Dawn - Plastic,59.48187637145482,TRIVTJA128F92C1E80,The Fray - Over My Head (Cable Car),58.929803115897556,TRAWOSR128F428CF3A,Nasum - I'm Not Silent,0.29335014972891227,TRYLJVY128F4246873,General Surgery - Viva ! blunt force trauma,0.2765607874841076,TRKJHIA128F4252CD7,Tree63 - All Over The World,0.25075519221277837,TRAWOSR128F428CF3A,Nasum - I'm Not Silent,0.3117335655822125,TRYLJVY128F4246873,General Surgery - Viva ! blunt force trauma,0.286853187675906,TRKJHIA128F4252CD7,Tree63 - All Over The World,0.28072991521252083
TRVQHEV128F4259AB2,SOYQVWF12D0219A2C4,AR13CXU1187B9AD30A,The Clash,I Fought The Law,punk,TRFUJVJ128F426F2A2,Lauryn Hill - Interlude 5,4325.0,TRDPGXU128F9339C2A,Beastie Boys - B-Boy Bouillabaisse: A.W.O.L. (2009 Digital Remaster),4261.0,TRCHZXW128E079288A,Eminem - 8 Mile,3736.0,TRFUJVJ128F426F2A2,Lauryn Hill - Interlude 5,4135.480000000002,TRDPGXU128F9339C2A,Beastie Boys - B-Boy Bouillabaisse: A.W.O.L. (2009 Digital Remaster),4102.508749999999,TRCHZXW128E079288A,Eminem - 8 Mile,3616.391249999999,TRGLGNR128F1487A6F,Manafest - Runaway,0.8522473054478432,TRZPHVT128F4298109,The Cat Empire - The Car Song,0.8161598467740983,TRFTCVG128F4231AB1,Ramones - Needles And Pins (Remastered Album Version ),0.8083592999904742,TRGLGNR128F1487A6F,Manafest - Runaway,0.8509200911589332,TRZPHVT128F4298109,The Cat Empire - The Car Song,0.8132895579234755,TRFTCVG128F4231AB1,Ramones - Needles And Pins (Remastered Album Version ),0.8080586112382928,TRYJQIJ128F428B091,Tyrese - All Ghetto Girl,91.80289362912924,TRFEGNP128F93462CB,Kurupt - It Ain't About You,78.19535479927764,TRCHZXW128E079288A,Eminem - 8 Mile,74.191427486664,TRYJQIJ128F428B091,Tyrese - All Ghetto Girl,77.71390013862542,TRZUINP128F425A9CA,Westlife - Bad Girls,58.103758953669264,TRLRKHZ128F425A881,Fleetwood Mac - I Held My Baby Last Night,56.7545773607569,TRLRKHZ128F425A881,Fleetwood Mac - I Held My Baby Last Night,0.40700974260547884,TRYJQIJ128F428B091,Tyrese - All Ghetto Girl,0.3029515378320732,TRQYFPX128F42A834D,Patricia Barber - My Girl,0.2849478498806239,TRLRKHZ128F425A881,Fleetwood Mac - I Held My Baby Last Night,0.42807988518825096,TRYJQIJ128F428B091,Tyrese - All Ghetto Girl,0.33604510619556377,TRQYFPX128F42A834D,Patricia Barber - My Girl,0.30795971058699584
TRVMLEW128F425A82D,SOFEOUD12D021B1FC4,AR13CXU1187B9AD30A,The Clash,The Magnificent Seven,punk,TRFUJVJ128F426F2A2,Lauryn Hill - Interlude 5,7461.0,TRWSYHO128F4282346,Twista - I'm A Winner (Amended Album Version),5484.0,TRQAWKR128F425EEC3,Michael Jackson - Man In The Mirror,4925.0,TRFUJVJ128F426F2A2,Lauryn Hill - Interlude 5,6794.92,TRWSYHO128F4282346,Twista - I'm A Winner (Amended Album Version),5048.695000000001,TREBGAA128E078FC52,Erykah Badu - I Want You,4481.197499999999,TRQYUKJ12903C9A1CE,Kevin Devine - It's Only Your Life,0.7502114586580503,TRQDCPN128F1453C8B,Joss Stone - Killing Time,0.7430032656307078,TRBJXPW128F428D3CD,A Tribe Called Quest - The Hop,0.7399541216537009,TRQYUKJ12903C9A1CE,Kevin Devine - It's Only Your Life,0.7595553601981182,TRBJXPW128F428D3CD,A Tribe Called Quest - The Hop,0.7551371391488695,TRQDCPN128F1453C8B,Joss Stone - Killing Time,0.7530481842462741,TRFUJVJ128F426F2A2,Lauryn Hill - Interlude 5,397.0326196126612,TRDPGXU128F9339C2A,Beastie Boys - B-Boy Bouillabaisse: A.W.O.L. (2009 Digital Remaster),360.35481806445864,TRQAWKR128F425EEC3,Michael Jackson - Man In The Mirror,307.00667669172276,TRQAWKR128F425EEC3,Michael Jackson - Man In The Mirror,189.25556741046142,TRFUJVJ128F426F2A2,Lauryn Hill - Interlude 5,162.7659434153498,TROVSGS128F4274CEE,Aceyalone - Mr. Outsider,153.26842211849834,TRECYTZ128F428BB4B,Tom Waits - Christmas Card From A Hooker In Minneapolis,0.24603643722052956,TRKMCAV128E0782298,Norah Jones - Those Sweet Words,0.23283007333377032,TRXGXDF128F92E26FC,The Jeff Healey Band - I Can't Get My Hands On You,0.2323121660686117,TRECYTZ128F428BB4B,Tom Waits - Christmas Card From A Hooker In Minneapolis,0.33134126343263737,TRKBSQB128F146534E,Bettye Swann - Willie And Laura Mae Jones,0.3194883500625002,TRXGXDF128F92E26FC,The Jeff Healey Band - I Can't Get My Hands On You,0.31418495650334094
TRWVZBZ128F1462E08,SOKLVHU12A6D4F4778,AR048JZ1187B9AEB85,Yellowcard,Believe,punk,TRFUJVJ128F426F2A2,Lauryn Hill - Interlude 5,4526.0,TRDPGXU128F9339C2A,Beastie Boys - B-Boy Bouillabaisse: A.W.O.L. (2009 Digital Remaster),3248.0,TRWSYHO128F4282346,Twista - I'm A Winner (Amended Album Version),2679.0,TRFUJVJ128F426F2A2,Lauryn Hill - Interlude 5,3922.48,TRDPGXU128F9339C2A,Beastie Boys - B-Boy Bouillabaisse: A.W.O.L. (2009 Digital Remaster),2743.2899999999995,TRRYCLJ128F42A56FF,Ledisi - Alright,2461.199999999998,TRRYCLJ128F42A56FF,Ledisi - Alright,0.6013791461857525,TRDQYBC128F4277093,Lauryn Hill - Everything Is Everything,0.5270296594780648,TRLXZCU128F4298B33,The Enemy - It's Not OK [Live From London],0.5061057784346074,TRRYCLJ128F42A56FF,Ledisi - Alright,0.6159661448303315,TRDQYBC128F4277093,Lauryn Hill - Everything Is Everything,0.5483085128288824,TRLXZCU128F4298B33,The Enemy - It's Not OK [Live From London],0.5266699434660874,TRFUJVJ128F426F2A2,Lauryn Hill - Interlude 5,391.84999833675516,TRRYCLJ128F42A56FF,Ledisi - Alright,327.33210828324263,TRDPGXU128F9339C2A,Beastie Boys - B-Boy Bouillabaisse: A.W.O.L. (2009 Digital Remaster),288.8434934334958,TRRYCLJ128F42A56FF,Ledisi - Alright,281.4752827724832,TRFUJVJ128F426F2A2,Lauryn Hill - Interlude 5,205.82737901652473,TRRAYKA128F145B10D,Rachelle Ferrell - Welcome To My Love,197.75714588803717,TRRYCLJ128F42A56FF,Ledisi - Alright,0.4774769014918275,TRRAYKA128F145B10D,Rachelle Ferrell - Welcome To My Love,0.41813445185869624,TRGPDHJ128F14527D5,Bob Marley & The Wailers - One Love / People Get Ready,0.3530916491302148,TRRYCLJ128F42A56FF,Ledisi - Alright,0.5150208016105108,TRRAYKA128F145B10D,Rachelle Ferrell - Welcome To My Love,0.4627356125285782,TRGPDHJ128F14527D5,Bob Marley & The Wailers - One Love / People Get Ready,0.3941847799267136
TRQYGUV128F1462E01,SOTEFLI12A6D4F4771,AR048JZ1187B9AEB85,Yellowcard,Empty Apartment,punk,TRFUJVJ128F426F2A2,Lauryn Hill - Interlude 5,5963.0,TRWSYHO128F4282346,Twista - I'm A Winner (Amended Album Version),4647.0,TRUGLTC128F4227B93,Danity Kane - Hold Me Down (Album Version),3760.0,TRFUJVJ128F426F2A2,Lauryn Hill - Interlude 5,5543.48,TRWSYHO128F4282346,Twista - I'm A Winner (Amended Album Version),4372.83,TRUGLTC128F4227B93,Danity Kane - Hold Me Down (Album Version),3565.629999999999,TROMMRU128F4250C74,Classified - All About U,0.793081500886836,TRQYUKJ12903C9A1CE,Kevin Devine - It's Only Your Life,0.7555546316559776,TRTNLQZ128F425C3D2,The Zutons - What's Your Problem,0.7525587827266563,TROMMRU128F4250C74,Classified - All About U,0.802501845009226,TRQYUKJ12903C9A1CE,Kevin Devine - It's Only Your Life,0.7643475916700233,TRTNLQZ128F425C3D2,The Zutons - What's Your Problem,0.7622586802967409,TRFUJVJ128F426F2A2,Lauryn Hill - Interlude 5,224.2563462885911,TRCHZXW128E079288A,Eminem - 8 Mile,175.6734091077518,TRDPGXU128F9339C2A,Beastie Boys - B-Boy Bouillabaisse: A.W.O.L. (2009 Digital Remaster),172.3623005113226,TROGOFF128F42827CE,Natalie Cole - Your Eyes,106.40259894815075,TRBBHME12903CC80A7,Bouncing Souls_ The - Don't You (Forget About Me),105.65920123724133,TRMIFQQ128F9338145,Kenny Lattimore - Forgiveness,96.14343208011927,TRBBHME12903CC80A7,Bouncing Souls_ The - Don't You (Forget About Me),0.299902583660019,TRUQTEZ128F9314E5D,Reckless Kelly - Broken Heart,0.2889009909799426,TRVSEAY128F428EA5A,Eliane Elias - Call Me,0.2746493492662144,TRBBHME12903CC80A7,Bouncing Souls_ The - Don't You (Forget About Me),0.3545985761260984,TRUQTEZ128F9314E5D,Reckless Kelly - Broken Heart,0.33659570286530505,TRVSEAY128F428EA5A,Eliane Elias - Call Me,0.3247015521590952
TRBKLDM128F427D0DA,SOMGXHN12A58A7929F,ARZWK2R1187B98F09F,Rise Against,But Tonight We Dance,punk,TRFUJVJ128F426F2A2,Lauryn Hill - Interlude 5,4386.0,TRDPGXU128F9339C2A,Beastie Boys - B-Boy Bouillabaisse: A.W.O.L. (2009 Digital Remaster),3217.0,TRWSYHO128F4282346,Twista - I'm A Winner (Amended Album Version),2976.0,TRFUJVJ128F426F2A2,Lauryn Hill - Interlude 5,4003.2799999999993,TRDPGXU128F9339C2A,Beastie Boys - B-Boy Bouillabaisse: A.W.O.L. (2009 Digital Remaster),2896.9400000000014,TRWSYHO128F4282346,Twista - I'm A Winner (Amended Album Version),2725.8799999999997,TRPFDHQ128F42B97F9,Vashti Bunyan - Hidden,0.6593196150094365,TRBZXAC12903CBB0CE,Atmosphere - Happymess,0.6441307277286569,TRHXCSQ128F14766FF,Elvis Costello - Puck Two,0.640025952359205,TRPFDHQ128F42B97F9,Vashti Bunyan - Hidden,0.6741762677871569,TRBZXAC12903CBB0CE,Atmosphere - Happymess,0.6625272403282761,TRHXCSQ128F14766FF,Elvis Costello - Puck Two,0.6591083402857786,TRUWZJQ128F145E9F7,Afroman - Let's All Get Drunk,179.84974683009415,TRDUSIG12903CA5FCB,Savatage - The Hourglass,169.0565224538398,TRFUJVJ128F426F2A2,Lauryn Hill - Interlude 5,167.16605813931008,TRUWZJQ128F145E9F7,Afroman - Let's All Get Drunk,126.49001239454492,TROTJIT128F145E017,Status Quo - Going Down Town Tonight,109.00448922917519,TRVBCRK128F931B395,Ryan Leslie - When We Dance,108.76930275790536,TRHYCUH128F146F7BD,Ultravox - Private Lives,0.3173359515388065,TRGNSQY128F148D76D,Silje Nergaard - Dance me love,0.2930068610270723,TRZJPUU128F932D02D,American Steel - Emergency House Party,0.27742117444422093,TRHYCUH128F146F7BD,Ultravox - Private Lives,0.3569333413725601,TRGNSQY128F148D76D,Silje Nergaard - Dance me love,0.31973023875472784,TRZJPUU128F932D02D,American Steel - Emergency House Party,0.31371988720395766
TRKSDBX128F9345DC9,SOZQVQL12AB01860A8,ARZWK2R1187B98F09F,Rise Against,Faint Resemblance,punk,TRFUJVJ128F426F2A2,Lauryn Hill - Interlude 5,3517.0,TRDPGXU128F9339C2A,Beastie Boys - B-Boy Bouillabaisse: A.W.O.L. (2009 Digital Remaster),2586.0,TREBGAA128E078FC52,Erykah Badu - I Want You,2339.0,TRFUJVJ128F426F2A2,Lauryn Hill - Interlude 5,3215.2400000000002,TRDPGXU128F9339C2A,Beastie Boys - B-Boy Bouillabaisse: A.W.O.L. (2009 Digital Remaster),2333.645,TREBGAA128E078FC52,Erykah Badu - I Want You,2228.0950000000003,TRFUNRS128F9346BF4,Tony Sly - On the Outside,0.6664977046527633,TRPVRGM128F932D5C3,Dar Williams - Are You Out There,0.6548289483086831,TRMFBBG12903CE4564,Alannah Myles - I Love You,0.6462399386898087,TRFUNRS128F9346BF4,Tony Sly - On the Outside,0.6827870937948103,TRPVRGM128F932D5C3,Dar Williams - Are You Out There,0.6713566002289092,TRMFBBG12903CE4564,Alannah Myles - I Love You,0.6655135748747238,TRFUJVJ128F426F2A2,Lauryn Hill - Interlude 5,194.63782865315298,TRCHZXW128E079288A,Eminem - 8 Mile,139.33465011074293,TRDPGXU128F9339C2A,Beastie Boys - B-Boy Bouillabaisse: A.W.O.L. (2009 Digital Remaster),132.74925450165964,TRFUJVJ128F426F2A2,Lauryn Hill - Interlude 5,99.34618491055849,TRCGADQ128F42B01C5,Heather Headley - Wait A Minute,89.94986924199227,TRNMFHV128F92EF2A1,Set Your Goals - our ethos: a legacy to pass on,86.6576179816461,TRJEJOJ12903CAA2B2,Desaparecidos - Fiesta Loca,0.2804927572600416,TRCGADQ128F42B01C5,Heather Headley - Wait A Minute,0.2744275346325871,TRNYWKO12903CC545D,Dismantled - Fields,0.2731698620595739,TRCGADQ128F42B01C5,Heather Headley - Wait A Minute,0.32456294631075955,TRNYWKO12903CC545D,Dismantled - Fields,0.32188947235134097,TRJEJOJ12903CAA2B2,Desaparecidos - Fiesta Loca,0.31844396384048634
TRMGOLR128F933A7DB,SOYDERO12A6D4F72BC,ARZWK2R1187B98F09F,Rise Against,Survive,punk,TRFUJVJ128F426F2A2,Lauryn Hill - Interlude 5,4185.0,TRKRVKD128F9327008,Hollywood Undead - Undead,2796.0,TRFSCLD12903CD213F,The Prodigy - We Gonna Rock,2718.0,TRFUJVJ128F426F2A2,Lauryn Hill - Interlude 5,3645.880000000001,TRFSCLD12903CD213F,The Prodigy - We Gonna Rock,2606.66,TRKRVKD128F9327008,Hollywood Undead - Undead,2542.1887500000003,TRFGWTJ128E0783A47,The Misfits - Static Age,0.688956178047729,TROCPYO128F92F9ADC,Modern Life Is War - Destination: Death or Better Days,0.6866576694446263,TRJOQXR128F92EB51A,Thompson Twins - We Are Detective,0.6790445341949757,TROCPYO128F92F9ADC,Modern Life Is War - Destination: Death or Better Days,0.6988727693714599,TRFGWTJ128E0783A47,The Misfits - Static Age,0.694586823866838,TRJOQXR128F92EB51A,Thompson Twins - We Are Detective,0.6896343266765022,TRCHZXW128E079288A,Eminem - 8 Mile,263.55743748582086,TRFUJVJ128F426F2A2,Lauryn Hill - Interlude 5,213.4640349865858,TRDPGXU128F9339C2A,Beastie Boys - B-Boy Bouillabaisse: A.W.O.L. (2009 Digital Remaster),201.35122931548545,TRCHZXW128E079288A,Eminem - 8 Mile,140.56370831805884,TRXDHHL128F93420AE,The Von Bondies - Earthquake,129.60878865768768,TRGHYGG12903CAC100,R. Kelly - Kickin' It With Your Girlfriend,121.00189359577448,TRGVQSU128F4260009,Dolly Parton - Highlight Of My Life,0.26015348156923446,TREDLRB128EF34C21B,Cloud Cult - 2x2x2,0.25877041044574606,TRXDHHL128F93420AE,The Von Bondies - Earthquake,0.2577876782011728,TRXDHHL128F93420AE,The Von Bondies - Earthquake,0.3014735202682856,TRGVQSU128F4260009,Dolly Parton - Highlight Of My Life,0.29394513917475623,TREDLRB128EF34C21B,Cloud Cult - 2x2x2,0.2913484277598136
TRFNVPY128F92D2626,SOUKLPY12A8C1451A8,ARZWK2R1187B98F09F,Rise Against,The Dirt Whispered,punk,TRDPGXU128F9339C2A,Beastie Boys - B-Boy Bouillabaisse: A.W.O.L. (2009 Digital Remaster),3252.0,TRFUJVJ128F426F2A2,Lauryn Hill - Interlude 5,3062.0,TRCHZXW128E079288A,Eminem - 8 Mile,2899.0,TRDPGXU128F9339C2A,Beastie Boys - B-Boy Bouillabaisse: A.W.O.L. (2009 Digital Remaster),2930.401250000001,TRFUJVJ128F426F2A2,Lauryn Hill - Interlude 5,2677.4399999999982,TRCHZXW128E079288A,Eminem - 8 Mile,2656.298750000001,TREBQOW128F92C4549,Common - Book Of Life,0.729129299549828,TRDSUZH128F425BAC3,RODNEY CROWELL - Preachin' To The Choir,0.7274307230129872,TRXRINO128F4264CCB,Wade Hayes - I'm Still Dancin' With You,0.7166599105005209,TREBQOW128F92C4549,Common - Book Of Life,0.7417775692200579,TRDSUZH128F425BAC3,RODNEY CROWELL - Preachin' To The Choir,0.7411651089584385,TRXRINO128F4264CCB,Wade Hayes - I'm Still Dancin' With You,0.7311551614511401,TRTLIKK128E07862DA,Ja Rule - One of Us,207.83550046166113,TRBERRB128F932D534,Dar Williams - Mortal City,206.7007535458901,TRDPGXU128F9339C2A,Beastie Boys - B-Boy Bouillabaisse: A.W.O.L. (2009 Digital Remaster),205.1328262016975,TRJPIQT128F92CBF28,Michelle Williams - We Break The Dawn,131.96659636596976,TRTLIKK128E07862DA,Ja Rule - One of Us,123.79095791123152,TRBERRB128F932D534,Dar Williams - Mortal City,120.66926219949583,TRFLIUK128F4267203,Thrice - Digital Sea,0.26339653010371383,TREAJPF128F429E1E2,Milk Inc. - Breathe Without You,0.26138033371693187,TRJNMGP128F92E0427,Hey Monday - Josey,0.2518719276166977,TRFLIUK128F4267203,Thrice - Digital Sea,0.31132942604125524,TRJNMGP128F92E0427,Hey Monday - Josey,0.306176970544848,TRRIRCF128F426A606,Michael Jackson - You Are Not Alone,0.30550973035567697
TRPSYVF128F428A446,SOQAAVL12A8C13C158,ARP28RX1187B9AF6C4,The Offspring,Get It Right (Album Version),punk,TRFUJVJ128F426F2A2,Lauryn Hill - Interlude 5,3935.0,TRDPGXU128F9339C2A,Beastie Boys - B-Boy Bouillabaisse: A.W.O.L. (2009 Digital Remaster),3449.0,TRWSYHO128F4282346,Twista - I'm A Winner (Amended Album Version),3367.0,TRFUJVJ128F426F2A2,Lauryn Hill - Interlude 5,3555.959999999999,TRDPGXU128F9339C2A,Beastie Boys - B-Boy Bouillabaisse: A.W.O.L. (2009 Digital Remaster),3132.0175,TRWSYHO128F4282346,Twista - I'm A Winner (Amended Album Version),3119.285000000003,TREBRPS128E07938F2,Veruca Salt - Stoneface,0.6797783982232293,TRQBHPO128F9307C8E,New Found Glory - I'll Never Love Again,0.6754940000982793,TRDSLPM128F1495679,Gang Starr - Code Of The Streets (Explicit),0.6648292196587222,TREBRPS128E07938F2,Veruca Salt - Stoneface,0.690200242094388,TRQBHPO128F9307C8E,New Found Glory - I'll Never Love Again,0.6840906921800699,TRDSLPM128F1495679,Gang Starr - Code Of The Streets (Explicit),0.6817800417174624,TRDPGXU128F9339C2A,Beastie Boys - B-Boy Bouillabaisse: A.W.O.L. (2009 Digital Remaster),221.65290079941795,TRFUJVJ128F426F2A2,Lauryn Hill - Interlude 5,211.81107830949702,TRCHZXW128E079288A,Eminem - 8 Mile,171.86219929493296,TRDPGXU128F9339C2A,Beastie Boys - B-Boy Bouillabaisse: A.W.O.L. (2009 Digital Remaster),114.40897263914005,TRQAWKR128F425EEC3,Michael Jackson - Man In The Mirror,113.88962890474286,TRFUJVJ128F426F2A2,Lauryn Hill - Interlude 5,106.59389253417913,TRZIUGN12903CE26E3,InMe - All Terrain Vehicle                      	,0.30109343749243145,TRCZLLQ128E0792778,Nine Inch Nails - Something I Can Never Have,0.2996986669349995,TRMYJUA128F428A590,Descendents - When I Get Old,0.29473949430976837,TRCZLLQ128E0792778,Nine Inch Nails - Something I Can Never Have,0.3497786287695695,TRMYJUA128F428A590,Descendents - When I Get Old,0.3427735120098001,TRZIUGN12903CE26E3,InMe - All Terrain Vehicle                      	,0.34086430895905556
TROGTUS128F932D6CB,SOSVNOS12AB01831D7,ARP28RX1187B9AF6C4,The Offspring,Want You Bad,punk,TRFUJVJ128F426F2A2,Lauryn Hill - Interlude 5,4813.0,TRWSYHO128F4282346,Twista - I'm A Winner (Amended Album Version),4510.0,TREBGAA128E078FC52,Erykah Badu - I Want You,3978.0,TRFUJVJ128F426F2A2,Lauryn Hill - Interlude 5,4505.719999999999,TRWSYHO128F4282346,Twista - I'm A Winner (Amended Album Version),4309.182499999999,TREBGAA128E078FC52,Erykah Badu - I Want You,3865.0662500000008,TRISFKH128F9336E63,Beastie Boys - So What'Cha Want (Butt Naked Version) (Explicit) (2009 Digital Remaster),0.7923761857122225,TRNHSZN128F930FF03,Clawfinger - Revenge,0.7914956272938093,TRWNUXN128F93095BF,Angela Bofill - I Try,0.7896786552576108,TRISFKH128F9336E63,Beastie Boys - So What'Cha Want (Butt Naked Version) (Explicit) (2009 Digital Remaster),0.7991199678096599,TRNHSZN128F930FF03,Clawfinger - Revenge,0.7979245614795774,TRWNUXN128F93095BF,Angela Bofill - I Try,0.7954905739980809,TRFUJVJ128F426F2A2,Lauryn Hill - Interlude 5,163.73942493126978,TRDPGXU128F9339C2A,Beastie Boys - B-Boy Bouillabaisse: A.W.O.L. (2009 Digital Remaster),156.86181840672555,TRZUINP128F425A9CA,Westlife - Bad Girls,148.1408630855381,TRZUINP128F425A9CA,Westlife - Bad Girls,123.32339948358725,TRFPLQD128F92FFB52,Kool Moe Dee - Bad Mutha,92.94777917349651,TRUDDDM128F425E99D,Anna Abreu - Bad Girl,89.97135461255532,TRGPKPO128F9346478,Frenzal Rhomb - Ballchef,0.32261123874194636,TRZUINP128F425A9CA,Westlife - Bad Girls,0.3169786839285703,TROSRFJ128F428A759,The Ataris - You Need A Hug,0.30750795147771476,TRZUINP128F425A9CA,Westlife - Bad Girls,0.35784323647176247,TRGPKPO128F9346478,Frenzal Rhomb - Ballchef,0.3576891833139155,TROSRFJ128F428A759,The Ataris - You Need A Hug,0.3456887447580298
TRZVPFY128F92E19DF,SOPXOZV12AAF3B462D,ARP28RX1187B9AF6C4,The Offspring,Staring At The Sun,punk,TRFUJVJ128F426F2A2,Lauryn Hill - Interlude 5,6817.0,TRWSYHO128F4282346,Twista - I'm A Winner (Amended Album Version),6499.0,TRDPGXU128F9339C2A,Beastie Boys - B-Boy Bouillabaisse: A.W.O.L. (2009 Digital Remaster),5836.0,TRFUJVJ128F426F2A2,Lauryn Hill - Interlude 5,6195.080000000001,TRWSYHO128F4282346,Twista - I'm A Winner (Amended Album Version),6092.555,TRGLNKG128F9307689,Eminem - My Darling,5368.327499999999,TRKLAOB12903C9A1CD,Kevin Devine - Fever Moon,0.739577447907692,TRNHSZN128F930FF03,Clawfinger - Revenge,0.7310384865398283,TRLOMAF128F92DF3DB,Amanda Jenssen - Don't Worry,0.6993608344713057,TRKLAOB12903C9A1CD,Kevin Devine - Fever Moon,0.7501832560096057,TRNHSZN128F930FF03,Clawfinger - Revenge,0.7407940579777026,TRLOMAF128F92DF3DB,Amanda Jenssen - Don't Worry,0.7112920499480058,TRDPGXU128F9339C2A,Beastie Boys - B-Boy Bouillabaisse: A.W.O.L. (2009 Digital Remaster),255.0632273220034,TRDGICW128F42963E2,Recoil - Curse,203.13890200925994,TRVUUIA128F428A338,The Slackers - Close My Eyes,197.24449996092693,TRREOLO128F429386C,Bis - Punk Rock Points,169.06883017367963,TRVUUIA128F428A338,The Slackers - Close My Eyes,167.3027508072801,TRZKRYJ128F148BD94,Ocean Colour Scene - Travellers Tune,142.08238416160376,TRREOLO128F429386C,Bis - Punk Rock Points,0.3813050600271393,TRVUUIA128F428A338,The Slackers - Close My Eyes,0.3594551270580284,TRTJJZY12903CF761E,Joan Baez - Don't Cry For Me Argentina,0.28983055656396295,TRREOLO128F429386C,Bis - Punk Rock Points,0.41352573876362664,TRVUUIA128F428A338,The Slackers - Close My Eyes,0.39817097146103175,TRTJJZY12903CF761E,Joan Baez - Don't Cry For Me Argentina,0.34026864708283294
TRGAEVY128F428BEF6,SOWLEBB12A8C13972F,AR46CAD1187FB4D84B,Bad Religion,Operation Rescue,punk,TRFUJVJ128F426F2A2,Lauryn Hill - Interlude 5,2094.0,TRDPGXU128F9339C2A,Beastie Boys - B-Boy Bouillabaisse: A.W.O.L. (2009 Digital Remaster),1450.0,TRGLNKG128F9307689,Eminem - My Darling,1214.0,TRFUJVJ128F426F2A2,Lauryn Hill - Interlude 5,1827.2000000000003,TRDPGXU128F9339C2A,Beastie Boys - B-Boy Bouillabaisse: A.W.O.L. (2009 Digital Remaster),1226.8812500000004,TRGLNKG128F9307689,Eminem - My Darling,1050.69375,TRSPCDB128F1464F66,Fad Gadget - Plain Clothes,0.5766946729351763,TRCAYQT128F423DA11,Suffocation - Brood Of Hatred (Album Version),0.5752083467334724,TRGVQMG12903CAE801,Built To Spill - Planting Seeds,0.5530248312312906,TRSPCDB128F1464F66,Fad Gadget - Plain Clothes,0.5967933663219459,TRCAYQT128F423DA11,Suffocation - Brood Of Hatred (Album Version),0.5924374104983581,TRGVQMG12903CAE801,Built To Spill - Planting Seeds,0.5783789616986831,TRFUJVJ128F426F2A2,Lauryn Hill - Interlude 5,201.6056465926667,TRDGICW128F42963E2,Recoil - Curse,148.29847680314688,TRRKBRB128EF35E2DA,N-Dubz - Feva Las Vegas,147.6370273470154,TRFUJVJ128F426F2A2,Lauryn Hill - Interlude 5,104.50597933879124,TRRKBRB128EF35E2DA,N-Dubz - Feva Las Vegas,98.77874584977044,TRDGICW128F42963E2,Recoil - Curse,88.670752812294,TRFVEPF12903CBAF1D,Third World - World Of Uncertainty,0.3132539543357576,TRSXWSL128F933DFE5,Sneaky Sound System - 16,0.26557405891185554,TRPRSOA12903CED234,David Ball - There Stands The Glass,0.2575751926694882,TRFVEPF12903CBAF1D,Third World - World Of Uncertainty,0.36079114457017136,TRSXWSL128F933DFE5,Sneaky Sound System - 16,0.30531802098952177,TRQCXUL128E078A9D6,The Streets - The Irony Of It All (Album Version),0.2994262336620754
TRPTWJT128F422F239,SOAOSYE12A6D4FB832,AR10USD1187B99F3F1,Silverstein,When Broken Is Easily Fixed (Album Version),punk,TRFUJVJ128F426F2A2,Lauryn Hill - Interlude 5,3968.0,TRUGLTC128F4227B93,Danity Kane - Hold Me Down (Album Version),3347.0,TRVLIZK128F428845E,Five - That's What You Told Me,3061.0,TRFUJVJ128F426F2A2,Lauryn Hill - Interlude 5,3646.000000000002,TRUGLTC128F4227B93,Danity Kane - Hold Me Down (Album Version),3197.8124999999973,TRVLIZK128F428845E,Five - That's What You Told Me,2937.6250000000027,TRXKSAZ12903CAFB8E,Jill Scott - He Loves Me (Lyzel In E Flat),0.7243852888582915,TRLNCCP128F426504E,Michael Penn - Comfort,0.7173484247048331,TRUXYDP128F93234BD,Taylor Swift - Crazier,0.6979844228279384,TRXKSAZ12903CAFB8E,Jill Scott - He Loves Me (Lyzel In E Flat),0.728433473710059,TRLNCCP128F426504E,Michael Penn - Comfort,0.7262262332197584,TRUXYDP128F93234BD,Taylor Swift - Crazier,0.709096476192283,TRDGICW128F42963E2,Recoil - Curse,143.6090047042941,TRGLNKG128F9307689,Eminem - My Darling,140.51368817306718,TRQWDRK128F4241A32,Twista - Overdose (Album Version),137.97088477821728,TRCEPWK128F42365A9,Glassjaw - Pretty Lush (Album Version),95.74623953547736,TREDKMF12903CFA6A7,Emery - Bloodless,95.16649608968126,TRWPSUL128F934AF4E,Cannibal Corpse - Sentenced to Burn,89.95882944470524,TRCEPWK128F42365A9,Glassjaw - Pretty Lush (Album Version),0.2555387808854263,TRWXPSX12903CEB577,Nevermore - C.b.f.,0.25384509896811414,TRWFFEM128F4262753,Hot Water Music - Bottomless Seas,0.2528486224106981,TRCEPWK128F42365A9,Glassjaw - Pretty Lush (Album Version),0.3058615913923236,TRWXPSX12903CEB577,Nevermore - C.b.f.,0.30042190037225147,TRWFFEM128F4262753,Hot Water Music - Bottomless Seas,0.29363698102616403
TRPYGVQ128E078EFE9,SOEDBQL12A670213B3,ARWA6NT1187FB3F15C,The Cure,Want,punk,TRFUJVJ128F426F2A2,Lauryn Hill - Interlude 5,5579.0,TRWSYHO128F4282346,Twista - I'm A Winner (Amended Album Version),4571.0,TREBGAA128E078FC52,Erykah Badu - I Want You,4071.0,TRFUJVJ128F426F2A2,Lauryn Hill - Interlude 5,5247.799999999998,TRWSYHO128F4282346,Twista - I'm A Winner (Amended Album Version),4354.549999999999,TREBGAA128E078FC52,Erykah Badu - I Want You,3949.2749999999996,TRISFKH128F9336E63,Beastie Boys - So What'Cha Want (Butt Naked Version) (Explicit) (2009 Digital Remaster),0.6963210362069703,TRMEKRF12903CC80A6,Bouncing Souls_ The - Pervert,0.6875904805395763,TRVFKVN128F42B501F,Shania Twain - All Fired Up_ No Place To Go,0.6822005754465776,TRISFKH128F9336E63,Beastie Boys - So What'Cha Want (Butt Naked Version) (Explicit) (2009 Digital Remaster),0.7036822071249154,TRMEKRF12903CC80A6,Bouncing Souls_ The - Pervert,0.6949354270021553,TRVFKVN128F42B501F,Shania Twain - All Fired Up_ No Place To Go,0.6897099032142422,TRJJPND128F4262576,Tricky - Tricky Versus Lynx (Live),130.40612011296068,TRCACEF128F42434D7,Ludacris - Ho,120.84003396748639,TRCMXOT128F1489C6F,Otis Redding - The Dog ( LP Version),113.9478608481489,TRCMXOT128F1489C6F,Otis Redding - The Dog ( LP Version),108.71401321490187,TRCACEF128F42434D7,Ludacris - Ho,103.56755834941984,TRGUDLL128F92FA35A,The Specials - Do The Dog,103.169441927191,TRCMXOT128F1489C6F,Otis Redding - The Dog ( LP Version),0.3854033028987813,TRGUDLL128F92FA35A,The Specials - Do The Dog,0.3699983497523753,TRGENXK128F1495143,tobyMac - TruDog: The Return,0.28982082665710923,TRCMXOT128F1489C6F,Otis Redding - The Dog ( LP Version),0.3963913865207438,TRGUDLL128F92FA35A,The Specials - Do The Dog,0.3855036568453882,TRGENXK128F1495143,tobyMac - TruDog: The Return,0.3083762305348955
TRJNMGP128F92E0427,SOGXZZI12AAF3B2704,AR8UICP11C8A4154FD,Hey Monday,Josey,punk,TRFUJVJ128F426F2A2,Lauryn Hill - Interlude 5,3317.0,TRDPGXU128F9339C2A,Beastie Boys - B-Boy Bouillabaisse: A.W.O.L. (2009 Digital Remaster),2241.0,TRBVPVV128F425F14F,Daft Punk - Touch It / Technologic,2104.0,TRFUJVJ128F426F2A2,Lauryn Hill - Interlude 5,2934.2800000000007,TRBVPVV128F425F14F,Daft Punk - Touch It / Technologic,1952.940000000001,TRDPGXU128F9339C2A,Beastie Boys - B-Boy Bouillabaisse: A.W.O.L. (2009 Digital Remaster),1920.939999999999,TRMFKTA128F92FE268,The Bluetones - Carnt Be Trusted,0.6742306252578444,TRJEUFZ128F92F3FAE,Bruce Hornsby and the Range - The Way It Is,0.6285831885418398,TRFXREK12903CE855F,Raine Maida - Earthless,0.6148410342354351,TRMFKTA128F92FE268,The Bluetones - Carnt Be Trusted,0.689886393722987,TRJEUFZ128F92F3FAE,Bruce Hornsby and the Range - The Way It Is,0.6448952609528046,TRFXREK12903CE855F,Raine Maida - Earthless,0.6299635498994527,TRDPGXU128F9339C2A,Beastie Boys - B-Boy Bouillabaisse: A.W.O.L. (2009 Digital Remaster),230.62804737594203,TRQWDRK128F4241A32,Twista - Overdose (Album Version),203.36609830047507,TRCHZXW128E079288A,Eminem - 8 Mile,176.33841727386252,TRXJTJZ128F4295464,The Corrs - Queen Of Hollywood ( LP Version ),127.67695042628763,TRXPMCA128F421A28C,Dance Hall Crashers - DHC,115.60771322716822,TRUSJOE128F92CB68F,Slightly Stoopid - Officer,110.41166042299697,TRXPMCA128F421A28C,Dance Hall Crashers - DHC,0.2713260806733703,TRHAKOR128F423772E,Fear - Beef Bologna,0.259626564344187,TRPVSSJ128F42AEE18,The Coral - She Sings The Mourning,0.25229313065784525,TRXPMCA128F421A28C,Dance Hall Crashers - DHC,0.32824379073085264,TRFNVPY128F92D2626,Rise Against - The Dirt Whispered,0.306176970544848,TRPDBNV128F423F018,Mojave 3 - Tinkers Blues,0.2928432390297616
TRVWMAR128F425A2DA,SOMFMFC12A8AE45B47,AR13CXU1187B9AD30A,The Clash,1-2 Crush On You,punk,TRWSYHO128F4282346,Twista - I'm A Winner (Amended Album Version),7262.0,TRFUJVJ128F426F2A2,Lauryn Hill - Interlude 5,7112.0,TREBGAA128E078FC52,Erykah Badu - I Want You,6549.0,TRWSYHO128F4282346,Twista - I'm A Winner (Amended Album Version),6958.9699999999975,TRFUJVJ128F426F2A2,Lauryn Hill - Interlude 5,6648.3200000000015,TREBGAA128E078FC52,Erykah Badu - I Want You,6378.585000000001,TROHCKX128F42ADF06,Electric Light Orchestra - Auntie (Ma-Ma-Ma Belle),0.8140767045237266,TRNPSMI128F14A8E06,Brian McKnight - Holdin' On [Missin' U] (Album Version),0.780124117696794,TRKERVB128F145B6DB,Mel & Kim - System,0.7772882131287217,TROHCKX128F42ADF06,Electric Light Orchestra - Auntie (Ma-Ma-Ma Belle),0.8184781019138007,TRNPSMI128F14A8E06,Brian McKnight - Holdin' On [Missin' U] (Album Version),0.7856285670674079,TRKERVB128F145B6DB,Mel & Kim - System,0.7833750247726515,TRFUJVJ128F426F2A2,Lauryn Hill - Interlude 5,238.91918364462458,TRQAWKR128F425EEC3,Michael Jackson - Man In The Mirror,234.48871964798232,TRLJPRR128F1466819,Us3 - Knowledge Of Self,213.10754926597565,TRQAWKR128F425EEC3,Michael Jackson - Man In The Mirror,172.02368736323447,TRLJPRR128F1466819,Us3 - Knowledge Of Self,160.3026621702571,TRDOQOR128F42A64EC,Talib Kweli - Eat To Live (Album Version),123.37335313344254,TROHCKX128F42ADF06,Electric Light Orchestra - Auntie (Ma-Ma-Ma Belle),0.35104591173849786,TRLJPRR128F1466819,Us3 - Knowledge Of Self,0.3384015867544803,TROYJJR128F4278BB0,Fleetwood Mac - Hellhound On My Trail,0.30865803520337187,TRLJPRR128F1466819,Us3 - Knowledge Of Self,0.40221914143044396,TROHCKX128F42ADF06,Electric Light Orchestra - Auntie (Ma-Ma-Ma Belle),0.3901233828111171,TRDOQOR128F42A64EC,Talib Kweli - Eat To Live (Album Version),0.3363875743620522
TRCKZBM128F425A2DD,SOJPDPR12A8AE45B50,AR13CXU1187B9AD30A,The Clash,Brand New Cadillac,punk,TRFUJVJ128F426F2A2,Lauryn Hill - Interlude 5,1562.0,TRYCBLK12903CE6A0E,Twiztid - She Ain't Afraid,1429.0,TRYOUMI128E078F4DE,K-Ci & JoJo - Baby Come Back,1412.0,TRFUJVJ128F426F2A2,Lauryn Hill - Interlude 5,1343.04,TRYOUMI128E078F4DE,K-Ci & JoJo - Baby Come Back,1338.3687500000008,TRYCBLK12903CE6A0E,Twiztid - She Ain't Afraid,1301.5212500000007,TRVRZZI128F426846B,Billy Squier - She's A Runner (24-Bit Digitally Remastered 02),0.5783845825398553,TRECZIB12903CB8033,Asaf Avidan & the Mojos - Over You Blues,0.5554113248611331,TRABOIH128F9300B06,Willie Dixon - That's My Baby,0.5271528991674369,TRVRZZI128F426846B,Billy Squier - She's A Runner (24-Bit Digitally Remastered 02),0.5914153703399583,TRECZIB12903CB8033,Asaf Avidan & the Mojos - Over You Blues,0.5664108791144276,TRABOIH128F9300B06,Willie Dixon - That's My Baby,0.5405233696340517,TRIVUXU128F145A60B,Jeru The Damaja - Me Or The Papes,168.27043734263512,TRFEGNP128F93462CB,Kurupt - It Ain't About You,161.17954229758624,TRMCDPD128F92EF9C1,Junior Senior - C'Mon,161.06864915862064,TRMCDPD128F92EF9C1,Junior Senior - C'Mon,138.82499820402617,TRIVUXU128F145A60B,Jeru The Damaja - Me Or The Papes,131.7414287924594,TRJHZTW12903CA1A25,Blind Willie Johnson - Jesus Is Coming Soon,123.92747948544901,TRTJIOL128F1495A4B,Nina Simone - He Ain't Comin' Home No More,0.40919827421450133,TRMCDPD128F92EF9C1,Junior Senior - C'Mon,0.27324964360800486,TRJHZTW12903CA1A25,Blind Willie Johnson - Jesus Is Coming Soon,0.2701931105040583,TRTJIOL128F1495A4B,Nina Simone - He Ain't Comin' Home No More,0.4308994847144228,TRMCDPD128F92EF9C1,Junior Senior - C'Mon,0.30269318991216787,TRHTGXF128F931BEE7,Jackson 5 - Goin' Back To Indiana,0.29448166035323314
TRCFCHA128F4259A75,SORYRRU12A8AE45B60,AR13CXU1187B9AD30A,The Clash,Cool Confusion,punk,TRFUJVJ128F426F2A2,Lauryn Hill - Interlude 5,2022.0,TRDPGXU128F9339C2A,Beastie Boys - B-Boy Bouillabaisse: A.W.O.L. (2009 Digital Remaster),1901.0,TRFLWJZ128F425C9E4,The Pharcyde - Otha Fish,1723.0,TRFUJVJ128F426F2A2,Lauryn Hill - Interlude 5,1700.000000000002,TRDPGXU128F9339C2A,Beastie Boys - B-Boy Bouillabaisse: A.W.O.L. (2009 Digital Remaster),1631.7187499999993,TRFLWJZ128F425C9E4,The Pharcyde - Otha Fish,1555.6562500000002,TRJEJXZ128F9321015,The Supremes - Stranger In Paradise,0.5983002946014025,TRQNPBZ128F424A1C9,The Itals - In Deh,0.5782416006054896,TROURLD128F42A9F95,The Be Good Tanyas - Midnight Moonlight,0.5682863611064933,TRJEJXZ128F9321015,The Supremes - Stranger In Paradise,0.6146838438611498,TRCQNWN128F92EA07D,Wu-Tang Clan - The What,0.6011684529081096,TRQNPBZ128F424A1C9,The Itals - In Deh,0.5947372708263751,TRDPGXU128F9339C2A,Beastie Boys - B-Boy Bouillabaisse: A.W.O.L. (2009 Digital Remaster),247.38333433428707,TRFMKJY128F92E89F1,Big Brovaz - Find A Way,234.08447451596734,TRKQJBJ128F4241A45,Twista - No Remorse (Album Version),231.7639304855895,TRRUKSD128F9322FEF,Jill Scott - Brotha,164.45665327302464,TRQMAUL12903CE91AC,Lyfe Jennings - She Got Kids,157.30550434969032,TRFMKJY128F92E89F1,Big Brovaz - Find A Way,155.86199491491774,TRCIOCW12903CD1DD6,999 - Me And My Desire,0.32574274371549417,TRCQZCM128F425FD8C,Blink-182 - GO,0.3115456067915566,TRRUKSD128F9322FEF,Jill Scott - Brotha,0.28689350563415594,TRCIOCW12903CD1DD6,999 - Me And My Desire,0.3657723871307387,TRDAMMQ128F93296F1,Jackie Greene - Hollywood,0.3556840101166881,TRCQZCM128F425FD8C,Blink-182 - GO,0.3516504448064344
TRYSJKQ128F4259A73,SOKVAFU12A8AE46882,AR13CXU1187B9AD30A,The Clash,First Night Back In London,punk,TRFUJVJ128F426F2A2,Lauryn Hill - Interlude 5,1438.0,TRDPGXU128F9339C2A,Beastie Boys - B-Boy Bouillabaisse: A.W.O.L. (2009 Digital Remaster),1407.0,TRWSYHO128F4282346,Twista - I'm A Winner (Amended Album Version),1226.0,TRDPGXU128F9339C2A,Beastie Boys - B-Boy Bouillabaisse: A.W.O.L. (2009 Digital Remaster),1245.4312499999992,TRFUJVJ128F426F2A2,Lauryn Hill - Interlude 5,1244.7999999999995,TRWSYHO128F4282346,Twista - I'm A Winner (Amended Album Version),1099.7374999999997,TRMRNDW128F4292475,A Tribe Called Quest - Baby Phife's Return,0.6312523736707374,TRGXGMH128F92F5B48,John Denver - El Paso,0.6295263127494198,TRDPGXU128F9339C2A,Beastie Boys - B-Boy Bouillabaisse: A.W.O.L. (2009 Digital Remaster),0.6210111243512103,TRMRNDW128F4292475,A Tribe Called Quest - Baby Phife's Return,0.658400987137392,TRGXGMH128F92F5B48,John Denver - El Paso,0.6533716809077528,TRDPGXU128F9339C2A,Beastie Boys - B-Boy Bouillabaisse: A.W.O.L. (2009 Digital Remaster),0.6491256390286232,TRDPGXU128F9339C2A,Beastie Boys - B-Boy Bouillabaisse: A.W.O.L. (2009 Digital Remaster),197.7473186679395,TRFUJVJ128F426F2A2,Lauryn Hill - Interlude 5,170.373057119797,TRQWDRK128F4241A32,Twista - Overdose (Album Version),158.12763570012226,TRDPGXU128F9339C2A,Beastie Boys - B-Boy Bouillabaisse: A.W.O.L. (2009 Digital Remaster),91.61182956458931,TRQWDRK128F4241A32,Twista - Overdose (Album Version),79.40234492913086,TREHJTV128F1477BC7,Scarlett Johansson - Summertime,76.21204902181884,TRLHHPJ128F92EF565,Crash Romeo - Minutes to Miles,0.2650590842901732,TRDRJJC128F42353C3,Lloyd Cole - vin ordinaire,0.23299170716722775,TRKJSXZ128F148AF12,Slim Harpo - One More Day,0.21804623219269306,TRLHHPJ128F92EF565,Crash Romeo - Minutes to Miles,0.3156986865820772,TRBHTIG128F92F4B81,Rehab - Chest Pain,0.2844539500870851,TRDPGXU128F9339C2A,Beastie Boys - B-Boy Bouillabaisse: A.W.O.L. (2009 Digital Remaster),0.2816806020182796
TRAQKVC128F425E65C,SOUTRYP12A8AE46BC6,AR13CXU1187B9AD30A,The Clash,Inoculated City,punk,TRFUJVJ128F426F2A2,Lauryn Hill - Interlude 5,1291.0,TRTLIKK128E07862DA,Ja Rule - One of Us,937.0,TRDPGXU128F9339C2A,Beastie Boys - B-Boy Bouillabaisse: A.W.O.L. (2009 Digital Remaster),894.0,TRFUJVJ128F426F2A2,Lauryn Hill - Interlude 5,1118.04,TRTLIKK128E07862DA,Ja Rule - One of Us,832.4250000000005,TRDPGXU128F9339C2A,Beastie Boys - B-Boy Bouillabaisse: A.W.O.L. (2009 Digital Remaster),749.3575,TRVWTVK128F429AAAB,Immortal Technique - The 4th Branch,0.5811706635845596,TRCHTOQ12903CB2D56,Don Francisco - Adam_ Where Are You?,0.5555592093800195,TRMGICM128F92E2AB8,Andrew Lloyd Webber - Masquerade,0.5524027015457234,TRVWTVK128F429AAAB,Immortal Technique - The 4th Branch,0.6038773798613895,TRMGICM128F92E2AB8,Andrew Lloyd Webber - Masquerade,0.5774355286412254,TRCHTOQ12903CB2D56,Don Francisco - Adam_ Where Are You?,0.5774148486359397,TRDPGXU128F9339C2A,Beastie Boys - B-Boy Bouillabaisse: A.W.O.L. (2009 Digital Remaster),136.0030266515662,TRLDRYJ128F930BBB4,Pain of Salvation - Spitfall,133.15857044568105,TRKRVKD128F9327008,Hollywood Undead - Undead,112.73262714566783,TRLDRYJ128F930BBB4,Pain of Salvation - Spitfall,87.590253749648,TRDVYVJ128F426F7C0,Bob Dylan - With God On Our Side,74.66878473704125,TRKRVKD128F9327008,Hollywood Undead - Undead,69.87897659715702,TRKQRSQ128F92D5134,The Prodigy - Invaders Must Die,0.28645940375497253,TRGRMJO128F931914F,Good Riddance - 21 Guns (Good Riddance),0.27765799035884814,TRPNIKB12903CE690B,Skip James - I'm So Glad,0.27457982888288185,TRGRMJO128F931914F,Good Riddance - 21 Guns (Good Riddance),0.3170151471041442,TRDVYVJ128F426F7C0,Bob Dylan - With God On Our Side,0.30418587020183013,TRKQRSQ128F92D5134,The Prodigy - Invaders Must Die,0.2915753617304611
TRUASIU128F425A1D7,SOKPHTL12A8AE47058,AR13CXU1187B9AD30A,The Clash,Lost In The Supermarket,punk,TRDPGXU128F9339C2A,Beastie Boys - B-Boy Bouillabaisse: A.W.O.L. (2009 Digital Remaster),6301.0,TRCHZXW128E079288A,Eminem - 8 Mile,6162.0,TRKLJAG128F42B31CF,Mario Vazquez - Everytime I...,5834.0,TRDPGXU128F9339C2A,Beastie Boys - B-Boy Bouillabaisse: A.W.O.L. (2009 Digital Remaster),5916.312500000002,TRCHZXW128E079288A,Eminem - 8 Mile,5871.687499999992,TRKLJAG128F42B31CF,Mario Vazquez - Everytime I...,5693.375,TRJBEQI12903CDDCCE,Mary Black - Raven In The Storm,0.7749839111112753,TRBLBTB128F147F7EF,Patricia Barber - The Moon,0.7591238984445218,TRWNSHP128F42424E8,Mest - Can't Take This (Album Version),0.7583462770525856,TRJBEQI12903CDDCCE,Mary Black - Raven In The Storm,0.779075409628105,TRBLBTB128F147F7EF,Patricia Barber - The Moon,0.763768800811405,TRWNSHP128F42424E8,Mest - Can't Take This (Album Version),0.7633558973227766,TRFUJVJ128F426F2A2,Lauryn Hill - Interlude 5,185.1156890785162,TRNVKOI128E0799173,Snoop Dogg - Snoopafella (Edited),151.56331249937404,TRXAORM128F933CA0D,EPMD - Knick Knack Patty Wack,136.64900716337777,TRPWHPL128F932FC16,Just Jack - 253,91.72609791854372,TRNVKOI128E0799173,Snoop Dogg - Snoopafella (Edited),85.98178159548675,TRQQDZH128F145E06F,Fall Out Boy - The Music Or The Misery,83.27370156500152,TRGDVJI128F932E44D,VAST - Here's To All The People I Have Lost,0.2900701925029482,TRHKTGD128F1498F55,Blossom Dearie - Just In Time,0.2615795182478927,TRXHRJN128F149418E,SUPREME BEINGS OF LEISURE - So Much More,0.2520738870738099,TRGDVJI128F932E44D,VAST - Here's To All The People I Have Lost,0.32009459756215236,TRHKTGD128F1498F55,Blossom Dearie - Just In Time,0.29482403277793984,TRNFHLX12903CC5B12,Autograph - The City,0.29086535206186537
TROLGMC128F4259BB8,SOMAATM12A8AE45E6A,AR13CXU1187B9AD30A,The Clash,Overpowered By Funk,punk,TRFUJVJ128F426F2A2,Lauryn Hill - Interlude 5,3126.0,TRDPGXU128F9339C2A,Beastie Boys - B-Boy Bouillabaisse: A.W.O.L. (2009 Digital Remaster),2672.0,TRWSYHO128F4282346,Twista - I'm A Winner (Amended Album Version),2560.0,TRFUJVJ128F426F2A2,Lauryn Hill - Interlude 5,2776.3999999999996,TRDPGXU128F9339C2A,Beastie Boys - B-Boy Bouillabaisse: A.W.O.L. (2009 Digital Remaster),2379.6374999999994,TRWSYHO128F4282346,Twista - I'm A Winner (Amended Album Version),2331.525000000001,TRLXXCC128F92EABC3,Funkadelic - One Nation Under A Groove,0.5893803592235454,TRNJNUP128E078F822,Free - Mr. Big,0.5881952451112951,TRZCHKB128F92CB740,Anastacia - Club Megamix,0.5863910949639672,TRLXXCC128F92EABC3,Funkadelic - One Nation Under A Groove,0.6101384291647136,TRZCHKB128F92CB740,Anastacia - Club Megamix,0.6090711087036049,TRNJNUP128E078F822,Free - Mr. Big,0.6085229691820605,TREZBFM128F428508A,Fatboy Slim - The Rockafeller Skank,297.17627798792034,TRPVDFG128E0794605,Cameo - Funk Funk,271.7671766506446,TRLXXCC128F92EABC3,Funkadelic - One Nation Under A Groove,264.9511726541421,TREZBFM128F428508A,Fatboy Slim - The Rockafeller Skank,269.68675609497365,TRPVDFG128E0794605,Cameo - Funk Funk,243.8486766285475,TRLXXCC128F92EABC3,Funkadelic - One Nation Under A Groove,227.2523735770873,TRPVDFG128E0794605,Cameo - Funk Funk,0.48658744007908555,TRMQPXI128F42ACF69,The Bar-Kays - Shake Your Rump To The Funk,0.4023717754624997,TREZBFM128F428508A,Fatboy Slim - The Rockafeller Skank,0.3649351474822291,TRPVDFG128E0794605,Cameo - Funk Funk,0.5134272613056895,TRMQPXI128F42ACF69,The Bar-Kays - Shake Your Rump To The Funk,0.42869582474767765,TRLXXCC128F92EABC3,Funkadelic - One Nation Under A Groove,0.3871181555419892
TRMQMTC128F428A516,SOSTMID12A8C13A27B,AR46CAD1187FB4D84B,Bad Religion,Automatic Man (Album Version),punk,TRFUJVJ128F426F2A2,Lauryn Hill - Interlude 5,1916.0,TRDPGXU128F9339C2A,Beastie Boys - B-Boy Bouillabaisse: A.W.O.L. (2009 Digital Remaster),1374.0,TRQAWKR128F425EEC3,Michael Jackson - Man In The Mirror,1296.0,TRFUJVJ128F426F2A2,Lauryn Hill - Interlude 5,1708.0799999999995,TRZOZSK128F92F6735,Propellerheads - Velvet Pants,1231.2737499999982,TRDPGXU128F9339C2A,Beastie Boys - B-Boy Bouillabaisse: A.W.O.L. (2009 Digital Remaster),1200.1212499999995,TRTPLZP128F426AC13,Bill Withers - Who Is He? (And What Is He To You?),0.7348932779218871,TRTLLMP128F9307700,Bellamy Brothers - Old Hippie,0.7297087633792954,TRQZEGA128F428FEFE,Suicidal Tendencies - Possessed To Skate,0.7180478349383445,TRTPLZP128F426AC13,Bill Withers - Who Is He? (And What Is He To You?),0.7426565469688222,TRTLLMP128F9307700,Bellamy Brothers - Old Hippie,0.7389383403275933,TRQZEGA128F428FEFE,Suicidal Tendencies - Possessed To Skate,0.7276437794230677,TRDPGXU128F9339C2A,Beastie Boys - B-Boy Bouillabaisse: A.W.O.L. (2009 Digital Remaster),205.46756575997853,TRFUJVJ128F426F2A2,Lauryn Hill - Interlude 5,166.33454906550816,TRIFVKW128F145C141,Gang Starr - The Illest Brother,139.3543251130632,TRDPGXU128F9339C2A,Beastie Boys - B-Boy Bouillabaisse: A.W.O.L. (2009 Digital Remaster),115.1811352285495,TRZYBSS128F145806B,Us3 - Just Another Brother,106.12712824831384,TRIFVKW128F145C141,Gang Starr - The Illest Brother,90.42370272829821,TRSMIAW128F9340827,Big Bad Voodoo Daddy - Reefer Man,0.3046524246367003,TRCTHSQ12903CA82D3,Kathy Troccoli - I Call Him Love,0.2968997563243551,TRQZEGA128F428FEFE,Suicidal Tendencies - Possessed To Skate,0.2925828761839123,TRSMIAW128F9340827,Big Bad Voodoo Daddy - Reefer Man,0.3377321719573333,TRQZEGA128F428FEFE,Suicidal Tendencies - Possessed To Skate,0.3353142092849673,TRCTHSQ12903CA82D3,Kathy Troccoli - I Call Him Love,0.33297763699294886
TRQENBA128F426093C,SOQLMHB12A8C1384BF,AR46CAD1187FB4D84B,Bad Religion,Chimaera (Album Version),punk,TRFUJVJ128F426F2A2,Lauryn Hill - Interlude 5,5138.0,TRWSYHO128F4282346,Twista - I'm A Winner (Amended Album Version),3017.0,TRGLNKG128F9307689,Eminem - My Darling,2935.0,TRFUJVJ128F426F2A2,Lauryn Hill - Interlude 5,4836.24,TRWSYHO128F4282346,Twista - I'm A Winner (Amended Album Version),2819.79,TRGLNKG128F9307689,Eminem - My Darling,2750.295,TRWFHUB128F1476AFB,Small Sins - She's The Source,0.8014700482395711,TRFCNPY128F934AF94,Anacrusis - What You Became,0.7926228091290242,TROKUOP12903CA7867,Bunny Wailer - Roots,0.7810602607288457,TRWFHUB128F1476AFB,Small Sins - She's The Source,0.8070223082023004,TRFCNPY128F934AF94,Anacrusis - What You Became,0.7980182213718866,TROKUOP12903CA7867,Bunny Wailer - Roots,0.7872396565780551,TRFUJVJ128F426F2A2,Lauryn Hill - Interlude 5,207.4983730530464,TRDPGXU128F9339C2A,Beastie Boys - B-Boy Bouillabaisse: A.W.O.L. (2009 Digital Remaster),173.8852363699809,TRRJQIQ128F429A974,Petey Pablo - Fool For Love,150.10393828299104,TRXXGPE128F42916C7,Monica - Hurts The Most,103.57840830541912,TRFUJVJ128F426F2A2,Lauryn Hill - Interlude 5,90.62377546028551,TRHPAVK128E078EC9C,Eminem - Ken Kaniff,86.18658673951158,TRXXGPE128F42916C7,Monica - Hurts The Most,0.24540591701145847,TRGPKPO128F9346478,Frenzal Rhomb - Ballchef,0.24133176285100344,TRGVJCZ128F9336F83,Sopor Aeternus & The Ensemble Of Shadows - Some Men Are Like Chocolate,0.22745448525082432,TRXXGPE128F42916C7,Monica - Hurts The Most,0.31170020332953197,TRGVJCZ128F9336F83,Sopor Aeternus & The Ensemble Of Shadows - Some Men Are Like Chocolate,0.287866903284458,TRGPKPO128F9346478,Frenzal Rhomb - Ballchef,0.28680819626765863
TRJCXHB128F428AC5B,SOLDKOL12A8C1392D1,AR46CAD1187FB4D84B,Bad Religion,Damned to Be Free (Album Version),punk,TRFUJVJ128F426F2A2,Lauryn Hill - Interlude 5,1601.0,TRDPGXU128F9339C2A,Beastie Boys - B-Boy Bouillabaisse: A.W.O.L. (2009 Digital Remaster),1506.0,TRGUCIR128F933D817,Vanilla Ice - Ice Is Workin' It,1458.0,TRFUJVJ128F426F2A2,Lauryn Hill - Interlude 5,1372.84,TRGUCIR128F933D817,Vanilla Ice - Ice Is Workin' It,1350.120000000001,TRDPGXU128F9339C2A,Beastie Boys - B-Boy Bouillabaisse: A.W.O.L. (2009 Digital Remaster),1315.1950000000006,TRZGDIA128F4294E98,Tonedeff - Ridiculous,0.6402949779064908,TRMSDGX128F428F296,Dan Le Sac vs Scroobius Pip - Fixed,0.5887571466126007,TROIYWE128F146BD93,Bird York - Lovely Thing,0.5857897232034521,TRZGDIA128F4294E98,Tonedeff - Ridiculous,0.6641014558792049,TRMSDGX128F428F296,Dan Le Sac vs Scroobius Pip - Fixed,0.6168363179918088,TROIYWE128F146BD93,Bird York - Lovely Thing,0.6066969872935191,TRFUJVJ128F426F2A2,Lauryn Hill - Interlude 5,181.53702601040112,TRDGICW128F42963E2,Recoil - Curse,159.75905417230703,TRDPGXU128F9339C2A,Beastie Boys - B-Boy Bouillabaisse: A.W.O.L. (2009 Digital Remaster),159.61454095418316,TRDGICW128F42963E2,Recoil - Curse,93.73062436255496,TRZGDIA128F4294E98,Tonedeff - Ridiculous,82.78918621997747,TRQAWKR128F425EEC3,Michael Jackson - Man In The Mirror,81.32965323362214,TRSFRAV128F4291046,Skinless - Wicked World,0.23571379696238012,TRJYSJS128EF356B75,Ill Niño - Re-Birth,0.22468105063271332,TRDHQHB128F421FE15,Naked Aggression - Plastic World,0.22385170555817635,TRZGDIA128F4294E98,Tonedeff - Ridiculous,0.30416828441322125,TRSFRAV128F4291046,Skinless - Wicked World,0.286204791452872,TRJYSJS128EF356B75,Ill Niño - Re-Birth,0.2786325007053789
TRHWAPL128F428BEEE,SOSHLOP12A8C13971C,AR46CAD1187FB4D84B,Bad Religion,Get Off,punk,TRFUJVJ128F426F2A2,Lauryn Hill - Interlude 5,3021.0,TRDPGXU128F9339C2A,Beastie Boys - B-Boy Bouillabaisse: A.W.O.L. (2009 Digital Remaster),2859.0,TRCHZXW128E079288A,Eminem - 8 Mile,2636.0,TRFUJVJ128F426F2A2,Lauryn Hill - Interlude 5,2791.000000000004,TRDPGXU128F9339C2A,Beastie Boys - B-Boy Bouillabaisse: A.W.O.L. (2009 Digital Remaster),2666.6562500000027,TRCHZXW128E079288A,Eminem - 8 Mile,2490.843749999996,TREBQOW128F92C4549,Common - Book Of Life,0.8424436271366379,TRGLGNR128F1487A6F,Manafest - Runaway,0.8052530656625047,TRCGKTL128F148C3FA,The Mighty Mighty Bosstones - Someday I Suppose,0.801163876123511,TREBQOW128F92C4549,Common - Book Of Life,0.8479692210360039,TRGLGNR128F1487A6F,Manafest - Runaway,0.811862109141525,TRCGKTL128F148C3FA,The Mighty Mighty Bosstones - Someday I Suppose,0.807750846776038,TRFUJVJ128F426F2A2,Lauryn Hill - Interlude 5,148.03400640327897,TRDPGXU128F9339C2A,Beastie Boys - B-Boy Bouillabaisse: A.W.O.L. (2009 Digital Remaster),146.74362519473883,TROYKQM128F428CCED,OutKast - Mainstream,130.74792477706114,TRZBKVK128F9346298,Kurupt - Who Ride Wit Us,81.75501657946582,TROYKQM128F428CCED,OutKast - Mainstream,81.69350264766904,TROOJPJ128F14A2A86,Brand Nubian - All For One (Explicit) (2006 Remastered LP Version),74.1884991954344,TRCSWQR128F146292C,Pat Travers - Is This Love,0.260030053060095,TRBGUJV128E078FE5D,Dru Hill - Share My World,0.2545132606358216,TRUAKVA12903CE4539,Sophie Milman - (It's Not Easy) Bein' Green,0.23356859890965703,TRBGUJV128E078FE5D,Dru Hill - Share My World,0.3084088947871862,TROYKQM128F428CCED,OutKast - Mainstream,0.3076822382655917,TROOJPJ128F14A2A86,Brand Nubian - All For One (Explicit) (2006 Remastered LP Version),0.2990935338374657
TRHYIAH128F14825EC,SOLIECS12A6310F220,AROBHK51187B9AD82B,Funeral For A Friend,Juneau,punk,TRDPGXU128F9339C2A,Beastie Boys - B-Boy Bouillabaisse: A.W.O.L. (2009 Digital Remaster),3078.0,TRFUJVJ128F426F2A2,Lauryn Hill - Interlude 5,2904.0,TRHNOMB12903CB2544,Life Without Buildings - New Town,2783.0,TRDPGXU128F9339C2A,Beastie Boys - B-Boy Bouillabaisse: A.W.O.L. (2009 Digital Remaster),2821.02875,TRHNOMB12903CB2544,Life Without Buildings - New Town,2655.45375,TRFUJVJ128F426F2A2,Lauryn Hill - Interlude 5,2596.7200000000003,TRJBEQI12903CDDCCE,Mary Black - Raven In The Storm,0.6868928992379543,TRYAVHM12903CF521E,Swollen Members - Switchblade,0.6840839331618485,TRNOOMW128F4257F9C,Gorefest - Super Reality,0.6503141095247857,TRYAVHM12903CF521E,Swollen Members - Switchblade,0.6938732714808346,TRJBEQI12903CDDCCE,Mary Black - Raven In The Storm,0.6934775721850356,TRNOOMW128F4257F9C,Gorefest - Super Reality,0.6595237072114135,TRGLNKG128F9307689,Eminem - My Darling,124.11536247840151,TRDGICW128F42963E2,Recoil - Curse,121.91175868818165,TRLDRYJ128F930BBB4,Pain of Salvation - Spitfall,111.42022054279875,TRAPMUC128F92F3121,Incognito - Stone Cold Heart,90.67065309986869,TRDHPGJ128F4289C44,Kylie Minogue - Love At First Sight (The Scumfrog's Beauty And The Beast Vocal Edit),78.92079422731831,TRCSAUS128F426457A,Die Trying - Oxygen's Gone,76.58468196023223,TROAHPF128F92FC9E9,The Lucksmiths - Guess How Much I Love You,0.2535767427026822,TRAPMUC128F92F3121,Incognito - Stone Cold Heart,0.24381692793566184,TRAFEVZ128F9340E0C,Billie Holiday - More Than You Know,0.24381392825424256,TROAHPF128F92FC9E9,The Lucksmiths - Guess How Much I Love You,0.2856966087245462,TRAPMUC128F92F3121,Incognito - Stone Cold Heart,0.2784123935371073,TRAFEVZ128F9340E0C,Billie Holiday - More Than You Know,0.27311655201942614
TRWMODL128F92E7E2A,SOLOBYS12AB017B614,ARUUP451187B9AF56E,Wire,Another The letter,punk,TRFLWJZ128F425C9E4,The Pharcyde - Otha Fish,756.0,TRQAWKR128F425EEC3,Michael Jackson - Man In The Mirror,664.0,TRFUJVJ128F426F2A2,Lauryn Hill - Interlude 5,629.0,TRFLWJZ128F425C9E4,The Pharcyde - Otha Fish,690.975,TRQAWKR128F425EEC3,Michael Jackson - Man In The Mirror,556.73,TRFUJVJ128F426F2A2,Lauryn Hill - Interlude 5,503.88,TRWLKWQ128F92F93D0,Ayreon - Prologue,0.5019715949080146,TRYPKXM128F932A9EE,Cinderella Effect - Israel,0.4722211219286184,TRQNPBZ128F424A1C9,The Itals - In Deh,0.4709452257138419,TRWLKWQ128F92F93D0,Ayreon - Prologue,0.5187057995836745,TRYPKXM128F932A9EE,Cinderella Effect - Israel,0.49053517921735057,TRKNWXK128F4250BEA,Subtle - Requiem for a Dive,0.49046981633151027,TRPFORB128F42626DF,Suicidal Tendencies - Where's The Truth,106.212498721573,TRDPGXU128F9339C2A,Beastie Boys - B-Boy Bouillabaisse: A.W.O.L. (2009 Digital Remaster),93.40809975851506,TRDUSIG12903CA5FCB,Savatage - The Hourglass,91.9470393671787,TRPFORB128F42626DF,Suicidal Tendencies - Where's The Truth,90.90746664062272,TRGTGJR128F92D2C42,Belinda Carlisle - Heaven Is A Place On Earth,63.13579745746695,TRQAWKR128F425EEC3,Michael Jackson - Man In The Mirror,58.064569222204696,TRPFORB128F42626DF,Suicidal Tendencies - Where's The Truth,0.3235988803341967,TRPCYSR128EF35F745,Elton John - Heart In The Right Place,0.25197053771825945,TRPHHFC128F930B8E0,Freedom Call - Flying high,0.23859442296301747,TRPFORB128F42626DF,Suicidal Tendencies - Where's The Truth,0.3578033046748098,TRPCYSR128EF35F745,Elton John - Heart In The Right Place,0.2893396701621511,TRCRZZQ128F4286AF2,Gary Allan - Promise Broken,0.27242058888606313
TRABGYE128E078278A,SODQTSE12A6310D90B,ARUUP451187B9AF56E,Wire,Strange,punk,TRFGJLT128F1491125,Public Enemy - Go Cat Go,982.0,TRDPGXU128F9339C2A,Beastie Boys - B-Boy Bouillabaisse: A.W.O.L. (2009 Digital Remaster),882.0,TRFUJVJ128F426F2A2,Lauryn Hill - Interlude 5,831.0,TRFGJLT128F1491125,Public Enemy - Go Cat Go,937.3600000000013,TRCETEN128F42AD6D0,Bowling For Soup - Here We Go,772.2399999999991,TRFLWJZ128F425C9E4,The Pharcyde - Otha Fish,735.1999999999999,TRVGXWV128F148640B,Kelis - Trilogy,0.44784609422650473,TRERNJZ128F1452EC5,The Departure - Arms Around Me (BBC 6Music Session),0.4218289357093419,TRKMPQS128F932DC13,Belleruche - Bought & Sold,0.41537491408642646,TRVGXWV128F148640B,Kelis - Trilogy,0.4647603253523263,TRERNJZ128F1452EC5,The Departure - Arms Around Me (BBC 6Music Session),0.43923618246435164,TRKMPQS128F932DC13,Belleruche - Bought & Sold,0.4331315117697229,TRDPGXU128F9339C2A,Beastie Boys - B-Boy Bouillabaisse: A.W.O.L. (2009 Digital Remaster),105.26960770885199,TRXJTJZ128F4295464,The Corrs - Queen Of Hollywood ( LP Version ),98.38824239478592,TRUHHWN128F93045BA,Drowning Pool - Bodies,92.72133602030627,TRUHHWN128F93045BA,Drowning Pool - Bodies,82.29620141491655,TRXJTJZ128F4295464,The Corrs - Queen Of Hollywood ( LP Version ),78.71188438067938,TRXPMCA128F421A28C,Dance Hall Crashers - DHC,75.28357737677652,TRSCFSP128F9315B0D,ANJA GARBAREK - Something Written,0.32496472530842985,TRHHMHF128F423F004,Mountain Goats - Have To Explode,0.2685281609518613,TRSBMEI12903CC2C57,Destroyer - Smith,0.2651513664940352,TRSCFSP128F9315B0D,ANJA GARBAREK - Something Written,0.3423330322335168,TRHHMHF128F423F004,Mountain Goats - Have To Explode,0.29526741242232735,TRXPMCA128F421A28C,Dance Hall Crashers - DHC,0.2851284506513003
TRBAQPR128F92F4AB0,SODLLJJ12A8C141D54,ARDT4K91187FB53602,The Wonder Years,Dude_ What Is a Land Pirate?,punk,TRFUJVJ128F426F2A2,Lauryn Hill - Interlude 5,4562.0,TRDPGXU128F9339C2A,Beastie Boys - B-Boy Bouillabaisse: A.W.O.L. (2009 Digital Remaster),3111.0,TREBGAA128E078FC52,Erykah Badu - I Want You,2973.0,TRFUJVJ128F426F2A2,Lauryn Hill - Interlude 5,4182.96,TREBGAA128E078FC52,Erykah Badu - I Want You,2833.6924999999987,TRDPGXU128F9339C2A,Beastie Boys - B-Boy Bouillabaisse: A.W.O.L. (2009 Digital Remaster),2794.0174999999986,TRAORGE12903CBE64B,Chantal Kreviazuk - Ghosts Of You,0.7229487440801527,TRKRVKD128F9327008,Hollywood Undead - Undead,0.7212510847321009,TRXICJK128F1466AA5,Digable Planets - Slowes' Comb/The May 4th Movement starring Doodlebug,0.7042266072233647,TRAORGE12903CBE64B,Chantal Kreviazuk - Ghosts Of You,0.7369038830998202,TRKRVKD128F9327008,Hollywood Undead - Undead,0.7359877238937358,TRXICJK128F1466AA5,Digable Planets - Slowes' Comb/The May 4th Movement starring Doodlebug,0.7194463918810536,TRFUJVJ128F426F2A2,Lauryn Hill - Interlude 5,243.45826175082607,TRYCBLK12903CE6A0E,Twiztid - She Ain't Afraid,196.19770798805664,TRQWDRK128F4241A32,Twista - Overdose (Album Version),196.168656116334,TRYCBLK12903CE6A0E,Twiztid - She Ain't Afraid,116.91022247569371,TRFUJVJ128F426F2A2,Lauryn Hill - Interlude 5,115.43765321280111,TRHPAVK128E078EC9C,Eminem - Ken Kaniff,109.7566419178342,TRFPSBS128F4298DD4,Mayday Parade - I'd Hate To Be You When People Find Out What This Song Is About (Album),0.2653481480053117,TRLMBBV128EF342DF3,Lucie Silvas - Already Gone,0.2645572710476991,TROCPYO128F92F9ADC,Modern Life Is War - Destination: Death or Better Days,0.25595652492832655,TRLMBBV128EF342DF3,Lucie Silvas - Already Gone,0.3271537994611443,TROCPYO128F92F9ADC,Modern Life Is War - Destination: Death or Better Days,0.31931117485255656,TRFPSBS128F4298DD4,Mayday Parade - I'd Hate To Be You When People Find Out What This Song Is About (Album),0.31739900158326395
TRVOTRF128F148AE44,SOYCTSV12A6D4FB43C,ARMKNC21187FB4696B,Dashboard Confessional,Again I Go Unnoticed,punk,TRFUJVJ128F426F2A2,Lauryn Hill - Interlude 5,2719.0,TRDPGXU128F9339C2A,Beastie Boys - B-Boy Bouillabaisse: A.W.O.L. (2009 Digital Remaster),2153.0,TRGLNKG128F9307689,Eminem - My Darling,1924.0,TRFUJVJ128F426F2A2,Lauryn Hill - Interlude 5,2360.2000000000003,TRDPGXU128F9339C2A,Beastie Boys - B-Boy Bouillabaisse: A.W.O.L. (2009 Digital Remaster),1852.9437499999995,TRHNOMB12903CB2544,Life Without Buildings - New Town,1714.068750000001,TRFBASZ128F42317D3,Dawn of Relic - The Awakening,0.5739599552329896,TRDUPRE128F92E9E79,Bebo Norman - Other Side of Day,0.5711380002276907,TRVWMKK128F422AD41,Assemblage 23 - MAPS OF REALITY,0.5653855607305304,TRDUPRE128F92E9E79,Bebo Norman - Other Side of Day,0.5939071978394765,TRFBASZ128F42317D3,Dawn of Relic - The Awakening,0.5927209844460312,TROKRFB12903CA43AC,Majesty - Lord Of The Damned,0.5881893376910972,TRDPGXU128F9339C2A,Beastie Boys - B-Boy Bouillabaisse: A.W.O.L. (2009 Digital Remaster),194.96353205050494,TRDGICW128F42963E2,Recoil - Curse,169.6586838163302,TRFUJVJ128F426F2A2,Lauryn Hill - Interlude 5,165.69033836032773,TRQQLZD128F425E9BC,Alicia Keys - Tell You Something (Nana's Reprise),118.12421142294303,TRVGTSJ128F92DF8E2,Toni Braxton - Breathe Again,114.74686065242369,TRUDNCD128E078F6F3,Jodeci - I'm Still Waiting,108.53572334643106,TREZOUZ128EF352483,The Ponys - Another Wound,0.2814306510488279,TRVDOVH128F42701E5,Left Alone - Lonely Starts & Broken Hearts (Album Version),0.2699161738287285,TRVGTSJ128F92DF8E2,Toni Braxton - Breathe Again,0.25546947864235503,TREZOUZ128EF352483,The Ponys - Another Wound,0.3248885917964122,TRUDNCD128E078F6F3,Jodeci - I'm Still Waiting,0.30567251536617496,TRPZOHE128F424F9A1,Capdown - MV4,0.30287756178462094
TRRERUT128F1477144,SOWSXYV12A58A7CCC3,ARMKNC21187FB4696B,Dashboard Confessional,Carry This Picture,punk,TRFUJVJ128F426F2A2,Lauryn Hill - Interlude 5,2326.0,TRDPGXU128F9339C2A,Beastie Boys - B-Boy Bouillabaisse: A.W.O.L. (2009 Digital Remaster),2230.0,TRCHZXW128E079288A,Eminem - 8 Mile,1875.0,TRFUJVJ128F426F2A2,Lauryn Hill - Interlude 5,2053.68,TRDPGXU128F9339C2A,Beastie Boys - B-Boy Bouillabaisse: A.W.O.L. (2009 Digital Remaster),2002.2649999999996,TRCHZXW128E079288A,Eminem - 8 Mile,1703.1350000000002,TRMGSLI128F93276B8,Andrea Bocelli - I Believe,0.669958103475575,TRZPHVT128F4298109,The Cat Empire - The Car Song,0.6568762642321883,TRAQOSN12903CEFA18,Lacuna Coil - Soul Into Hades,0.6565024415424643,TRMGSLI128F93276B8,Andrea Bocelli - I Believe,0.6850096942744679,TRZPHVT128F4298109,The Cat Empire - The Car Song,0.6729162091835548,TRAQOSN12903CEFA18,Lacuna Coil - Soul Into Hades,0.6728451985810541,TRQDUMO128F92E3896,Binary Star - Honest Expression,145.87346592503204,TRDJOCY128F4294CD5,Kanye West - Diamonds From Sierra Leone,141.65722887248455,TRHKJVR128F42857EA,DJ Quik - Safe + Sound,130.26060186110556,TRDJOCY128F4294CD5,Kanye West - Diamonds From Sierra Leone,83.46199186176526,TRFWYFU128F42A9447,Peter Hammill - Accidents,80.88129234462399,TRKLBDU128F42B8359,Lyfe Jennings - Stingy,80.24014780593136,TRFWYFU128F42A9447,Peter Hammill - Accidents,0.250504141359761,TRUSTCJ128F4259305,Joy Electric - The Cobbler,0.22337996760575865,TRKLBDU128F42B8359,Lyfe Jennings - Stingy,0.22050756547356995,TRFWYFU128F42A9447,Peter Hammill - Accidents,0.28735274564732816,TRKLBDU128F42B8359,Lyfe Jennings - Stingy,0.2689805797028809,TRUSTCJ128F4259305,Joy Electric - The Cobbler,0.26087615623313803
TRHGTHE128F428B4C3,SOVJEHL12A8C13B495,ARPDVPJ1187B9ADBE9,Usher,U R The One,r&b/soul,TRFUJVJ128F426F2A2,Lauryn Hill - Interlude 5,6934.0,TRWSYHO128F4282346,Twista - I'm A Winner (Amended Album Version),6320.0,TRDPGXU128F9339C2A,Beastie Boys - B-Boy Bouillabaisse: A.W.O.L. (2009 Digital Remaster),5203.0,TRFUJVJ128F426F2A2,Lauryn Hill - Interlude 5,6256.879999999999,TRWSYHO128F4282346,Twista - I'm A Winner (Amended Album Version),5877.480000000003,TREBGAA128E078FC52,Erykah Badu - I Want You,4773.140000000005,TRYQPDL128F4265A48,Kat DeLuna - Run The Show,0.6052950963422954,TRWLKBS12903CC57D7,Good Old War - Tell Me (Acoustic),0.5888600530125543,TROKYHH128F9316FAB,Avant - Y.O.U.,0.5831234773691122,TRYQPDL128F4265A48,Kat DeLuna - Run The Show,0.623282822521767,TRWLKBS12903CC57D7,Good Old War - Tell Me (Acoustic),0.6084699092018043,TRYYRLU12903D082FF,Jonny Lang - Breakin Me,0.6025935206912072,TRWZUDO128F1495E26,Prince - I Love U In Me ( LP Version),428.6113834291055,TRRKBRB128EF35E2DA,N-Dubz - Feva Las Vegas,334.3356113384068,TRLNRDG128F429C5E9,Prince - Jack U Off (LP Version),332.1013834105331,TRWZUDO128F1495E26,Prince - I Love U In Me ( LP Version),313.8970057922057,TRLNRDG128F429C5E9,Prince - Jack U Off (LP Version),297.5045622138428,TRRLAFO12903CB2FAD,Aztec Camera - Valium Summer,290.7297105536165,TRLNRDG128F429C5E9,Prince - Jack U Off (LP Version),0.4439648612379087,TRCPRIU128E0784F2B,Jewel - Leave The Lights On (Album Version),0.377435325622591,TRVKKFU128F427EF54,Serge Gainsbourg - New York USA,0.3657637346582136,TRLNRDG128F429C5E9,Prince - Jack U Off (LP Version),0.4710016428569977,TRCPRIU128E0784F2B,Jewel - Leave The Lights On (Album Version),0.40210055303300407,TRJAQUQ128F426757B,Janet Jackson - Never Letchu Go,0.3959011202367519
TREIEOO128F42B0099,SOJPTRM12A8C14003B,ARXOTQH1187FB57084,Chris Brown,Ain't No Way (You Won't Love Me),r&b/soul,TRFUJVJ128F426F2A2,Lauryn Hill - Interlude 5,13073.0,TRWSYHO128F4282346,Twista - I'm A Winner (Amended Album Version),11783.0,TRUGLTC128F4227B93,Danity Kane - Hold Me Down (Album Version),10158.0,TRFUJVJ128F426F2A2,Lauryn Hill - Interlude 5,12222.919999999998,TRWSYHO128F4282346,Twista - I'm A Winner (Amended Album Version),11227.445,TRUGLTC128F4227B93,Danity Kane - Hold Me Down (Album Version),9764.144999999997,TRFYGMB128F425A7A2,Natasha Bedingfield - Stumble,0.8264005546707683,TRENNUC128F427B111,Michael McDonald - You Don't Know Me,0.8226916249738001,TRGTQCP128F932573A,Hilary Duff - Play With Fire,0.8166435280352642,TRFYGMB128F425A7A2,Natasha Bedingfield - Stumble,0.8328130724606821,TRENNUC128F427B111,Michael McDonald - You Don't Know Me,0.8288904529638831,TRGTQCP128F932573A,Hilary Duff - Play With Fire,0.8237734472214339,TRFUJVJ128F426F2A2,Lauryn Hill - Interlude 5,369.96547144721825,TRDPGXU128F9339C2A,Beastie Boys - B-Boy Bouillabaisse: A.W.O.L. (2009 Digital Remaster),317.00441674052934,TRQDUMO128F92E3896,Binary Star - Honest Expression,316.7973104370543,TRQDUMO128F92E3896,Binary Star - Honest Expression,182.3834919274241,TRFUJVJ128F426F2A2,Lauryn Hill - Interlude 5,174.62946777593885,TRJLMAI128F92EBB04,Marques Houston - Naked,152.18655617163625,TRWZWOX128F935A084,Sean Kingston - Magical,0.30671344467603945,TRTXZGM128F428B62B,Toni Braxton - Love Affair,0.3052581936100629,TRPMNRL128F9302AD7,Akon - Be With You,0.29477585376520893,TRTXZGM128F428B62B,Toni Braxton - Love Affair,0.37494109559012667,TRWZWOX128F935A084,Sean Kingston - Magical,0.3721631162915229,TRQDUMO128F92E3896,Binary Star - Honest Expression,0.3691670530764355
TRRZSBO128F428BE44,SOGEKBX12A8C13ACE1,ARPDVPJ1187B9ADBE9,Usher,Nice & Slow,r&b/soul,TRFUJVJ128F426F2A2,Lauryn Hill - Interlude 5,9962.0,TRWSYHO128F4282346,Twista - I'm A Winner (Amended Album Version),7977.0,TREBGAA128E078FC52,Erykah Badu - I Want You,7691.0,TRFUJVJ128F426F2A2,Lauryn Hill - Interlude 5,9185.519999999999,TRWSYHO128F4282346,Twista - I'm A Winner (Amended Album Version),7469.544999999999,TREBGAA128E078FC52,Erykah Badu - I Want You,7405.622499999992,TRCVHTU128F92F6FF7,Avant - I Wanna Know,0.7956996874142246,TRFRZZC128F935F71A,Al Jarreau - Look What You've Done For Me,0.7849504603391724,TRJJTPI128F4276759,Hawthorne Heights - Rescue Me,0.783227527851742,TRCVHTU128F92F6FF7,Avant - I Wanna Know,0.8016240024738276,TRFRZZC128F935F71A,Al Jarreau - Look What You've Done For Me,0.7946939530907705,TRYDNTB128F9331278,Ginuwine - Only When ur Lonely,0.7928351906125909,TRDPGXU128F9339C2A,Beastie Boys - B-Boy Bouillabaisse: A.W.O.L. (2009 Digital Remaster),340.3842602982798,TRCHZXW128E079288A,Eminem - 8 Mile,338.1072693217499,TRFUJVJ128F426F2A2,Lauryn Hill - Interlude 5,327.9129932878327,TRWFFHM128F92F99C4,Chrisette Michele - All I Ever Think About,181.1131819652974,TRJLMAI128F92EBB04,Marques Houston - Naked,174.96976431121283,TRYXYFR128E078C6B5,Digital Underground - Sex Packets (LP Version),174.14725550477516,TRYXYFR128E078C6B5,Digital Underground - Sex Packets (LP Version),0.32751981366062455,TRWXSWA128F1456793,Shai - Waiting For The Day,0.3236310569804447,TRRGBMM128F1454737,Simon Webbe - Star,0.32288475294578556,TRWXSWA128F1456793,Shai - Waiting For The Day,0.3968949654512515,TRYXYFR128E078C6B5,Digital Underground - Sex Packets (LP Version),0.3967760504789644,TRRGBMM128F1454737,Simon Webbe - Star,0.389160303750252
TRMZSRG128F428BE3F,SOPEKWP12A8C138692,ARPDVPJ1187B9ADBE9,Usher,Roni,r&b/soul,TRFUJVJ128F426F2A2,Lauryn Hill - Interlude 5,7646.0,TRWSYHO128F4282346,Twista - I'm A Winner (Amended Album Version),6034.0,TRDPGXU128F9339C2A,Beastie Boys - B-Boy Bouillabaisse: A.W.O.L. (2009 Digital Remaster),5794.0,TRFUJVJ128F426F2A2,Lauryn Hill - Interlude 5,6799.599999999998,TRWSYHO128F4282346,Twista - I'm A Winner (Amended Album Version),5480.85,TRDPGXU128F9339C2A,Beastie Boys - B-Boy Bouillabaisse: A.W.O.L. (2009 Digital Remaster),5086.175000000001,TRAIEIM128F4253EFD,Nick Cave & The Bad Seeds - She Passed By My Window,0.6444843344644129,TRKXMPU128F4222F78,Rickie Lee Jones - My One And Only Love,0.6414283628336325,TRWVXWR128F92CF848,Mark Wills - She's In Love,0.6069380712848191,TRAIEIM128F4253EFD,Nick Cave & The Bad Seeds - She Passed By My Window,0.6558389928781108,TRKXMPU128F4222F78,Rickie Lee Jones - My One And Only Love,0.6554045250103253,TRWVXWR128F92CF848,Mark Wills - She's In Love,0.6211093005385305,TRFUJVJ128F426F2A2,Lauryn Hill - Interlude 5,274.5163899716475,TRLVRJP128F93519FB,Atmosphere - Hair,254.27395602604327,TRCHZXW128E079288A,Eminem - 8 Mile,248.84815040231157,TRUNNEJ12903CD0B0F,Backstreet Boys - She's A Dream,162.3999517428344,TRFUNKE128F4262F96,Jack Ingram - Inna From Mexico,157.13196655662384,TRKSXRS128F14AA089,Natalie Cole - I'm Catching Hell (Living Here Alone) (Digitally Remastered 02),150.42602076672935,TRSAGIL128F42366CE,Leadbelly - Keep Your Hands Off Her,0.3774648941613885,TRALZXZ128F92E26EF,The Jeff Healey Band - My Little Girl,0.2954395674755359,TRBXZUJ12903CD4B12,Little Richard - Lucille,0.27830666264339154,TRSAGIL128F42366CE,Leadbelly - Keep Your Hands Off Her,0.3977052352216641,TRALZXZ128F92E26EF,The Jeff Healey Band - My Little Girl,0.34183610190639185,TRLTTDC128E079380E,Rufus Wainwright - Baby,0.32427125421529573
TRENECR128F92DAC48,SOOPTMD12A8AE46BFE,ARXOTQH1187FB57084,Chris Brown,Damage,r&b/soul,TRFUJVJ128F426F2A2,Lauryn Hill - Interlude 5,9634.0,TRWSYHO128F4282346,Twista - I'm A Winner (Amended Album Version),7770.0,TRDPGXU128F9339C2A,Beastie Boys - B-Boy Bouillabaisse: A.W.O.L. (2009 Digital Remaster),7549.0,TRFUJVJ128F426F2A2,Lauryn Hill - Interlude 5,8868.56,TRWSYHO128F4282346,Twista - I'm A Winner (Amended Album Version),7269.760000000002,TRDPGXU128F9339C2A,Beastie Boys - B-Boy Bouillabaisse: A.W.O.L. (2009 Digital Remaster),6908.88,TRGHYGG12903CAC100,R. Kelly - Kickin' It With Your Girlfriend,0.76191363817201,TRKLJAG128F42B31CF,Mario Vazquez - Everytime I...,0.7608741205530719,TRSTJFQ128F428DA21,Less Than Jake - I Think I Love You,0.7561268850931016,TRGHYGG12903CAC100,R. Kelly - Kickin' It With Your Girlfriend,0.7726274757426965,TREIANS128F147AD97,The Puppini Sisters - I Will Survive,0.7655448766595113,TRKLJAG128F42B31CF,Mario Vazquez - Everytime I...,0.764487062958129,TRFUJVJ128F426F2A2,Lauryn Hill - Interlude 5,385.9815181368236,TRDPGXU128F9339C2A,Beastie Boys - B-Boy Bouillabaisse: A.W.O.L. (2009 Digital Remaster),350.01880973331157,TRGLNKG128F9307689,Eminem - My Darling,319.36440666156005,TRQAWKR128F425EEC3,Michael Jackson - Man In The Mirror,184.56665700159178,TRALKUS128F42384AC,Keith Sweat - Caught Up,181.36410710155212,TRRJQIQ128F429A974,Petey Pablo - Fool For Love,169.21470413513578,TRKGGHK128F42999EF,Britney Spears - Girl In The Mirror,0.2701837762088972,TRPMNBR128F92F9588,The Damned - New Rose,0.2633044235882735,TRFBUYK128F4250654,Melanie Thornton - I Apologize,0.2623278600183978,TRBDCAH128EF362D31,The Pharcyde - Passin' Me By,0.3352522186527724,TRALKUS128F42384AC,Keith Sweat - Caught Up,0.33506974400073847,TREXHBK128F9312A37,Amerie - Higher,0.33207913278948387
TRIAONH128F9340E62,SOCTATF12A58A77508,ARXOTQH1187FB57084,Chris Brown,Gotta Be Ur Man,r&b/soul,TRFUJVJ128F426F2A2,Lauryn Hill - Interlude 5,10876.0,TRWSYHO128F4282346,Twista - I'm A Winner (Amended Album Version),10688.0,TRDPGXU128F9339C2A,Beastie Boys - B-Boy Bouillabaisse: A.W.O.L. (2009 Digital Remaster),9690.0,TRWSYHO128F4282346,Twista - I'm A Winner (Amended Album Version),10114.407500000005,TRFUJVJ128F426F2A2,Lauryn Hill - Interlude 5,9998.320000000003,TREBGAA128E078FC52,Erykah Badu - I Want You,9190.428749999995,TRFBUYK128F4250654,Melanie Thornton - I Apologize,0.6660116624346021,TRVCMBD128E0793863,Blackstreet - Happy Song (Tonite),0.6454507986660474,TRUYSOV12903CED603,Esmée Denters - Getting Over You,0.6318552647829337,TRFBUYK128F4250654,Melanie Thornton - I Apologize,0.6752818566292977,TRVCMBD128E0793863,Blackstreet - Happy Song (Tonite),0.6554619300357529,TRUYSOV12903CED603,Esmée Denters - Getting Over You,0.6420155128969275,TRDPGXU128F9339C2A,Beastie Boys - B-Boy Bouillabaisse: A.W.O.L. (2009 Digital Remaster),283.4737330478692,TRFUJVJ128F426F2A2,Lauryn Hill - Interlude 5,281.74717759297437,TRQAWKR128F425EEC3,Michael Jackson - Man In The Mirror,262.59907838150434,TRMJBIJ128F93391B9,Bow Wow - Sunshine,186.07271783511501,TRQAWKR128F425EEC3,Michael Jackson - Man In The Mirror,182.22481460763112,TRAWCKU128F14771C0,Obie Trice - Hoodrats,175.90101385066964,TRIRVHL128F92F5ECF,Jeff Buckley - Be Your Husband,0.31901032164974974,TRMJBIJ128F93391B9,Bow Wow - Sunshine,0.3059597908302561,TRVBXZK128E07912F1,Beck - Diskobox,0.300054218973006,TRMJBIJ128F93391B9,Bow Wow - Sunshine,0.3700798839173148,TRIRVHL128F92F5ECF,Jeff Buckley - Be Your Husband,0.34707435311371937,TRJLMAI128F92EBB04,Marques Houston - Naked,0.3373282491861591
TRFBNCQ128F9302AD9,SORWAEG12AB0181063,ARCGJ6U1187FB4D01F,Akon,Birthmark,r&b/soul,TRFUJVJ128F426F2A2,Lauryn Hill - Interlude 5,6947.0,TRGLNKG128F9307689,Eminem - My Darling,6664.0,TRLCWTH128F92C7F82,Marques Houston - Cancel (Album Version),6474.0,TRCDMRL12903CB105C,Fatboy Slim - Acid 8000,6199.00625,TRLCWTH128F92C7F82,Marques Houston - Cancel (Album Version),6195.31875,TRGLNKG128F9307689,Eminem - My Darling,6162.81875,TRCFOQP128F42A8E14,Rooney - When Did Your Heart Go Missing?,0.6510524993666104,TRNDLHW128F424EF6B,Jamie Cullum - Where Is Your Heart At?,0.6400030278996303,TRYJQQG128EF34A50A,Eric Burdon - Heart Attack,0.6261639036648725,TRCFOQP128F42A8E14,Rooney - When Did Your Heart Go Missing?,0.6631079631531586,TRNDLHW128F424EF6B,Jamie Cullum - Where Is Your Heart At?,0.6512464047732749,TRYJQQG128EF34A50A,Eric Burdon - Heart Attack,0.6366280096464723,TRFUJVJ128F426F2A2,Lauryn Hill - Interlude 5,397.5830233429394,TRYHHPK128F42A4CAF,Murs - The Dance,306.1772474085768,TRDPGXU128F9339C2A,Beastie Boys - B-Boy Bouillabaisse: A.W.O.L. (2009 Digital Remaster),275.5936142788453,TRFUJVJ128F426F2A2,Lauryn Hill - Interlude 5,186.50074161453213,TRFLWJZ128F425C9E4,The Pharcyde - Otha Fish,156.0756887361911,TRMIFQQ128F9338145,Kenny Lattimore - Forgiveness,154.21834660644495,TRHBGQQ128E07858E2,Kenny Wayne Shepherd - Get It Together (Album Version),0.29754058235627406,TRTHYMJ128EF349A39,The Supremes - When The Lovelight Starts Shining Through His Eyes,0.2871983765988353,TRMIFQQ128F9338145,Kenny Lattimore - Forgiveness,0.28679769676352845,TRMIFQQ128F9338145,Kenny Lattimore - Forgiveness,0.3516271994398018,TRHBGQQ128E07858E2,Kenny Wayne Shepherd - Get It Together (Album Version),0.35058449778470374,TRYYRLU12903D082FF,Jonny Lang - Breakin Me,0.3325029526841824
TRPZAPZ128F9341D3E,SOUFNEL12D021B2AEB,ARLMXEA1187B9A7D04,R. Kelly,Don't You Say No,r&b/soul,TRFUJVJ128F426F2A2,Lauryn Hill - Interlude 5,12606.0,TRWSYHO128F4282346,Twista - I'm A Winner (Amended Album Version),10587.0,TREBGAA128E078FC52,Erykah Badu - I Want You,10461.0,TRFUJVJ128F426F2A2,Lauryn Hill - Interlude 5,11702.559999999998,TREBGAA128E078FC52,Erykah Badu - I Want You,10128.961250000004,TRWSYHO128F4282346,Twista - I'm A Winner (Amended Album Version),9996.572499999998,TRTBBGQ128E078FE63,Kelly Price - Don't Say Goodbye,0.7522952099272395,TRWZCIQ12903C97881,Nat King Cole - If You Can't Smile And Say Yes,0.7420650301266785,TRRREHG128F9319163,Bad Brains - Don't Bother Me (Bad Brains),0.7378691753394993,TRTBBGQ128E078FE63,Kelly Price - Don't Say Goodbye,0.7586327631720818,TRWZCIQ12903C97881,Nat King Cole - If You Can't Smile And Say Yes,0.7486364422954158,TRRREHG128F9319163,Bad Brains - Don't Bother Me (Bad Brains),0.7440107658085171,TRFUJVJ128F426F2A2,Lauryn Hill - Interlude 5,306.41941598857085,TRDPGXU128F9339C2A,Beastie Boys - B-Boy Bouillabaisse: A.W.O.L. (2009 Digital Remaster),298.0774052084465,TRBKQJB128F934EEF7,Ying Yang Twins - 1st Booty On Duty,288.69198307456554,TRUWZJQ128F145E9F7,Afroman - Let's All Get Drunk,190.51436570898247,TRBKQJB128F934EEF7,Ying Yang Twins - 1st Booty On Duty,179.87216853400278,TRAMTEH128F930D496,Bob Marley & The Wailers - Baby We've Got A Date (Rock It Baby),170.98706873780094,TREIBLK128F148642C,The Adicts - Disco,0.3719293277625668,TRMQQGH128F9301E4B,Mutya Buena - Not Your Baby,0.32858627867313456,TRAMTEH128F930D496,Bob Marley & The Wailers - Baby We've Got A Date (Rock It Baby),0.311918099553443,TREIBLK128F148642C,The Adicts - Disco,0.392354549946222,TRMQQGH128F9301E4B,Mutya Buena - Not Your Baby,0.38992366054128114,TRJLMAI128F92EBB04,Marques Houston - Naked,0.36130196645651425
TRGHYGG12903CAC100,SORLWRB12D02199388,ARLMXEA1187B9A7D04,R. Kelly,Kickin' It With Your Girlfriend,r&b/soul,TRFUJVJ128F426F2A2,Lauryn Hill - Interlude 5,14094.0,TRDPGXU128F9339C2A,Beastie Boys - B-Boy Bouillabaisse: A.W.O.L. (2009 Digital Remaster),11069.0,TRWSYHO128F4282346,Twista - I'm A Winner (Amended Album Version),10183.0,TRFUJVJ128F426F2A2,Lauryn Hill - Interlude 5,13063.600000000004,TRDPGXU128F9339C2A,Beastie Boys - B-Boy Bouillabaisse: A.W.O.L. (2009 Digital Remaster),10207.299999999994,TRWSYHO128F4282346,Twista - I'm A Winner (Amended Album Version),9509.599999999999,TRMTJJT128F14636D9,Lloyd Cole - I Didn't Know That You Cared,0.8054190582338904,TRVUUKM128F425FB16,King Tee - Guitar Playin',0.8045662213919829,TROXHLM128F4266510,Blues Traveler - Hook,0.8012645625876568,TRVUUKM128F425FB16,King Tee - Guitar Playin',0.8145099116925839,TRMTJJT128F14636D9,Lloyd Cole - I Didn't Know That You Cared,0.812616247476163,TROXHLM128F4266510,Blues Traveler - Hook,0.81056274154386,TRFUJVJ128F426F2A2,Lauryn Hill - Interlude 5,558.7945561456544,TRDPGXU128F9339C2A,Beastie Boys - B-Boy Bouillabaisse: A.W.O.L. (2009 Digital Remaster),362.9961482926254,TRCHZXW128E079288A,Eminem - 8 Mile,344.5694575077246,TRFUJVJ128F426F2A2,Lauryn Hill - Interlude 5,298.6964807109795,TROIJDA128F9341E70,R. Kelly - I Mean (I Don't Mean It),219.52972312311638,TRNDNKN12903CC8A4C,Dean Martin - Kiss,205.9731278959651,TRGKQYE128F92E235D,Robert Palmer - I Didn't Mean To Turn You On,0.29770485881122355,TRNDNKN12903CC8A4C,Dean Martin - Kiss,0.2937074690888701,TROIJDA128F9341E70,R. Kelly - I Mean (I Don't Mean It),0.29132591319659745,TROIJDA128F9341E70,R. Kelly - I Mean (I Don't Mean It),0.3814190543515246,TRFUJVJ128F426F2A2,Lauryn Hill - Interlude 5,0.37956575112795027,TRNDNKN12903CC8A4C,Dean Martin - Kiss,0.3615699065059029
TRNEYNN128F92C21F7,SOZEFCO12D02193313,ARLMXEA1187B9A7D04,R. Kelly,Rise Up,r&b/soul,TRFUJVJ128F426F2A2,Lauryn Hill - Interlude 5,10890.0,TRWSYHO128F4282346,Twista - I'm A Winner (Amended Album Version),7320.0,TRGLNKG128F9307689,Eminem - My Darling,6627.0,TRFUJVJ128F426F2A2,Lauryn Hill - Interlude 5,9971.84,TRWSYHO128F4282346,Twista - I'm A Winner (Amended Album Version),6719.952500000001,TRGLNKG128F9307689,Eminem - My Darling,6065.001250000001,TRTKAVS128F93096FD,Flobots - Rise,0.6339983306142607,TRWRUQO128F14733DD,Big Moe - S.U.C.,0.591337959695673,TROJJKH128F425C8D8,The Pharcyde - Hey You,0.5895153146253336,TRTKAVS128F93096FD,Flobots - Rise,0.6433912692526554,TRWRUQO128F14733DD,Big Moe - S.U.C.,0.6102263991013114,TRKRVKD128F9327008,Hollywood Undead - Undead,0.6080880249973781,TRFUJVJ128F426F2A2,Lauryn Hill - Interlude 5,373.78033599012764,TRHGZOJ128F14A2ED0,The Simpsons - Do The Bartman,351.816014314408,TRTKAVS128F93096FD,Flobots - Rise,351.4945713257898,TRTKAVS128F93096FD,Flobots - Rise,285.02598796258013,TRBCSDW128F424D686,The Maine - You Left Me,213.9574570009341,TRHGZOJ128F14A2ED0,The Simpsons - Do The Bartman,213.58652572060987,TRTKAVS128F93096FD,Flobots - Rise,0.35985952726674425,TRDAYRK12903CFDBFB,Dierks Bentley - You Hold Me Together,0.3098787860371043,TREJWGR12903CA8F6A,John Waite - Sometimes,0.2935673150633467,TRTKAVS128F93096FD,Flobots - Rise,0.40904857264662137,TRDAYRK12903CFDBFB,Dierks Bentley - You Hold Me Together,0.36587520006317226,TREJWGR12903CA8F6A,John Waite - Sometimes,0.3468124025513812
TRRSRXG128E07888AF,SOTFWWF12A67020F44,ARKSZW81187B9B695D,Mariah Carey,Joy Ride,r&b/soul,TRFUJVJ128F426F2A2,Lauryn Hill - Interlude 5,5978.0,TRDPGXU128F9339C2A,Beastie Boys - B-Boy Bouillabaisse: A.W.O.L. (2009 Digital Remaster),3913.0,TREBGAA128E078FC52,Erykah Badu - I Want You,3615.0,TRFUJVJ128F426F2A2,Lauryn Hill - Interlude 5,5297.200000000001,TREBGAA128E078FC52,Erykah Badu - I Want You,3364.7875,TRDPGXU128F9339C2A,Beastie Boys - B-Boy Bouillabaisse: A.W.O.L. (2009 Digital Remaster),3343.6625000000013,TRWZWOX128F935A084,Sean Kingston - Magical,0.6240508179681284,TROKOBJ12903CAF917,Leo Sayer - We've Got Ourselves In Love ,0.5720641754026765,TRAILGJ128F1485985,Ima Robot - Lovers In Captivity,0.5645432967544293,TRWZWOX128F935A084,Sean Kingston - Magical,0.6387220652219261,TROKOBJ12903CAF917,Leo Sayer - We've Got Ourselves In Love ,0.5877012958842254,TRAILGJ128F1485985,Ima Robot - Lovers In Captivity,0.5866690473739425,TRDPGXU128F9339C2A,Beastie Boys - B-Boy Bouillabaisse: A.W.O.L. (2009 Digital Remaster),293.29429835599535,TRFUJVJ128F426F2A2,Lauryn Hill - Interlude 5,290.527389939955,TROYKQM128F428CCED,OutKast - Mainstream,251.98770689435855,TRZNEII128F93319A2,Kristine W - Strings,188.2666241363153,TRGGPDR128F42A56FC,Ledisi - Joy,186.7937107017314,TRCGAVX12903CFBC61,Ashanti - Rock Wit U (Awww Baby),175.8438272870449,TRGGPDR128F42A56FC,Ledisi - Joy,0.28734850225719477,TRZNEII128F93319A2,Kristine W - Strings,0.26058977762626284,TRJBIOE128F92FAC94,Bodyrockers - Round & Round,0.25923526134210395,TRGGPDR128F42A56FC,Ledisi - Joy,0.3288244131536544,TRZNEII128F93319A2,Kristine W - Strings,0.31819694474548194,TRPSOTP128E0785533,Keith Sweat - Make You Sweat (LP Version),0.3051928277282076
TRONPIZ128F1454219,SOKLOOH12A6D4F6EED,ARKSZW81187B9B695D,Mariah Carey,Sprung,r&b/soul,TRFUJVJ128F426F2A2,Lauryn Hill - Interlude 5,7470.0,TRWSYHO128F4282346,Twista - I'm A Winner (Amended Album Version),6233.0,TREBGAA128E078FC52,Erykah Badu - I Want You,5537.0,TRFUJVJ128F426F2A2,Lauryn Hill - Interlude 5,6969.52,TRWSYHO128F4282346,Twista - I'm A Winner (Amended Album Version),5905.919999999996,TREBGAA128E078FC52,Erykah Badu - I Want You,5353.059999999999,TRJJTPI128F4276759,Hawthorne Heights - Rescue Me,0.760832450852295,TRKRPKE128E07946D4,Thalia - Alguien Real (Baby_ I'm In Love),0.7333586244217453,TRGNWZK128F42960A4,Syleena Johnson - All Of Me,0.7178373169875946,TRJJTPI128F4276759,Hawthorne Heights - Rescue Me,0.7695548776058522,TRKRPKE128E07946D4,Thalia - Alguien Real (Baby_ I'm In Love),0.7429012771406109,TRKNLNM128F1488556,Amos Lee - Supply & Demand,0.7272235120130154,TRFMKJY128F92E89F1,Big Brovaz - Find A Way,439.2249573056319,TRFDCNQ128F1459669,Fats Domino - I'm Ready,399.5421169610136,TRKQJBJ128F4241A45,Twista - No Remorse (Album Version),398.10440575691,TRFMKJY128F92E89F1,Big Brovaz - Find A Way,374.9519259389168,TRFDCNQ128F1459669,Fats Domino - I'm Ready,372.8485578377738,TRRUKSD128F9322FEF,Jill Scott - Brotha,327.4227790021164,TRFDCNQ128F1459669,Fats Domino - I'm Ready,0.585320410164188,TRCQZCM128F425FD8C,Blink-182 - GO,0.5229843719898793,TRMRQPP128F9306AE2,Chenoa - Why You Doing Like That,0.5211361091949243,TRFDCNQ128F1459669,Fats Domino - I'm Ready,0.601758523742586,TRCQZCM128F425FD8C,Blink-182 - GO,0.5440927610524088,TRMRQPP128F9306AE2,Chenoa - Why You Doing Like That,0.5435719665128824
TRJKYAO128F427420D,SOSEWHU12A8AE484E5,ARKSZW81187B9B695D,Luther Vandross,Never Too Much,r&b/soul,TRFUJVJ128F426F2A2,Lauryn Hill - Interlude 5,5725.0,TRDPGXU128F9339C2A,Beastie Boys - B-Boy Bouillabaisse: A.W.O.L. (2009 Digital Remaster),4898.0,TRWSYHO128F4282346,Twista - I'm A Winner (Amended Album Version),4695.0,TRFUJVJ128F426F2A2,Lauryn Hill - Interlude 5,5171.159999999998,TRDPGXU128F9339C2A,Beastie Boys - B-Boy Bouillabaisse: A.W.O.L. (2009 Digital Remaster),4434.83625,TRWSYHO128F4282346,Twista - I'm A Winner (Amended Album Version),4333.047500000001,TREENNZ128F145B67D,Nat King Cole - She's Funny That Way,0.7032174376959985,TRNBBTI128F4287F41,Phyllis Hyman - Heavenly,0.6563588954880673,TRZFWHP12903D13D18,Webb Pierce - I Ain't Never,0.6515009824513526,TREENNZ128F145B67D,Nat King Cole - She's Funny That Way,0.7143768184647186,TRNBBTI128F4287F41,Phyllis Hyman - Heavenly,0.670283038538176,TRZFWHP12903D13D18,Webb Pierce - I Ain't Never,0.6629547835554959,TRDPGXU128F9339C2A,Beastie Boys - B-Boy Bouillabaisse: A.W.O.L. (2009 Digital Remaster),234.6848109752633,TRFUJVJ128F426F2A2,Lauryn Hill - Interlude 5,230.0291001739928,TRCHZXW128E079288A,Eminem - 8 Mile,202.9769293836364,TRZSQNU128F1461A9A,Eternal - Oh Baby I,131.24136163589327,TRNKKTV128F92DE53A,Michelle Williams - Stop This Car,129.30370581083136,TRBAHFN128E0794EEE,Hayseed Dixie - Touch Too Much,125.45738670603544,TRVSBVC128F930251F,The Selecter - Too Much Pressure,0.3233938642948247,TRZSQNU128F1461A9A,Eternal - Oh Baby I,0.29989576689758596,TREENNZ128F145B67D,Nat King Cole - She's Funny That Way,0.29446422611235457,TRVSBVC128F930251F,The Selecter - Too Much Pressure,0.35984513512950134,TRZSQNU128F1461A9A,Eternal - Oh Baby I,0.35673421238042013,TREENNZ128F145B67D,Nat King Cole - She's Funny That Way,0.3447390790416459
TRYGRKO128F9343244,SOMBFBA12A8C13D236,ARLMXEA1187B9A7D04,R. Kelly,Chocolate Factory,r&b/soul,TRFUJVJ128F426F2A2,Lauryn Hill - Interlude 5,3809.0,TRDPGXU128F9339C2A,Beastie Boys - B-Boy Bouillabaisse: A.W.O.L. (2009 Digital Remaster),3532.0,TRGLNKG128F9307689,Eminem - My Darling,2817.0,TRFUJVJ128F426F2A2,Lauryn Hill - Interlude 5,3282.7599999999984,TRDPGXU128F9339C2A,Beastie Boys - B-Boy Bouillabaisse: A.W.O.L. (2009 Digital Remaster),3091.9175000000014,TRGLNKG128F9307689,Eminem - My Darling,2494.8924999999995,TRFLXHF128F145903A,Clifford T Ward - A Day To Myself,0.6204585287408612,TRNKEPV128F425A56C,Clannad - Second Nature,0.5890147315015483,TRTIMMH128F92F2122,Joan Baez - The Lily Of The West,0.5793977069078244,TRFLXHF128F145903A,Clifford T Ward - A Day To Myself,0.6412161312134071,TRNKEPV128F425A56C,Clannad - Second Nature,0.6090663306209653,TRSSUAV128F148D60F,Toby Keith - Sweet,0.6026763524231216,TRWZUDO128F1495E26,Prince - I Love U In Me ( LP Version),403.3703576307844,TRRKBRB128EF35E2DA,N-Dubz - Feva Las Vegas,329.4854651611472,TRFUJVJ128F426F2A2,Lauryn Hill - Interlude 5,300.9584320893575,TRWZUDO128F1495E26,Prince - I Love U In Me ( LP Version),268.89331331340867,TRLNRDG128F429C5E9,Prince - Jack U Off (LP Version),241.352871305785,TRRKBRB128EF35E2DA,N-Dubz - Feva Las Vegas,219.83999481733133,TRLNRDG128F429C5E9,Prince - Jack U Off (LP Version),0.41590704724405425,TRTUBMJ128F148AD6D,Long Beach Dub Allstars - It Ain't Easy,0.36143604824579034,TRCPRIU128E0784F2B,Jewel - Leave The Lights On (Album Version),0.352482814377723,TRLNRDG128F429C5E9,Prince - Jack U Off (LP Version),0.45114678323486274,TRTUBMJ128F148AD6D,Long Beach Dub Allstars - It Ain't Easy,0.4018349891278673,TRIJACB128E0792AD9,Pulp - Space,0.386229220973003
TROIJDA128F9341E70,SOCUXGX12A8C13B78C,ARLMXEA1187B9A7D04,R. Kelly,I Mean (I Don't Mean It),r&b/soul,TREBGAA128E078FC52,Erykah Badu - I Want You,15433.0,TRFUJVJ128F426F2A2,Lauryn Hill - Interlude 5,15352.0,TRWSYHO128F4282346,Twista - I'm A Winner (Amended Album Version),14738.0,TREBGAA128E078FC52,Erykah Badu - I Want You,15011.696249999999,TRFUJVJ128F426F2A2,Lauryn Hill - Interlude 5,14205.679999999998,TRWSYHO128F4282346,Twista - I'm A Winner (Amended Album Version),13988.842499999995,TRDQNSS128F4240C31,Millencolin - Random I Am (Album Version),0.8111011647829028,TRAFLMU128F4274A4D,G-Unit - I Don't Want To Talk About It,0.8013249120972711,TRNLKLH128EF340A43,Macy Gray - Shoo Be Doo,0.7968875277543405,TRDQNSS128F4240C31,Millencolin - Random I Am (Album Version),0.8159029279039322,TRAFLMU128F4274A4D,G-Unit - I Don't Want To Talk About It,0.8070928945766809,TRNLKLH128EF340A43,Macy Gray - Shoo Be Doo,0.8027817649452463,TRFUJVJ128F426F2A2,Lauryn Hill - Interlude 5,500.7263201223468,TRDPGXU128F9339C2A,Beastie Boys - B-Boy Bouillabaisse: A.W.O.L. (2009 Digital Remaster),411.46451208290966,TRQGLNM128F42618C6,The Isley Brothers - Touch Me,363.7618134269622,TRGHYGG12903CAC100,R. Kelly - Kickin' It With Your Girlfriend,219.52972312311638,TRFUJVJ128F426F2A2,Lauryn Hill - Interlude 5,219.0785560102447,TRQGLNM128F42618C6,The Isley Brothers - Touch Me,205.24790037779184,TRGKQYE128F92E235D,Robert Palmer - I Didn't Mean To Turn You On,0.3655850620736269,TRPWXBN128F146942D,Maxi Priest - Are You Ready For Me,0.3124994192922844,TRZHFGK128F423B618,Sharon Jones & The Dap-Kings - Tell Me,0.30947908457482043,TRGKQYE128F92E235D,Robert Palmer - I Didn't Mean To Turn You On,0.41028684912976165,TRGHYGG12903CAC100,R. Kelly - Kickin' It With Your Girlfriend,0.3814190543515246,TRUBEUP128F42634A4,Jon B. - Do It All Again,0.38017233235622944
TRXTJGV12903CAC0F8,SOJYYAN12A58A790B1,ARLMXEA1187B9A7D04,R. Kelly,In The Kitchen,r&b/soul,TRFUJVJ128F426F2A2,Lauryn Hill - Interlude 5,6246.0,TRWSYHO128F4282346,Twista - I'm A Winner (Amended Album Version),5069.0,TRDPGXU128F9339C2A,Beastie Boys - B-Boy Bouillabaisse: A.W.O.L. (2009 Digital Remaster),4548.0,TRFUJVJ128F426F2A2,Lauryn Hill - Interlude 5,5719.759999999998,TRWSYHO128F4282346,Twista - I'm A Winner (Amended Album Version),4725.085000000001,TRDPGXU128F9339C2A,Beastie Boys - B-Boy Bouillabaisse: A.W.O.L. (2009 Digital Remaster),4107.9175,TRSBDFP128F4226F52,Honeycut - Crowded Avenue,0.7004818479809723,TRTUEDO12903CE3D8F,Grandmaster Flash - Them Jeans,0.662508587209184,TRJWGLF128F149960E,Scooter - Time And Space,0.6615650972414121,TRSBDFP128F4226F52,Honeycut - Crowded Avenue,0.7127793183019134,TRTUEDO12903CE3D8F,Grandmaster Flash - Them Jeans,0.6798007357955193,TRJWGLF128F149960E,Scooter - Time And Space,0.676231874450324,TRQWDRK128F4241A32,Twista - Overdose (Album Version),262.89755294928625,TRDPGXU128F9339C2A,Beastie Boys - B-Boy Bouillabaisse: A.W.O.L. (2009 Digital Remaster),245.18908576572403,TRFUJVJ128F426F2A2,Lauryn Hill - Interlude 5,228.35856732999017,TRQWDRK128F4241A32,Twista - Overdose (Album Version),155.49024717322237,TREPPUG128F9301FAB,Black Eyed Peas - Sexy,147.62463855726028,TRGUBSR128E0786082,DMX - Keep Your Shit The Hardest,142.79620548879257,TREPPUG128F9301FAB,Black Eyed Peas - Sexy,0.3065441757656849,TRIYNIM128F145F8FA,Ohio Players - It's All Over,0.29768217015943427,TRNFIAC128F42A038C,John Fogerty - Rock And Roll Girls,0.2821729657335981,TREPPUG128F9301FAB,Black Eyed Peas - Sexy,0.3650841423926582,TRIYNIM128F145F8FA,Ohio Players - It's All Over,0.3392506144532915,TRNFIAC128F42A038C,John Fogerty - Rock And Roll Girls,0.3242510068745289
TRTWRQD12903CA9E3B,SOCDGAR12AB018CE44,AR52EZT1187B9900BF,Alicia Keys,Distance And Time,r&b/soul,TRFUJVJ128F426F2A2,Lauryn Hill - Interlude 5,7585.0,TRWSYHO128F4282346,Twista - I'm A Winner (Amended Album Version),6058.0,TREBGAA128E078FC52,Erykah Badu - I Want You,5574.0,TRFUJVJ128F426F2A2,Lauryn Hill - Interlude 5,7027.48,TRWSYHO128F4282346,Twista - I'm A Winner (Amended Album Version),5693.642500000002,TREBGAA128E078FC52,Erykah Badu - I Want You,5369.096249999999,TRNJMKH128F426749E,Beverley Craven - Promise Me,0.7490276349915052,TRLVIKC12903CF81B9,Burden Of A Day - My Forfeit,0.7466283244194527,TRLQBZP12903CECC4A,Hello Saferide - Get Sick Soon,0.7359497950074497,TRNJMKH128F426749E,Beverley Craven - Promise Me,0.7570662057946991,TRLVIKC12903CF81B9,Burden Of A Day - My Forfeit,0.7529463437055041,TRLQBZP12903CECC4A,Hello Saferide - Get Sick Soon,0.7442999089215008,TRCHZXW128E079288A,Eminem - 8 Mile,221.79335720548386,TRFUJVJ128F426F2A2,Lauryn Hill - Interlude 5,214.84260961132424,TRDPGXU128F9339C2A,Beastie Boys - B-Boy Bouillabaisse: A.W.O.L. (2009 Digital Remaster),180.9461900536881,TRZSQNU128F1461A9A,Eternal - Oh Baby I,130.40637998312,TRGWIOA128F42B63E7,Curve - Coming Up Roses,125.59313900090372,TRFFSMS128F428BC88,Enrique Iglesias - Miss You,112.08847152045945,TRTQOXV128E0786E3C,Alphaville - 20th Century,0.28918233764563045,TRZSQNU128F1461A9A,Eternal - Oh Baby I,0.28614503297688637,TRGWIOA128F42B63E7,Curve - Coming Up Roses,0.2768733472136603,TRZSQNU128F1461A9A,Eternal - Oh Baby I,0.3359006378188237,TRNXDRD128F92DCE10,Burt Bacharach - The Look Of Love,0.3346781688653845,TRTQOXV128E0786E3C,Alphaville - 20th Century,0.3304828551159952
TRWPMRK12903CCDA98,SOWGUXF12AB0185700,AR52EZT1187B9900BF,Alicia Keys,Lover Man,r&b/soul,TRFUJVJ128F426F2A2,Lauryn Hill - Interlude 5,3217.0,TRDPGXU128F9339C2A,Beastie Boys - B-Boy Bouillabaisse: A.W.O.L. (2009 Digital Remaster),2711.0,TRQAWKR128F425EEC3,Michael Jackson - Man In The Mirror,2666.0,TRFUJVJ128F426F2A2,Lauryn Hill - Interlude 5,2814.040000000001,TRDPGXU128F9339C2A,Beastie Boys - B-Boy Bouillabaisse: A.W.O.L. (2009 Digital Remaster),2374.0137499999996,TRQAWKR128F425EEC3,Michael Jackson - Man In The Mirror,2320.527500000001,TRFATUU128F4265A15,Diana King - Can't Do Without You,0.6017517605220215,TROPSVL128F4265DF5,Cree Summer - Miss Moon,0.5719131442477137,TRLVRJP128F93519FB,Atmosphere - Hair,0.5710016377612563,TRFATUU128F4265A15,Diana King - Can't Do Without You,0.6243711147554825,TRLVRJP128F93519FB,Atmosphere - Hair,0.6008355745387922,TRXVRUP12903CFD9F3,The Jazz Butcher - She's On Drugs,0.5942881807609091,TRFUJVJ128F426F2A2,Lauryn Hill - Interlude 5,244.73448057198615,TRDPGXU128F9339C2A,Beastie Boys - B-Boy Bouillabaisse: A.W.O.L. (2009 Digital Remaster),223.55577664649053,TRDUSIG12903CA5FCB,Savatage - The Hourglass,219.9165761865232,TRQAWKR128F425EEC3,Michael Jackson - Man In The Mirror,140.34999590547392,TRUYSOV12903CED603,Esmée Denters - Getting Over You,126.45346104014553,TRDOQOR128F42A64EC,Talib Kweli - Eat To Live (Album Version),124.30755389425431,TROWDHT128F4281FA3,Bo Diddley - You Can't Judge A Book By It's Cover,0.32011698155298923,TRQXNOX128F1460E10,Kurt Elling - Moonlight Serenade,0.27983756611067107,TRWEHQE128F935A2D6,Ray Charles - I Got a Woman,0.27499377704369526,TROWDHT128F4281FA3,Bo Diddley - You Can't Judge A Book By It's Cover,0.35660441019103556,TRQXNOX128F1460E10,Kurt Elling - Moonlight Serenade,0.3412742845034766,TRWEHQE128F935A2D6,Ray Charles - I Got a Woman,0.32585379652674473
TRMTTBA128F429A7EC,SOSYUFF12A8C13C104,AR52EZT1187B9900BF,Alicia Keys,Nobody Not Really (Interlude),r&b/soul,TRDPGXU128F9339C2A,Beastie Boys - B-Boy Bouillabaisse: A.W.O.L. (2009 Digital Remaster),1334.0,TRCHZXW128E079288A,Eminem - 8 Mile,1294.0,TRBEBJO128C719646B,Nelly - Splurge,1197.0,TRDPGXU128F9339C2A,Beastie Boys - B-Boy Bouillabaisse: A.W.O.L. (2009 Digital Remaster),1193.97375,TRCHZXW128E079288A,Eminem - 8 Mile,1188.3262499999998,TRBEBJO128C719646B,Nelly - Splurge,1113.6212500000001,TRNNLCQ128F426E87E,Charley Patton - Down The Dirt Road Blues,0.6312766868257763,TRRCMIA12903CE8562,Raine Maida - Confessional,0.6208224040895401,TRVJKTB128F4262283,The Distillers - I Understand,0.6159081682266514,TRNNLCQ128F426E87E,Charley Patton - Down The Dirt Road Blues,0.6474070486194551,TRRCMIA12903CE8562,Raine Maida - Confessional,0.6363525156940442,TRSXWOE12903CA7F6E,Z-RO - Pain,0.6339575874126033,TRFUJVJ128F426F2A2,Lauryn Hill - Interlude 5,123.95858571012674,TREADOS128E078EC1F,Eminem - If I Had,103.59041313123254,TRBEBJO128C719646B,Nelly - Splurge,102.41435990082972,TRELUOS128F421EE24,Blind Willie McTell - Come On Around To My House Mama,76.2803375642025,TRGHIZH128F92EED3B,John Legend - Everybody Knows,71.33545355052827,TROHAHB128F4284DCA,Lou Reed - So Alone,71.18987647643951,TRVRMUG128E0791E50,Eels - Jeannie's Diary,0.34915985296179763,TREMJCL128F1484AB4,Irma Thomas - Anyone Who Knows What Love Is (Will Understand),0.3223764409568978,TRRHITI128F146A084,Roxy Music - A Really Good Time (1999 Digital Remaster),0.307196819686624,TRVRMUG128E0791E50,Eels - Jeannie's Diary,0.3806325400023502,TRRHITI128F146A084,Roxy Music - A Really Good Time (1999 Digital Remaster),0.3523018819448431,TREMJCL128F1484AB4,Irma Thomas - Anyone Who Knows What Love Is (Will Understand),0.34868303902965203
TRWCVWH128F4284EE5,SOIYWLQ12AF729E318,AR52EZT1187B9900BF,Alicia Keys,Piano & I,r&b/soul,TRFUJVJ128F426F2A2,Lauryn Hill - Interlude 5,2512.0,TREBGAA128E078FC52,Erykah Badu - I Want You,1823.0,TRWSYHO128F4282346,Twista - I'm A Winner (Amended Album Version),1817.0,TRFUJVJ128F426F2A2,Lauryn Hill - Interlude 5,2300.4,TREBGAA128E078FC52,Erykah Badu - I Want You,1745.2312499999991,TRWSYHO128F4282346,Twista - I'm A Winner (Amended Album Version),1678.7125,TRSEYKD128F427F46E,Frankie J - Without You,0.700425079264079,TRYXJHS128F429E02B,Permanent Me - Heartattack,0.6862140417806574,TRETHYH128F9307A6A,Big Star - I Am The Cosmos,0.6823445677126566,TRSEYKD128F427F46E,Frankie J - Without You,0.7143777594370054,TRYXJHS128F429E02B,Permanent Me - Heartattack,0.7003016797456236,TRQDUMO128F92E3896,Binary Star - Honest Expression,0.6938942827239063,TRFUJVJ128F426F2A2,Lauryn Hill - Interlude 5,175.66382368032964,TRZARUP128F9348146,KMD - Plumskinzz (Loose Hoe_ God & Cupid),172.26309915696,TRPUEFZ128F146269E,Onyx - Slam,169.4720424126083,TRPUEFZ128F146269E,Onyx - Slam,131.2778274327253,TRHDXOY128F42B3BE9,Onyx - Slam Harder,131.2778274327253,TRZARUP128F9348146,KMD - Plumskinzz (Loose Hoe_ God & Cupid),128.50424784970411,TRYXXWR12903CA7191,Korn - Lowrider,0.36526089270861306,TRFUMBG128F92E3BDE,Grand Puba - Alamo,0.32924491306122944,TRXLHRU128F14A1C5F,Le Tigre - Fake French,0.3291950858623885,TRYXXWR12903CA7191,Korn - Lowrider,0.3789991092870976,TRZARUP128F9348146,KMD - Plumskinzz (Loose Hoe_ God & Cupid),0.36883124766022013,TRSEYKD128F427F46E,Frankie J - Without You,0.3653888920650079
TRQQLZD128F425E9BC,SOYSABZ12A58A7CAE3,AR52EZT1187B9900BF,Alicia Keys,Tell You Something (Nana's Reprise),r&b/soul,TROIJDA128F9341E70,R. Kelly - I Mean (I Don't Mean It),10886.0,TRFUJVJ128F426F2A2,Lauryn Hill - Interlude 5,10599.0,TRWSYHO128F4282346,Twista - I'm A Winner (Amended Album Version),10137.0,TROIJDA128F9341E70,R. Kelly - I Mean (I Don't Mean It),10438.997500000001,TREBGAA128E078FC52,Erykah Badu - I Want You,9596.832499999997,TRFUJVJ128F426F2A2,Lauryn Hill - Interlude 5,9542.840000000002,TRFWLDO128F93613DF,Joe Bonamassa - Ball Peen Hammer,0.7507985656833613,TROSCTL128F423EAF8,Kristin Hersh - Tuesday Night,0.7474520358606185,TRTXZGM128F428B62B,Toni Braxton - Love Affair,0.718280246031699,TRFWLDO128F93613DF,Joe Bonamassa - Ball Peen Hammer,0.7577329900309941,TROSCTL128F423EAF8,Kristin Hersh - Tuesday Night,0.7529684585909909,TRTXZGM128F428B62B,Toni Braxton - Love Affair,0.728642464567285,TRFUJVJ128F426F2A2,Lauryn Hill - Interlude 5,423.3556570381262,TRZCHKB128F92CB740,Anastacia - Club Megamix,359.4098923965321,TRDPGXU128F9339C2A,Beastie Boys - B-Boy Bouillabaisse: A.W.O.L. (2009 Digital Remaster),312.7498767959153,TRZCHKB128F92CB740,Anastacia - Club Megamix,243.94379449353383,TRHYZQR128F428F5C5,Kanye West - Can't Tell Me Nothing,214.75593953645793,TRVJCDB128F4263466,Kandi - I Wanna Know,199.289771461105,TRSRQVI128F92E3718,Chromeo - Destination: Overdrive,0.32994837191089943,TRBOZJG128F92EC1F5,Vetiver - Everyday,0.31393665421241507,TRILDNT128F1451F15,Blink-182 - Adam's Song,0.3006878007048544,TRZCHKB128F92CB740,Anastacia - Club Megamix,0.3771013154360699,TRSRQVI128F92E3718,Chromeo - Destination: Overdrive,0.36766484939776306,TRBOZJG128F92EC1F5,Vetiver - Everyday,0.36233870562283593
TREAJBV12903CCDA96,SOVRMZU12AB017FE90,AR52EZT1187B9900BF,Alicia Keys,Try Sleeping With A Broken Heart,r&b/soul,TRFUJVJ128F426F2A2,Lauryn Hill - Interlude 5,6576.0,TRWSYHO128F4282346,Twista - I'm A Winner (Amended Album Version),6558.0,TRUGLTC128F4227B93,Danity Kane - Hold Me Down (Album Version),5179.0,TRWSYHO128F4282346,Twista - I'm A Winner (Amended Album Version),6205.6675,TRFUJVJ128F426F2A2,Lauryn Hill - Interlude 5,6036.879999999999,TRUGLTC128F4227B93,Danity Kane - Hold Me Down (Album Version),4929.217499999997,TRQYLYP12903CC26F6,Barry White - Never Gonna Give You Up,0.7361024823542599,TRRXFHO128EF3550BC,Erin McKeown - Fast As I Can,0.7283450461951201,TRSDDPK128F146AF76,Liz Phair - Go On Ahead,0.7230047045140288,TRQYLYP12903CC26F6,Barry White - Never Gonna Give You Up,0.7471438392071987,TRRXFHO128EF3550BC,Erin McKeown - Fast As I Can,0.7386625116069997,TRSDDPK128F146AF76,Liz Phair - Go On Ahead,0.7337378235957301,TRFUJVJ128F426F2A2,Lauryn Hill - Interlude 5,220.2971473042937,TRGLNKG128F9307689,Eminem - My Darling,211.27397498499354,TRBERRB128F932D534,Dar Williams - Mortal City,197.9127996865906,TRRXFHO128EF3550BC,Erin McKeown - Fast As I Can,147.56691264231867,TRMIFQQ128F9338145,Kenny Lattimore - Forgiveness,119.92195023806595,TROTJIT128F145E017,Status Quo - Going Down Town Tonight,119.31655586050168,TRRXFHO128EF3550BC,Erin McKeown - Fast As I Can,0.38907201635391814,TRDXHIR128F930E030,Bob Marley - Soul Shakedown,0.29866935994719446,TRJLUJJ128F426AA9F,Doris Day - (Why Did I Tell You I Was Going To) Shanghai,0.28976077057342614,TRRXFHO128EF3550BC,Erin McKeown - Fast As I Can,0.42931324511907,TRMIFQQ128F9338145,Kenny Lattimore - Forgiveness,0.33566782559352204,TRDCQNE128F4247EFA,Ashton Shepherd - Lost In You,0.33534470393367416
TRDFWVZ128F4284EF0,SODFKEG12AF72A4E66,AR52EZT1187B9900BF,Alicia Keys,Why Do I Feel So Sad,r&b/soul,TRFUJVJ128F426F2A2,Lauryn Hill - Interlude 5,4790.0,TRDPGXU128F9339C2A,Beastie Boys - B-Boy Bouillabaisse: A.W.O.L. (2009 Digital Remaster),3914.0,TROIJDA128F9341E70,R. Kelly - I Mean (I Don't Mean It),3563.0,TRFUJVJ128F426F2A2,Lauryn Hill - Interlude 5,4302.4000000000015,TRDPGXU128F9339C2A,Beastie Boys - B-Boy Bouillabaisse: A.W.O.L. (2009 Digital Remaster),3506.231249999999,TREBGAA128E078FC52,Erykah Badu - I Want You,3379.7937500000016,TROYGTB128F14564F4,Brian McKnight - Try Our Love Again,0.6298417705784747,TRVVBPB128F4250C72,Classified - Freezin In The Cold,0.6269207802431402,TRJVYHL128F14B042C,Todd Rundgren - Lost Horizon,0.6231852304928328,TROYGTB128F14564F4,Brian McKnight - Try Our Love Again,0.6445239751840335,TRVVBPB128F4250C72,Classified - Freezin In The Cold,0.6420790364874662,TRJVYHL128F14B042C,Todd Rundgren - Lost Horizon,0.6381369851541883,TRFUJVJ128F426F2A2,Lauryn Hill - Interlude 5,265.29150599877363,TRCHZXW128E079288A,Eminem - 8 Mile,220.8462657357814,TRKSXRS128F14AA089,Natalie Cole - I'm Catching Hell (Living Here Alone) (Digitally Remastered 02),187.82277193517362,TRFUJVJ128F426F2A2,Lauryn Hill - Interlude 5,136.32772150945164,TRUITJJ128F4226AA6,Cibelle - Hate,135.29075330501902,TRKSXRS128F14AA089,Natalie Cole - I'm Catching Hell (Living Here Alone) (Digitally Remastered 02),133.25475355417933,TRUITJJ128F4226AA6,Cibelle - Hate,0.3135748165054532,TRWLKBS12903CC57D7,Good Old War - Tell Me (Acoustic),0.3015739255671644,TROSRFJ128F428A759,The Ataris - You Need A Hug,0.29731786304211427,TRWLKBS12903CC57D7,Good Old War - Tell Me (Acoustic),0.35275443040353904,TRUITJJ128F4226AA6,Cibelle - Hate,0.3446396153680151,TROSRFJ128F428A759,The Ataris - You Need A Hug,0.3374500313281787
TRFRUCJ128F4284EF2,SOKILIB12D021B411C,AR52EZT1187B9900BF,Alicia Keys,Lovin U,r&b/soul,TRFUJVJ128F426F2A2,Lauryn Hill - Interlude 5,5212.0,TRWSYHO128F4282346,Twista - I'm A Winner (Amended Album Version),4441.0,TREBGAA128E078FC52,Erykah Badu - I Want You,3631.0,TRFUJVJ128F426F2A2,Lauryn Hill - Interlude 5,4873.44,TRWSYHO128F4282346,Twista - I'm A Winner (Amended Album Version),4219.74,TREBGAA128E078FC52,Erykah Badu - I Want You,3506.5700000000015,TRLVLVB128F4262D4E,Keziah Jones - Rhythm Is Love,0.7179394169433777,TRMAMOW128F145EC1E,Commodores - Easy,0.6976826480524541,TRQFRHF128C71968AA,The Charlatans - Dead Love,0.6973701640573707,TRLVLVB128F4262D4E,Keziah Jones - Rhythm Is Love,0.7254014990236552,TRMAMOW128F145EC1E,Commodores - Easy,0.705784941127987,TRQFRHF128C71968AA,The Charlatans - Dead Love,0.7042652437384412,TRMAMOW128F145EC1E,Commodores - Easy,133.52164498261845,TRFUJVJ128F426F2A2,Lauryn Hill - Interlude 5,130.06208471462477,TRCYLAX128F42B0D01,Aretha Franklin - A Deeper Love,125.36776713074077,TRMAMOW128F145EC1E,Commodores - Easy,112.02270762025624,TRCYLAX128F42B0D01,Aretha Franklin - A Deeper Love,108.33557184728467,TRCLAQP128F428C798,Boyz II Men - Easy,107.2877095578343,TRCLAQP128F428C798,Boyz II Men - Easy,0.4107191666147858,TRZOWKJ128F149D2DD,RJD2 - Work It Out,0.39392373102682254,TRVTMNR128F4264BF1,Harry Connick_ Jr. - Easy To Love,0.3696530440051225,TRCLAQP128F428C798,Boyz II Men - Easy,0.43413465345933105,TRZOWKJ128F149D2DD,RJD2 - Work It Out,0.40641978618796076,TRVTMNR128F4264BF1,Harry Connick_ Jr. - Easy To Love,0.3920374063285143
TRXONIT128F9355F39,SOMSIJG12AF72AD5CE,ARQFENL121318C58A6,Jeremih,My Ride,r&b/soul,TRDPGXU128F9339C2A,Beastie Boys - B-Boy Bouillabaisse: A.W.O.L. (2009 Digital Remaster),9603.0,TRFUJVJ128F426F2A2,Lauryn Hill - Interlude 5,8911.0,TRRSNPA128F148C45E,The Roots - Mellow My Man,8571.0,TRDPGXU128F9339C2A,Beastie Boys - B-Boy Bouillabaisse: A.W.O.L. (2009 Digital Remaster),8784.384999999997,TRRSNPA128F148C45E,The Roots - Mellow My Man,8134.095000000005,TRLTYLK128F92FE6FF,Britney Spears - Radar,8063.105000000004,TRISBQQ128F93217A2,2Pac - Strictly 4 My N.I.G.G.A.Z.,0.7341236733773961,TRWAFQY128F425EE78,Anita Baker - In My Heart,0.7277660288484668,TRTMQWK128F4241384,Kottonmouth Kings - Bump,0.7001852146215012,TRISBQQ128F93217A2,2Pac - Strictly 4 My N.I.G.G.A.Z.,0.7439650839750799,TRWAFQY128F425EE78,Anita Baker - In My Heart,0.7329966718162472,TRTMQWK128F4241384,Kottonmouth Kings - Bump,0.71157910341231,TRDPGXU128F9339C2A,Beastie Boys - B-Boy Bouillabaisse: A.W.O.L. (2009 Digital Remaster),472.2573754395757,TRZBKVK128F9346298,Kurupt - Who Ride Wit Us,376.2428814003425,TRKQJBJ128F4241A45,Twista - No Remorse (Album Version),338.21693781388177,TRZBKVK128F9346298,Kurupt - Who Ride Wit Us,310.90793581620466,TRDPGXU128F9339C2A,Beastie Boys - B-Boy Bouillabaisse: A.W.O.L. (2009 Digital Remaster),242.7482023184093,TRCEYQJ128E07862DE,Jay-Z - So Ghetto,218.4707334644205,TRZBKVK128F9346298,Kurupt - Who Ride Wit Us,0.42117977955582314,TRCBPPY128F42AF43A,Ruben Studdard - To Da Crib,0.3323524011098515,TRBQMTA128F9311CD0,Rose Royce - Is It Love You're After,0.29501549087662243,TRZBKVK128F9346298,Kurupt - Who Ride Wit Us,0.4671549938674788,TRCBPPY128F42AF43A,Ruben Studdard - To Da Crib,0.3936849326971028,TRNKKTV128F92DE53A,Michelle Williams - Stop This Car,0.36733049845837273
TRURHNH128F9355F33,SONEKBK12AB017C335,ARQFENL121318C58A6,Jeremih,Starting All Over,r&b/soul,TRFUJVJ128F426F2A2,Lauryn Hill - Interlude 5,4309.0,TRCHZXW128E079288A,Eminem - 8 Mile,3490.0,TRDPGXU128F9339C2A,Beastie Boys - B-Boy Bouillabaisse: A.W.O.L. (2009 Digital Remaster),3463.0,TRFUJVJ128F426F2A2,Lauryn Hill - Interlude 5,3797.479999999999,TRCHZXW128E079288A,Eminem - 8 Mile,3167.1725,TRDPGXU128F9339C2A,Beastie Boys - B-Boy Bouillabaisse: A.W.O.L. (2009 Digital Remaster),3035.2275000000022,TRCHZXW128E079288A,Eminem - 8 Mile,0.6271918266894302,TRSWQYN128F92FAAB6,Ashley MacIsaac - I Don't Need This,0.592642030261735,TROXHLM128F4266510,Blues Traveler - Hook,0.5885484971867396,TRCHZXW128E079288A,Eminem - 8 Mile,0.6495884013992241,TRSWQYN128F92FAAB6,Ashley MacIsaac - I Don't Need This,0.611775290321498,TROXHLM128F4266510,Blues Traveler - Hook,0.6103125256089723,TRFUJVJ128F426F2A2,Lauryn Hill - Interlude 5,344.3650297567397,TRZARUP128F9348146,KMD - Plumskinzz (Loose Hoe_ God & Cupid),297.94431992073265,TRHDXOY128F42B3BE9,Onyx - Slam Harder,279.4620077077541,TRZARUP128F9348146,KMD - Plumskinzz (Loose Hoe_ God & Cupid),206.0735169059759,TRPUEFZ128F146269E,Onyx - Slam,199.27404353835934,TRHDXOY128F42B3BE9,Onyx - Slam Harder,199.27404353835934,TRYLINA128F1459E1C,Shania Twain - I'm Not In The Mood (To Say No)!,0.325079682293638,TRFUMBG128F92E3BDE,Grand Puba - Alamo,0.32054842590851035,TRHJAUP128F145E735,Pat Travers - I La La La Love You,0.31109319415572473,TRYLINA128F1459E1C,Shania Twain - I'm Not In The Mood (To Say No)!,0.3659891186315041,TRZARUP128F9348146,KMD - Plumskinzz (Loose Hoe_ God & Cupid),0.35745689437927325,TRUNEHG128F9320309,Afroman - Life of Tha Party,0.3551622039684088
TRBVOUE128F92F4B3E,SOLYDSR12D021902F1,ARIL5841187FB5C061,Duffy,Oh Boy,r&b/soul,TRDPGXU128F9339C2A,Beastie Boys - B-Boy Bouillabaisse: A.W.O.L. (2009 Digital Remaster),2633.0,TRFUJVJ128F426F2A2,Lauryn Hill - Interlude 5,2569.0,TRWSYHO128F4282346,Twista - I'm A Winner (Amended Album Version),2391.0,TRDPGXU128F9339C2A,Beastie Boys - B-Boy Bouillabaisse: A.W.O.L. (2009 Digital Remaster),2405.265000000001,TRFUJVJ128F426F2A2,Lauryn Hill - Interlude 5,2296.6800000000003,TRWSYHO128F4282346,Twista - I'm A Winner (Amended Album Version),2213.0300000000007,TRQXHBL128F42A56FE,Ledisi - Best Friend,0.6963203494162432,TRLNJKO128F1468770,Hank Thompson - Drivin' Nails In My Coffin,0.637539351488773,TRGNBRZ128F9300AF5,Elmore James - Dust My Broom,0.6366238587498829,TRQXHBL128F42A56FE,Ledisi - Best Friend,0.7071243832816302,TRGIGND128F92D45AA,Canned Heat - Dust My Broom,0.6477884457189971,TRGNBRZ128F9300AF5,Elmore James - Dust My Broom,0.6477884457189971,TRFUJVJ128F426F2A2,Lauryn Hill - Interlude 5,180.0666004576095,TRDPGXU128F9339C2A,Beastie Boys - B-Boy Bouillabaisse: A.W.O.L. (2009 Digital Remaster),152.9758198656222,TROVSGS128F4274CEE,Aceyalone - Mr. Outsider,146.6178929971062,TRPUAPX128E07929F5,Lisa Loeb - Jake,104.93718326780153,TRAATUB128F9341737,Judy Collins - Cat's In The Cradle,104.50297692587114,TRPZMHP128F146607F,Suzi Quatro - Mama's Boy,99.67270730945074,TRTIUIY128F14884B4,Iggy Pop - Home,0.3048802420717712,TRPUAPX128E07929F5,Lisa Loeb - Jake,0.29921932995363043,TRMYEPQ128E0791D78,Extreme - Li'l Jack Horny,0.2858430021204714,TRPUAPX128E07929F5,Lisa Loeb - Jake,0.34321169164313536,TRTIUIY128F14884B4,Iggy Pop - Home,0.34036205468217556,TRMYEPQ128E0791D78,Extreme - Li'l Jack Horny,0.3171266674670007
TRTAKII128F92E4449,SOKHIOI12A8C141E73,AR9B7FG1187B9A5C96,Jay Sean,Maybe,r&b/soul,TRFUJVJ128F426F2A2,Lauryn Hill - Interlude 5,6853.0,TRWSYHO128F4282346,Twista - I'm A Winner (Amended Album Version),5753.0,TRDPGXU128F9339C2A,Beastie Boys - B-Boy Bouillabaisse: A.W.O.L. (2009 Digital Remaster),5463.0,TRFUJVJ128F426F2A2,Lauryn Hill - Interlude 5,6289.959999999998,TRWSYHO128F4282346,Twista - I'm A Winner (Amended Album Version),5385.034999999998,TRDPGXU128F9339C2A,Beastie Boys - B-Boy Bouillabaisse: A.W.O.L. (2009 Digital Remaster),4992.142500000002,TRISFKH128F9336E63,Beastie Boys - So What'Cha Want (Butt Naked Version) (Explicit) (2009 Digital Remaster),0.7100214544337948,TRFUNRS128F9346BF4,Tony Sly - On the Outside,0.7039429337813322,TRVDYZC128F4268761,Billie Holiday - Guilty,0.7029649713313034,TRISFKH128F9336E63,Beastie Boys - So What'Cha Want (Butt Naked Version) (Explicit) (2009 Digital Remaster),0.7227825087115289,TRFUNRS128F9346BF4,Tony Sly - On the Outside,0.7184094559523317,TRZCHKB128F92CB740,Anastacia - Club Megamix,0.716773835196622,TRDPGXU128F9339C2A,Beastie Boys - B-Boy Bouillabaisse: A.W.O.L. (2009 Digital Remaster),261.33115732740237,TRFUJVJ128F426F2A2,Lauryn Hill - Interlude 5,242.29758877133136,TRXJCKL128EF33FA0C,K-OS - FlyPaper,226.3508593037454,TRXJCKL128EF33FA0C,K-OS - FlyPaper,147.98085795602466,TRALKUS128F42384AC,Keith Sweat - Caught Up,146.42611570771817,TRAEVAA128E0793391,Samantha Mumba - Feelin Is Right,139.04709325902522,TRCLRJF128F9349B59,Rebelution - Safe and Sound,0.25943337200902855,TRNZDUD128F930B288,Poverty's no Crime - Left to chance,0.2547754599016344,TRVDYZC128F4268761,Billie Holiday - Guilty,0.24089734480380057,TRCLRJF128F9349B59,Rebelution - Safe and Sound,0.3101815648363682,TRXJCKL128EF33FA0C,K-OS - FlyPaper,0.2997822604024765,TRVSQLY128F428B1B5,Michael Penn - Evenfall,0.2922305359939758
TRSHMDQ128F422C1D6,SOZBCSN12A8AE46F93,AR9B7FG1187B9A5C96,Jay Sean,Stuck In the Middle,r&b/soul,TRFUJVJ128F426F2A2,Lauryn Hill - Interlude 5,12543.0,TRWSYHO128F4282346,Twista - I'm A Winner (Amended Album Version),9064.0,TRDPGXU128F9339C2A,Beastie Boys - B-Boy Bouillabaisse: A.W.O.L. (2009 Digital Remaster),7895.0,TRFUJVJ128F426F2A2,Lauryn Hill - Interlude 5,11689.24,TRWSYHO128F4282346,Twista - I'm A Winner (Amended Album Version),8506.04,TRDPGXU128F9339C2A,Beastie Boys - B-Boy Bouillabaisse: A.W.O.L. (2009 Digital Remaster),7181.020000000002,TRMUITB128F428ADAC,Kevon Edmonds - Never Love You,0.784742605464517,TRFUJVJ128F426F2A2,Lauryn Hill - Interlude 5,0.7693226301741964,TRANDPI128F425AF41,Alice Smith - Dream,0.7458603994855599,TRMUITB128F428ADAC,Kevon Edmonds - Never Love You,0.7918194852832479,TRFUJVJ128F426F2A2,Lauryn Hill - Interlude 5,0.7813905814818588,TRDTUUY128F427C92C,Blood_ Sweat & Tears - So Much Love/Underture,0.7586963367206558,TRFUJVJ128F426F2A2,Lauryn Hill - Interlude 5,400.5723634903157,TRDPGXU128F9339C2A,Beastie Boys - B-Boy Bouillabaisse: A.W.O.L. (2009 Digital Remaster),399.5316928725319,TRCHZXW128E079288A,Eminem - 8 Mile,341.32159801364116,TRFUJVJ128F426F2A2,Lauryn Hill - Interlude 5,185.7123321133893,TRDPGXU128F9339C2A,Beastie Boys - B-Boy Bouillabaisse: A.W.O.L. (2009 Digital Remaster),180.53292760706236,TRUPCGD128F4282340,Omarion - I'm Gon' Change,176.85084819893063,TRXKKSZ12903CB6EFF,Saint Etienne - Stop & Think It Over,0.3156167684263595,TRQYLEW128F421AB33,David Ball - Loser Friendly,0.3091788646679147,TRFYBJS128F145F5FA,Sammie - I Like It (Remix),0.2851580816333416,TRXKKSZ12903CB6EFF,Saint Etienne - Stop & Think It Over,0.3695105278815795,TRQYLEW128F421AB33,David Ball - Loser Friendly,0.3667132418788477,TRFYBJS128F145F5FA,Sammie - I Like It (Remix),0.3518508660536345
TRENMSO128F42AF485,SOUXXLG12A8C13EB34,AR8DTD41187FB51ED9,Fantasia,Bump What Your Friends Say,r&b/soul,TRFUJVJ128F426F2A2,Lauryn Hill - Interlude 5,6506.0,TRWSYHO128F4282346,Twista - I'm A Winner (Amended Album Version),5421.0,TRGLNKG128F9307689,Eminem - My Darling,4687.0,TRFUJVJ128F426F2A2,Lauryn Hill - Interlude 5,5994.480000000002,TRWSYHO128F4282346,Twista - I'm A Winner (Amended Album Version),5086.704999999998,TRGLNKG128F9307689,Eminem - My Darling,4373.9025,TRPZKHL128F1456B3B,KeKe Wyatt - If Only You Knew,0.7909399977424434,TRIJRST128E0793392,Samantha Mumba - Never Meant To Be,0.7895894412033136,TRGLNKG128F9307689,Eminem - My Darling,0.7851881946889966,TRPZKHL128F1456B3B,KeKe Wyatt - If Only You Knew,0.8008762357886852,TRIJRST128E0793392,Samantha Mumba - Never Meant To Be,0.7985221585138622,TRGLNKG128F9307689,Eminem - My Darling,0.7966009691032254,TRFUJVJ128F426F2A2,Lauryn Hill - Interlude 5,284.8549163243094,TRDPGXU128F9339C2A,Beastie Boys - B-Boy Bouillabaisse: A.W.O.L. (2009 Digital Remaster),261.3754754637549,TRGLNKG128F9307689,Eminem - My Darling,245.79634135830685,TRGLNKG128F9307689,Eminem - My Darling,135.43479003979792,TRMVPVK128F93462DE,Kurupt - Ho's A Housewife,130.81810050347653,TRVQVOK128F423C8B6,Bette Midler - Friends/Oh My My (LIve),129.14419347133656,TRIJRST128E0793392,Samantha Mumba - Never Meant To Be,0.2887336945306702,TRHIZHZ128F4295EFA,Backstreet Boys - Don't Want You Back,0.28102723122506834,TRPJMVW128F92C274A,Gretchen Wilson - One Of The Boys,0.2744191985716967,TRIJRST128E0793392,Samantha Mumba - Never Meant To Be,0.3436257293412151,TRVQVOK128F423C8B6,Bette Midler - Friends/Oh My My (LIve),0.3370640538938301,TRHIZHZ128F4295EFA,Backstreet Boys - Don't Want You Back,0.33499008904590066
TRTSASI12903CC26E8,SOUSVDG12AB018B099,AR20CFC1187B98A25D,Ray Charles,Smack Dab In The Middle,r&b/soul,TRFUJVJ128F426F2A2,Lauryn Hill - Interlude 5,2713.0,TRDPGXU128F9339C2A,Beastie Boys - B-Boy Bouillabaisse: A.W.O.L. (2009 Digital Remaster),2404.0,TRWSYHO128F4282346,Twista - I'm A Winner (Amended Album Version),1728.0,TRFUJVJ128F426F2A2,Lauryn Hill - Interlude 5,2431.4800000000005,TRDPGXU128F9339C2A,Beastie Boys - B-Boy Bouillabaisse: A.W.O.L. (2009 Digital Remaster),2168.5712500000004,TRFLWJZ128F425C9E4,The Pharcyde - Otha Fish,1568.6937500000004,TRMAVQT128F4270DBF,Johnny Cash - Man In White,0.6453548413846796,TRFAIBW128F428B7A6,RKL - Heavily Sedated,0.6233725214676973,TRHKJVR128F42857EA,DJ Quik - Safe + Sound,0.6226368219733805,TRMAVQT128F4270DBF,Johnny Cash - Man In White,0.6620915663576615,TRHKJVR128F42857EA,DJ Quik - Safe + Sound,0.6414018459548891,TRFAIBW128F428B7A6,RKL - Heavily Sedated,0.6401788058649073,TRDPGXU128F9339C2A,Beastie Boys - B-Boy Bouillabaisse: A.W.O.L. (2009 Digital Remaster),191.0755890727922,TRFUJVJ128F426F2A2,Lauryn Hill - Interlude 5,167.88169343180374,TRQJITX12903CB95EA,T-Bone - Throw Ya Handz Up,159.41118256334101,TRQJITX12903CB95EA,T-Bone - Throw Ya Handz Up,113.48919541514925,TRKBZBS128F148328F,Fergie - Get Your Hands Up,106.46457799834727,TRCSWQR128F146292C,Pat Travers - Is This Love,100.95014098057875,TRCSWQR128F146292C,Pat Travers - Is This Love,0.2832520096555887,TRYWLDI128F92FE846,Ike & Tina Turner - Rock Me Baby,0.2819916900445033,TRPCLEM128F92CD1FF,T. Rex - 20th Century Boy,0.2776949442742955,TRCSWQR128F146292C,Pat Travers - Is This Love,0.3159483169485602,TRYWLDI128F92FE846,Ike & Tina Turner - Rock Me Baby,0.3083068117381085,TRPCLEM128F92CD1FF,T. Rex - 20th Century Boy,0.30748071404327393
TRNZNSR128F429F04B,SOIFMOR12A8C13C0CD,AR20CFC1187B98A25D,Ray Charles,Don't You Know,r&b/soul,TRFUJVJ128F426F2A2,Lauryn Hill - Interlude 5,3485.0,TRWSYHO128F4282346,Twista - I'm A Winner (Amended Album Version),3029.0,TREXCMT128F933D825,Vanilla Ice - It's A Party,2829.0,TRFUJVJ128F426F2A2,Lauryn Hill - Interlude 5,3117.000000000001,TRWSYHO128F4282346,Twista - I'm A Winner (Amended Album Version),2788.5,TREXCMT128F933D825,Vanilla Ice - It's A Party,2660.499999999999,TRJLMAI128F92EBB04,Marques Houston - Naked,0.6655444221016603,TRCDLUM128F9331CA9,Usher - Love Was Here,0.6529901625776058,TRYOUMI128E078F4DE,K-Ci & JoJo - Baby Come Back,0.6356607600794257,TRJLMAI128F92EBB04,Marques Houston - Naked,0.6809337442010978,TRCDLUM128F9331CA9,Usher - Love Was Here,0.667025812177734,TRYOUMI128E078F4DE,K-Ci & JoJo - Baby Come Back,0.6464082644947164,TRDPGXU128F9339C2A,Beastie Boys - B-Boy Bouillabaisse: A.W.O.L. (2009 Digital Remaster),175.5753098419033,TRNVKOI128E0799173,Snoop Dogg - Snoopafella (Edited),161.83312301908305,TRFUJVJ128F426F2A2,Lauryn Hill - Interlude 5,160.4161078739365,TRTVVYX128F9328DBA,Sugarland - Baby Girl,100.03900550715873,TRCDLUM128F9331CA9,Usher - Love Was Here,98.26532343879866,TRHYJKU128F9351A14,Atmosphere - Breathing,96.6807978574075,TRHSWOG128F4257515,Gregory Isaac - Soon Forward,0.4127289727054445,TRZPSAF128F9349767,Ray Charles - Kiss me baby,0.33780220262876715,TRYWLDI128F92FE846,Ike & Tina Turner - Rock Me Baby,0.3004064713784358,TRHSWOG128F4257515,Gregory Isaac - Soon Forward,0.439648187509295,TRZPSAF128F9349767,Ray Charles - Kiss me baby,0.37040570583983995,TRNFUAB128E0792001,The Temptations - Ain't Too Proud To Beg,0.32885064567251365
TRWFFHM128F92F99C4,SOJVLDB12AB017ACC4,ARZCS0M1187FB52EAB,Chrisette Michele,All I Ever Think About,r&b/soul,TRFUJVJ128F426F2A2,Lauryn Hill - Interlude 5,11542.0,TRWSYHO128F4282346,Twista - I'm A Winner (Amended Album Version),9801.0,TREBGAA128E078FC52,Erykah Badu - I Want You,8584.0,TRFUJVJ128F426F2A2,Lauryn Hill - Interlude 5,10701.119999999999,TRWSYHO128F4282346,Twista - I'm A Winner (Amended Album Version),9251.4575,TREBGAA128E078FC52,Erykah Badu - I Want You,8274.953750000004,TRNHSZN128F930FF03,Clawfinger - Revenge,0.8072168604545494,TRSTJFQ128F428DA21,Less Than Jake - I Think I Love You,0.7867425057098518,TRZCHKB128F92CB740,Anastacia - Club Megamix,0.7782621352796931,TRNHSZN128F930FF03,Clawfinger - Revenge,0.8142825507596168,TRSTJFQ128F428DA21,Less Than Jake - I Think I Love You,0.7932896443459375,TRZCHKB128F92CB740,Anastacia - Club Megamix,0.7887256894352089,TRFUJVJ128F426F2A2,Lauryn Hill - Interlude 5,364.4309352430657,TRQDUMO128F92E3896,Binary Star - Honest Expression,304.9952529575443,TRBEBJO128C719646B,Nelly - Splurge,287.3879026933968,TRBEBJO128C719646B,Nelly - Splurge,186.50958419846404,TRRZSBO128F428BE44,Usher - Nice & Slow,181.1131819652974,TRZCHKB128F92CB740,Anastacia - Club Megamix,163.5026916379964,TRRZSBO128F428BE44,Usher - Nice & Slow,0.30965317608635956,TRLGCXQ128F1496464,Stevie Wonder - If You Really Love Me,0.2793177406274758,TRZVEJU128F4234F4E,Descendents - Talking,0.271551623136147,TRRZSBO128F428BE44,Usher - Nice & Slow,0.37980143836002334,TRMTSMP128F92F621B,N-Dubz - Sex,0.34350825189128814,TRWXSWA128F1456793,Shai - Waiting For The Day,0.337434805334469
TRDIOJU128F931BF15,SOPGSCU12D0219384E,ARRZUPG11F43A69EF7,Jackson 5,(You Were Made) Especially For Me,r&b/soul,TRFUJVJ128F426F2A2,Lauryn Hill - Interlude 5,4829.0,TRWSYHO128F4282346,Twista - I'm A Winner (Amended Album Version),4158.0,TRUGLTC128F4227B93,Danity Kane - Hold Me Down (Album Version),4154.0,TRFUJVJ128F426F2A2,Lauryn Hill - Interlude 5,4422.36,TRUGLTC128F4227B93,Danity Kane - Hold Me Down (Album Version),3965.5975,TRWSYHO128F4282346,Twista - I'm A Winner (Amended Album Version),3892.2475000000004,TRMQQGH128F9301E4B,Mutya Buena - Not Your Baby,0.7087265340880129,TRRREHG128F9319163,Bad Brains - Don't Bother Me (Bad Brains),0.6912720310629554,TRMVGKO128E078552F,Keith Sweat - Give Me What I Want (LP Version),0.6864304361861895,TRMQQGH128F9301E4B,Mutya Buena - Not Your Baby,0.7181279436425172,TRRREHG128F9319163,Bad Brains - Don't Bother Me (Bad Brains),0.6992731139591825,TRMVGKO128E078552F,Keith Sweat - Give Me What I Want (LP Version),0.6950701136452101,TRMOHUN128F424DEE6,The Puppini Sisters - Don't Sit Under The Apple Tree,201.39091191071603,TRRZFQA128F425F1A3,Newton Faulkner - Dream Catch Me,196.1197568278907,TRGLNKG128F9307689,Eminem - My Darling,180.26704869351974,TRMOHUN128F424DEE6,The Puppini Sisters - Don't Sit Under The Apple Tree,185.43212234708875,TRRZFQA128F425F1A3,Newton Faulkner - Dream Catch Me,176.70306438950453,TRUGLTC128F4227B93,Danity Kane - Hold Me Down (Album Version),136.23687262630204,TREMJCL128F1484AB4,Irma Thomas - Anyone Who Knows What Love Is (Will Understand),0.4087507758473522,TRMOHUN128F424DEE6,The Puppini Sisters - Don't Sit Under The Apple Tree,0.4009683534119336,TRRZFQA128F425F1A3,Newton Faulkner - Dream Catch Me,0.3821611332219786,TREMJCL128F1484AB4,Irma Thomas - Anyone Who Knows What Love Is (Will Understand),0.4281212897783685,TRMOHUN128F424DEE6,The Puppini Sisters - Don't Sit Under The Apple Tree,0.4209489384911443,TRRZFQA128F425F1A3,Newton Faulkner - Dream Catch Me,0.40670860935890657
TRGYQBU128F9342C87,SONQNNF12D021B4C46,ARRZUPG11F43A69EF7,Jackson 5,I Was Made To Love Her,r&b/soul,TRFUJVJ128F426F2A2,Lauryn Hill - Interlude 5,4024.0,TRDPGXU128F9339C2A,Beastie Boys - B-Boy Bouillabaisse: A.W.O.L. (2009 Digital Remaster),3548.0,TRCHZXW128E079288A,Eminem - 8 Mile,3165.0,TRFUJVJ128F426F2A2,Lauryn Hill - Interlude 5,3600.799999999999,TRDPGXU128F9339C2A,Beastie Boys - B-Boy Bouillabaisse: A.W.O.L. (2009 Digital Remaster),3194.0874999999987,TRCHZXW128E079288A,Eminem - 8 Mile,2897.9124999999985,TRIGERV128F1478764,Con Funk Shun - Electric Lady,0.6717570958821724,TRFAWIW128F9318B9B,Doyle Bramhall - Cryin',0.6656897044213879,TRQRKRR128F423FBED,The Knack - Heartbeat,0.6438404970303326,TRIGERV128F1478764,Con Funk Shun - Electric Lady,0.6857146191861955,TRFAWIW128F9318B9B,Doyle Bramhall - Cryin',0.676659820504948,TRQRKRR128F423FBED,The Knack - Heartbeat,0.6536816666540793,TRFUJVJ128F426F2A2,Lauryn Hill - Interlude 5,264.89032443208606,TRDPGXU128F9339C2A,Beastie Boys - B-Boy Bouillabaisse: A.W.O.L. (2009 Digital Remaster),194.81095633296025,TRHJRZH128F428BC86,Hayseed Dixie - Black Dog,181.34135382552188,TRHJRZH128F428BC86,Hayseed Dixie - Black Dog,147.21559623861512,TRFUJVJ128F426F2A2,Lauryn Hill - Interlude 5,130.52807704873175,TRMRMTN128F92D426F,James Taylor - It's Growing,126.74448303952148,TRMBUXS128E0780EF9,Busted - Build Me Up Buttercup,0.32571425019545236,TRHJRZH128F428BC86,Hayseed Dixie - Black Dog,0.32097994318405754,TRJAPND128F42507C5,Simian Mobile Disco - I BELIEVE,0.30550030623040436,TRMBUXS128E0780EF9,Busted - Build Me Up Buttercup,0.368666603920696,TRHJRZH128F428BC86,Hayseed Dixie - Black Dog,0.36799774609352626,TRJAPND128F42507C5,Simian Mobile Disco - I BELIEVE,0.3501061772410168
TRVBSAC128F42B6438,SOAPRQO12AF72A2410,ARRZUPG11F43A69EF7,Jackson 5,Bridge Over Troubled Water,r&b/soul,TRWSYHO128F4282346,Twista - I'm A Winner (Amended Album Version),2693.0,TRFUJVJ128F426F2A2,Lauryn Hill - Interlude 5,2692.0,TRDPGXU128F9339C2A,Beastie Boys - B-Boy Bouillabaisse: A.W.O.L. (2009 Digital Remaster),2554.0,TRWSYHO128F4282346,Twista - I'm A Winner (Amended Album Version),2489.7775,TRFUJVJ128F426F2A2,Lauryn Hill - Interlude 5,2381.0400000000004,TRDPGXU128F9339C2A,Beastie Boys - B-Boy Bouillabaisse: A.W.O.L. (2009 Digital Remaster),2293.95125,TRMMKHM128E078EFB3,Boyz II Men - To The Limit,0.6467640477207864,TRWKDZE128F1451EAC,The Dells - It's All Up To You,0.6311256320471421,TRUYHIL128F92E4B2C,Annihilator - Hunter killer,0.6301345510454475,TRMMKHM128E078EFB3,Boyz II Men - To The Limit,0.6548276156745451,TRWKDZE128F1451EAC,The Dells - It's All Up To You,0.6423193478847731,TRUYHIL128F92E4B2C,Annihilator - Hunter killer,0.6392556245833328,TROYKQM128F428CCED,OutKast - Mainstream,157.7449753530563,TRWNLAK128C7196461,Warren G - Keepin' It Strong,153.8842371736918,TRDPGXU128F9339C2A,Beastie Boys - B-Boy Bouillabaisse: A.W.O.L. (2009 Digital Remaster),153.37040427794682,TRFTEXX128F426B193,Johnny Winter - Lay Down Your Sorrows,107.61246389329293,TRDDTJP128F42437DA,Mississippi Fred McDowell - When I Lay My Burden Down,106.54211054384213,TRXJPBO128F145F3ED,Tanya Tucker - Some Kind Of Trouble,104.00651214346247,TRDDTJP128F42437DA,Mississippi Fred McDowell - When I Lay My Burden Down,0.4521305373219107,TRFTEXX128F426B193,Johnny Winter - Lay Down Your Sorrows,0.30886412510195727,TRUIBFH128F146CBCD,Stellastarr* - Sweet Troubled Soul,0.25841326276033616,TRDDTJP128F42437DA,Mississippi Fred McDowell - When I Lay My Burden Down,0.4659248481216732,TRFTEXX128F426B193,Johnny Winter - Lay Down Your Sorrows,0.34483084005813497,TRUIBFH128F146CBCD,Stellastarr* - Sweet Troubled Soul,0.2908616006446357
TRHTGXF128F931BEE7,SOVJMLE12AB01848BF,ARRZUPG11F43A69EF7,Jackson 5,Goin' Back To Indiana,r&b/soul,TRCHZXW128E079288A,Eminem - 8 Mile,4576.0,TRDPGXU128F9339C2A,Beastie Boys - B-Boy Bouillabaisse: A.W.O.L. (2009 Digital Remaster),4515.0,TRKLJAG128F42B31CF,Mario Vazquez - Everytime I...,4045.0,TRCHZXW128E079288A,Eminem - 8 Mile,4327.492499999999,TRDPGXU128F9339C2A,Beastie Boys - B-Boy Bouillabaisse: A.W.O.L. (2009 Digital Remaster),4185.7075,TRKLJAG128F42B31CF,Mario Vazquez - Everytime I...,3924.625000000004,TRHSDRF128F9309C33,Mc Chris - hoodie ninja,0.7750243661098073,TRZYUDY128F148AD53,Jessica Andrews - Who I Am,0.765625289076669,TRSCACN12903CBA2C9,Midnite - Bushman,0.7575449250550087,TRHSDRF128F9309C33,Mc Chris - hoodie ninja,0.7810025785788369,TRZYUDY128F148AD53,Jessica Andrews - Who I Am,0.7713903629431287,TRCHZXW128E079288A,Eminem - 8 Mile,0.7644326134807478,TRHGZOJ128F14A2ED0,The Simpsons - Do The Bartman,202.89698328984431,TRQGLNM128F42618C6,The Isley Brothers - Touch Me,182.60241826627856,TRDXZYL128E0791E8D,The Isley Brothers - Contagious,174.40244920840604,TRHGZOJ128F14A2ED0,The Simpsons - Do The Bartman,135.54663601907,TRUHUSZ128F42A6ACF,Avant - Heaven,130.96113231090777,TRRPZEH128F1466812,Us3 - I Got It Goin' On,127.88263899774213,TRUHUSZ128F42A6ACF,Avant - Heaven,0.34110615166549074,TRQHGSK12903CEA43D,Jimmy Reed - Going To New York,0.30207373873638305,TRRPZEH128F1466812,Us3 - I Got It Goin' On,0.3003592108683937,TRUHUSZ128F42A6ACF,Avant - Heaven,0.37862259214696437,TRRPZEH128F1466812,Us3 - I Got It Goin' On,0.35270228919396907,TRTJIOL128F1495A4B,Nina Simone - He Ain't Comin' Home No More,0.33722557114994595
TRULIIL128F4228AC8,SOHQSLE12A6D4FD852,ARRZUPG11F43A69EF7,Jackson 5,Lookin' Through The Windows,r&b/soul,TRFUJVJ128F426F2A2,Lauryn Hill - Interlude 5,2486.0,TRHNOMB12903CB2544,Life Without Buildings - New Town,2307.0,TRWSYHO128F4282346,Twista - I'm A Winner (Amended Album Version),2080.0,TRHNOMB12903CB2544,Life Without Buildings - New Town,2158.8325,TRFUJVJ128F426F2A2,Lauryn Hill - Interlude 5,2129.0400000000004,TRWSYHO128F4282346,Twista - I'm A Winner (Amended Album Version),1846.7149999999997,TRFJKWU12903CC37B1,Crystal Castles - Insectica,0.4430588243465721,TRFYURA128F932E71C,Echobelly - Dark Therapy,0.41453600737179785,TRPDEMC128F421E0E7,Chiasm - Enemy,0.39565367021554493,TRFJKWU12903CC37B1,Crystal Castles - Insectica,0.4603640936819273,TRFYURA128F932E71C,Echobelly - Dark Therapy,0.43315564504816534,TRXTGOS128F933CF72,Gravediggaz - Unexplained,0.41901174829693966,TRGAFJY128F1464C16,Houston - Twizala,212.85900717322562,TREBUTR128F427DAF6,Willie Nelson - Remember Me,195.8130417132927,TRLZVNA128F1474A16,Javier - Slow Motion,186.04267738563837,TRGAFJY128F1464C16,Houston - Twizala,183.8338117549888,TRLZVNA128F1474A16,Javier - Slow Motion,148.16978784729872,TREBUTR128F427DAF6,Willie Nelson - Remember Me,129.89318852682902,TRGAFJY128F1464C16,Houston - Twizala,0.32519245455282386,TRCXJMY128F42968F1,Waldeck - Morning Light,0.3083408292636994,TRRPFIV128F9308F6F,The Mick Fleetwood Blues Band - Looking for Somebody,0.26987253623954616,TRGAFJY128F1464C16,Houston - Twizala,0.3576912716638052,TRCXJMY128F42968F1,Waldeck - Morning Light,0.3373578996234496,TRRPFIV128F9308F6F,The Mick Fleetwood Blues Band - Looking for Somebody,0.29357917350732315
TRTKNDU128EF3517DF,SOHAESY12A6D223C62,ARRZUPG11F43A69EF7,Jackson 5,You've Changed,r&b/soul,TRFUJVJ128F426F2A2,Lauryn Hill - Interlude 5,5733.0,TRWSYHO128F4282346,Twista - I'm A Winner (Amended Album Version),4991.0,TRQAWKR128F425EEC3,Michael Jackson - Man In The Mirror,4910.0,TRFUJVJ128F426F2A2,Lauryn Hill - Interlude 5,5278.5199999999995,TRWSYHO128F4282346,Twista - I'm A Winner (Amended Album Version),4693.982499999999,TRQAWKR128F425EEC3,Michael Jackson - Man In The Mirror,4520.357499999998,TRXKZZM128F9336E7C,Adina Howard - Nasty Grind,0.7301559332730103,TRKJXTX128F92FA34E,The Specials - Skinhead Moonstomp,0.7278682674772853,TRXPXPC12903CCC600,Creed - Wrong Way,0.7254857758062392,TRXKZZM128F9336E7C,Adina Howard - Nasty Grind,0.735168118198182,TRKJXTX128F92FA34E,The Specials - Skinhead Moonstomp,0.7321400374526812,TRXPXPC12903CCC600,Creed - Wrong Way,0.7284752318023344,TRQAWKR128F425EEC3,Michael Jackson - Man In The Mirror,217.13569869154782,TRFUJVJ128F426F2A2,Lauryn Hill - Interlude 5,211.21227272536484,TRGLNKG128F9307689,Eminem - My Darling,180.90487865236187,TRQAWKR128F425EEC3,Michael Jackson - Man In The Mirror,162.89416500121104,TRSTVRS128F427AF41,Moby - Yeah,157.48332640813098,TRHOSWF128F92C987D,Aretha Franklin - Jump To It,140.86576904475095,TRFGRSH128F42965DE,Luther Vandross - Here And Now,0.32686720369816014,TRSTVRS128F427AF41,Moby - Yeah,0.3204527249756569,TRBJPJS128F932F173,Cat Stevens - Rubylove,0.3168886801212519,TRFGRSH128F42965DE,Luther Vandross - Here And Now,0.3616247379099295,TRSTVRS128F427AF41,Moby - Yeah,0.3513194300274958,TRUURUQ128E07990A3,Bonnie Raitt - Something To Talk About,0.3389280986772509
TRQBNNZ128F92D4F35,SONSXHN12A58A7B790,ARNQKXK1187B99EFDA,Jazmine Sullivan,Switch!,r&b/soul,TRFUJVJ128F426F2A2,Lauryn Hill - Interlude 5,7500.0,TRDPGXU128F9339C2A,Beastie Boys - B-Boy Bouillabaisse: A.W.O.L. (2009 Digital Remaster),6752.0,TRWSYHO128F4282346,Twista - I'm A Winner (Amended Album Version),6002.0,TRFUJVJ128F426F2A2,Lauryn Hill - Interlude 5,6822.879999999997,TRDPGXU128F9339C2A,Beastie Boys - B-Boy Bouillabaisse: A.W.O.L. (2009 Digital Remaster),6185.740000000002,TRKLJAG128F42B31CF,Mario Vazquez - Everytime I...,5650.99999999999,TRMEKRF12903CC80A6,Bouncing Souls_ The - Pervert,0.7445085400426232,TRKLJAG128F42B31CF,Mario Vazquez - Everytime I...,0.7288863583045776,TREBQOW128F92C4549,Common - Book Of Life,0.7280807051064322,TRMEKRF12903CC80A6,Bouncing Souls_ The - Pervert,0.7533107702265562,TREBQOW128F92C4549,Common - Book Of Life,0.739390136438965,TRKLJAG128F42B31CF,Mario Vazquez - Everytime I...,0.7336267272708022,TRFUJVJ128F426F2A2,Lauryn Hill - Interlude 5,417.69009455444126,TRHGZOJ128F14A2ED0,The Simpsons - Do The Bartman,312.26730118108475,TRDPGXU128F9339C2A,Beastie Boys - B-Boy Bouillabaisse: A.W.O.L. (2009 Digital Remaster),289.9459171628702,TRFUJVJ128F426F2A2,Lauryn Hill - Interlude 5,227.31151404644277,TRHGZOJ128F14A2ED0,The Simpsons - Do The Bartman,202.4499385318961,TRGMVZO128E078607E,DMX - Bring Your Whole Crew,169.5465730261766,TRHTTDL12903CB061E,Wisdom In Chains - I Don't Care,0.316229551155096,TRCRGWF128F92E7387,Nickel Creek - Best Of Luck,0.29988873510256187,TRJDVAG128F145DB05,Paul Westerberg - Best Thing That Never Happened,0.28632333329600557,TRCRGWF128F92E7387,Nickel Creek - Best Of Luck,0.35722131221600206,TRHTTDL12903CB061E,Wisdom In Chains - I Don't Care,0.35401940422671757,TRRMFJW128EF34FE5E,Judge Dread - The Winkle Man,0.34222485594357394
TRTYGWW128E0794FA2,SOXJKGU12A67ADA1C9,ARIPLUN1187B99B9F9,The Police,One World (Not Three),reggae,TRTLIKK128E07862DA,Ja Rule - One of Us,4884.0,TRLINLH128F9346400,Black Eyed Peas - One Tribe,4671.0,TRFUJVJ128F426F2A2,Lauryn Hill - Interlude 5,2866.0,TRTLIKK128E07862DA,Ja Rule - One of Us,4592.524999999998,TRLINLH128F9346400,Black Eyed Peas - One Tribe,4483.670000000001,TRFUJVJ128F426F2A2,Lauryn Hill - Interlude 5,2383.9199999999996,TRINNQX128F425AD26,The Derek Trucks Band - Revolution,0.6108044472547096,TRZYDHT128F145736F,Tracie Spencer - Imagine,0.5741600916846836,TRLINLH128F9346400,Black Eyed Peas - One Tribe,0.5372311211566747,TRINNQX128F425AD26,The Derek Trucks Band - Revolution,0.6192408513348493,TRZYDHT128F145736F,Tracie Spencer - Imagine,0.5850610981640372,TRLINLH128F9346400,Black Eyed Peas - One Tribe,0.5472927257242414,TRCHZXW128E079288A,Eminem - 8 Mile,206.93492858913154,TRFUJVJ128F426F2A2,Lauryn Hill - Interlude 5,186.08398876296104,TRDGICW128F42963E2,Recoil - Curse,161.32144221629338,TRCHZXW128E079288A,Eminem - 8 Mile,115.19748372304515,TREUFTS128F92E4B37,Jonathan Coulton - Mandlebrot Set,105.0362568232827,TREADOS128E078EC1F,Eminem - If I Had,103.8410219412311,TRYEMUJ128F92E0392,Shamen - Lightspan,0.3335567450303008,TRXKIOP128F426240D,Dwarves - Throw That World Away,0.252345157348661,TRZYDHT128F145736F,Tracie Spencer - Imagine,0.2513478398447674,TRYEMUJ128F92E0392,Shamen - Lightspan,0.34217233499052213,TRZYDHT128F145736F,Tracie Spencer - Imagine,0.28931380557331776,TRWNSOH128F428C406,The Flatliners - This Respirator,0.2874282450582722
TRKHTKI128F92EA339,SOSDIHQ12A8C13C23F,AR6J3X81187FB59A7B,Matisyahu,Close My Eyes,reggae,TRFUJVJ128F426F2A2,Lauryn Hill - Interlude 5,12297.0,TRDPGXU128F9339C2A,Beastie Boys - B-Boy Bouillabaisse: A.W.O.L. (2009 Digital Remaster),9562.0,TRWSYHO128F4282346,Twista - I'm A Winner (Amended Album Version),8267.0,TRFUJVJ128F426F2A2,Lauryn Hill - Interlude 5,11143.32,TRDPGXU128F9339C2A,Beastie Boys - B-Boy Bouillabaisse: A.W.O.L. (2009 Digital Remaster),8597.20375,TRWSYHO128F4282346,Twista - I'm A Winner (Amended Album Version),7513.032499999998,TRKAIPI128C719636E,Blackalicious - Just What Can Happen,0.7626606216695317,TREKDDG128F4298103,The Cat Empire - Days Like These,0.7462697315610117,TRYAVHM12903CF521E,Swollen Members - Switchblade,0.7442695498665791,TRKAIPI128C719636E,Blackalicious - Just What Can Happen,0.7743506735143175,TREKDDG128F4298103,The Cat Empire - Days Like These,0.7647720683248902,TRYAVHM12903CF521E,Swollen Members - Switchblade,0.7573573764806034,TRDPGXU128F9339C2A,Beastie Boys - B-Boy Bouillabaisse: A.W.O.L. (2009 Digital Remaster),697.315089747775,TRFUJVJ128F426F2A2,Lauryn Hill - Interlude 5,565.0741513090491,TRCHZXW128E079288A,Eminem - 8 Mile,508.159441733084,TRDPGXU128F9339C2A,Beastie Boys - B-Boy Bouillabaisse: A.W.O.L. (2009 Digital Remaster),314.30186242977385,TREKDDG128F4298103,The Cat Empire - Days Like These,216.33784611484054,TRYSXFS128F9343ED4,Organized Konfusion - Walk Into The Sun,211.01070691041605,TRPHHFC128F930B8E0,Freedom Call - Flying high,0.31042840732368004,TROWKIU128F933CB25,R.I.O. - After The Love,0.2674728592141359,TREKDDG128F4298103,The Cat Empire - Days Like These,0.2657748902340621,TRDPGXU128F9339C2A,Beastie Boys - B-Boy Bouillabaisse: A.W.O.L. (2009 Digital Remaster),0.4305291722303035,TREKDDG128F4298103,The Cat Empire - Days Like These,0.3969411931313876,TRFPLQD128F92FFB52,Kool Moe Dee - Bad Mutha,0.3845358708627218
TRACTLX128F42A51F6,SOWXKLQ12A8C13C221,AR6J3X81187FB59A7B,Matisyahu,Exaltation,reggae,TRFUJVJ128F426F2A2,Lauryn Hill - Interlude 5,2779.0,TRDPGXU128F9339C2A,Beastie Boys - B-Boy Bouillabaisse: A.W.O.L. (2009 Digital Remaster),2489.0,TRFLWJZ128F425C9E4,The Pharcyde - Otha Fish,1976.0,TRFUJVJ128F426F2A2,Lauryn Hill - Interlude 5,2409.1599999999994,TRDPGXU128F9339C2A,Beastie Boys - B-Boy Bouillabaisse: A.W.O.L. (2009 Digital Remaster),2179.7112500000007,TRFLWJZ128F425C9E4,The Pharcyde - Otha Fish,1783.7937499999998,TRORMHQ128F92CB796,Opera IX - Immortal Chant,0.6344707093133293,TRAHKMS128F934B09E,Lizzy Borden - There Will Be Blood Tonight,0.616560699677297,TRJFZZH128F92D2026,Frank Sinatra - The Girl That I Marry,0.6165599882306922,TRORMHQ128F92CB796,Opera IX - Immortal Chant,0.6482811147271351,TRAHKMS128F934B09E,Lizzy Borden - There Will Be Blood Tonight,0.6315517213772517,TRJFZZH128F92D2026,Frank Sinatra - The Girl That I Marry,0.6257602441707965,TRDUSIG12903CA5FCB,Savatage - The Hourglass,210.19308060058032,TRTLIKK128E07862DA,Ja Rule - One of Us,179.21674968871764,TRDGICW128F42963E2,Recoil - Curse,177.95426624491907,TRKJHIA128F4252CD7,Tree63 - All Over The World,133.18243579993197,TRDUSIG12903CA5FCB,Savatage - The Hourglass,117.94985016438628,TRTLEVO128F425EA4F,Paul Potts - O Holy Night,117.63173852872848,TRHKHSR128F9303554,Andrew Peterson - Holy Is The Lord,0.32437021068912125,TRFJEJR128F1469572,Enigma - Prism Of Life,0.3194923012711806,TRTLEVO128F425EA4F,Paul Potts - O Holy Night,0.3162071206645168,TRFJEJR128F1469572,Enigma - Prism Of Life,0.36635024154259943,TRTLEVO128F425EA4F,Paul Potts - O Holy Night,0.36362592209774763,TRKJHIA128F4252CD7,Tree63 - All Over The World,0.35297145243405176
TRHQAPS128F42A51F4,SOSWVVV12A8C13C21C,AR6J3X81187FB59A7B,Matisyahu,Fire and Heights,reggae,TRFUJVJ128F426F2A2,Lauryn Hill - Interlude 5,11299.0,TRDPGXU128F9339C2A,Beastie Boys - B-Boy Bouillabaisse: A.W.O.L. (2009 Digital Remaster),8616.0,TRWSYHO128F4282346,Twista - I'm A Winner (Amended Album Version),8327.0,TRFUJVJ128F426F2A2,Lauryn Hill - Interlude 5,10426.839999999998,TRDPGXU128F9339C2A,Beastie Boys - B-Boy Bouillabaisse: A.W.O.L. (2009 Digital Remaster),7886.6325,TRWSYHO128F4282346,Twista - I'm A Winner (Amended Album Version),7757.015000000001,TRRYRGF128F42934E3,Sage Francis - Clickety Clack,0.825282465909543,TRVVIWJ128F42697BA,Fat Joe - Preacher On A Sunday Morning,0.8109619509442363,TRNVKOI128E0799173,Snoop Dogg - Snoopafella (Edited),0.7942584617718051,TRRYRGF128F42934E3,Sage Francis - Clickety Clack,0.8349061150317288,TRVVIWJ128F42697BA,Fat Joe - Preacher On A Sunday Morning,0.8211194488995367,TRNVKOI128E0799173,Snoop Dogg - Snoopafella (Edited),0.8061986240280945,TRFUJVJ128F426F2A2,Lauryn Hill - Interlude 5,379.3383109361796,TRDPGXU128F9339C2A,Beastie Boys - B-Boy Bouillabaisse: A.W.O.L. (2009 Digital Remaster),370.36505959932543,TRDUSIG12903CA5FCB,Savatage - The Hourglass,331.32956998318014,TRKHTKI128F92EA339,Matisyahu - Close My Eyes,165.4647689604197,TRQAWKR128F425EEC3,Michael Jackson - Man In The Mirror,162.95554369455135,TRTLIKK128E07862DA,Ja Rule - One of Us,162.69152304809217,TRNQCSM128F930C97C,Dominici - So Help Me God,0.3243196737433393,TRVFKVN128F42B501F,Shania Twain - All Fired Up_ No Place To Go,0.29286629261454933,TRASTMY128E07850CC,Taproot - Poem (Precision Version),0.2888155535949078,TRNQCSM128F930C97C,Dominici - So Help Me God,0.38216454627973406,TREBQOW128F92C4549,Common - Book Of Life,0.3752433931187265,TRVFKVN128F42B501F,Shania Twain - All Fired Up_ No Place To Go,0.3523219407112027
TRWMHCZ128F42AE295,SOPJZCC12A8C13FF7B,AR6J3X81187FB59A7B,Matisyahu,Jerusalem,reggae,TRFUJVJ128F426F2A2,Lauryn Hill - Interlude 5,7300.0,TRWSYHO128F4282346,Twista - I'm A Winner (Amended Album Version),6014.0,TRDPGXU128F9339C2A,Beastie Boys - B-Boy Bouillabaisse: A.W.O.L. (2009 Digital Remaster),5989.0,TRFUJVJ128F426F2A2,Lauryn Hill - Interlude 5,6621.040000000001,TRWSYHO128F4282346,Twista - I'm A Winner (Amended Album Version),5570.2775,TRDPGXU128F9339C2A,Beastie Boys - B-Boy Bouillabaisse: A.W.O.L. (2009 Digital Remaster),5421.201249999998,TRCGLHM128F92EACF7,Freshman 15 - When Cheating Had Feeling,0.6629533509265211,TRSEAVW128F429E22F,A Tribe Called Quest - Rap Promoter,0.640285939658662,TRMQQGH128F9301E4B,Mutya Buena - Not Your Baby,0.6341342472398693,TRCGLHM128F92EACF7,Freshman 15 - When Cheating Had Feeling,0.6779036498379287,TRSEAVW128F429E22F,A Tribe Called Quest - Rap Promoter,0.6582037292552875,TRMQQGH128F9301E4B,Mutya Buena - Not Your Baby,0.6498772107150411,TRDPGXU128F9339C2A,Beastie Boys - B-Boy Bouillabaisse: A.W.O.L. (2009 Digital Remaster),308.2866958581811,TRFUJVJ128F426F2A2,Lauryn Hill - Interlude 5,307.9103696272669,TRLINLH128F9346400,Black Eyed Peas - One Tribe,233.16501136430196,TRLINLH128F9346400,Black Eyed Peas - One Tribe,171.0325730732616,TRFUJVJ128F426F2A2,Lauryn Hill - Interlude 5,131.41249212555098,TRAJFCM128E07893D5,Javine - Touch My Fire,129.91856700096574,TRXDZMT128F92C5255,Matthew Ryan - Autopilot,0.2928996070661031,TRLINLH128F9346400,Black Eyed Peas - One Tribe,0.28891593213631855,TRRGWST128F930E4AE,Sara Gazarek - Yours (Live),0.2856857958769867,TRLINLH128F9346400,Black Eyed Peas - One Tribe,0.3562236896909971,TRXDZMT128F92C5255,Matthew Ryan - Autopilot,0.3453996945592241,TRRGWST128F930E4AE,Sara Gazarek - Yours (Live),0.3377883808890825
TRMMTKA128F42A51E7,SOSCMSY12A8C13C1E9,AR6J3X81187FB59A7B,Matisyahu,Warrior,reggae,TRFUJVJ128F426F2A2,Lauryn Hill - Interlude 5,3969.0,TRDPGXU128F9339C2A,Beastie Boys - B-Boy Bouillabaisse: A.W.O.L. (2009 Digital Remaster),2558.0,TRWSYHO128F4282346,Twista - I'm A Winner (Amended Album Version),2487.0,TRFUJVJ128F426F2A2,Lauryn Hill - Interlude 5,3556.84,TRWSYHO128F4282346,Twista - I'm A Winner (Amended Album Version),2217.6399999999994,TRDPGXU128F9339C2A,Beastie Boys - B-Boy Bouillabaisse: A.W.O.L. (2009 Digital Remaster),2213.3200000000006,TROSICW128F933ADB8,Damien Dempsey - Colony,0.6579159037940159,TRRYRGF128F42934E3,Sage Francis - Clickety Clack,0.657037069104979,TRPEVHC128F92FADB9,Buffy Sainte-Marie - Now That the Buffalo's Gone,0.6500575147393519,TROSICW128F933ADB8,Damien Dempsey - Colony,0.6788518822081462,TRRYRGF128F42934E3,Sage Francis - Clickety Clack,0.6777147490239745,TRPEVHC128F92FADB9,Buffy Sainte-Marie - Now That the Buffalo's Gone,0.6705528630030871,TRDPGXU128F9339C2A,Beastie Boys - B-Boy Bouillabaisse: A.W.O.L. (2009 Digital Remaster),280.2944647522853,TRDUSIG12903CA5FCB,Savatage - The Hourglass,202.40216680895023,TRFUJVJ128F426F2A2,Lauryn Hill - Interlude 5,197.2361857820006,TRHQAPS128F42A51F4,Matisyahu - Fire and Heights,115.92703263950895,TRDPGXU128F9339C2A,Beastie Boys - B-Boy Bouillabaisse: A.W.O.L. (2009 Digital Remaster),102.27364323056491,TRWMHCZ128F42AE295,Matisyahu - Jerusalem,100.853079916704,TRHQAPS128F42A51F4,Matisyahu - Fire and Heights,0.2346916253925456,TRHZOEX128F93588AB,Dean Martin - Memories Are Made Of This,0.2333874174877123,TRWMHCZ128F42AE295,Matisyahu - Jerusalem,0.22845389115565262,TRHQAPS128F42A51F4,Matisyahu - Fire and Heights,0.328860925085809,TRWMHCZ128F42AE295,Matisyahu - Jerusalem,0.3016826545406076,TRWJQPJ128F426F26E,Lauryn Hill - Adam Lives In Theory,0.2925357342559462
TRPPHPV128F92F0750,SOMITIJ12AB017CAFA,ARW8F4B1187FB45EB4,Sublime,Don't Push,reggae,TRFUJVJ128F426F2A2,Lauryn Hill - Interlude 5,8052.0,TRDPGXU128F9339C2A,Beastie Boys - B-Boy Bouillabaisse: A.W.O.L. (2009 Digital Remaster),6833.0,TRWSYHO128F4282346,Twista - I'm A Winner (Amended Album Version),6016.0,TRFUJVJ128F426F2A2,Lauryn Hill - Interlude 5,7216.639999999999,TRDPGXU128F9339C2A,Beastie Boys - B-Boy Bouillabaisse: A.W.O.L. (2009 Digital Remaster),6134.4075,TRWSYHO128F4282346,Twista - I'm A Winner (Amended Album Version),5470.0650000000005,TRVUUKM128F425FB16,King Tee - Guitar Playin',0.7786121901172196,TRXEITL128F92EBCF0,St. Lunatics - Time,0.77494854801521,TRFPLQD128F92FFB52,Kool Moe Dee - Bad Mutha,0.7744176451430603,TRVUUKM128F425FB16,King Tee - Guitar Playin',0.7944454779654736,TRXEITL128F92EBCF0,St. Lunatics - Time,0.7896355095968679,TRFPLQD128F92FFB52,Kool Moe Dee - Bad Mutha,0.7892664591418733,TRDPGXU128F9339C2A,Beastie Boys - B-Boy Bouillabaisse: A.W.O.L. (2009 Digital Remaster),570.8619740817198,TRFUJVJ128F426F2A2,Lauryn Hill - Interlude 5,466.90423704708763,TRQWDRK128F4241A32,Twista - Overdose (Album Version),427.5130046147928,TRDPGXU128F9339C2A,Beastie Boys - B-Boy Bouillabaisse: A.W.O.L. (2009 Digital Remaster),256.65470592591936,TRQUQDU12903C9AF09,Biz Markie - Make the Music With Your Mouth_ Biz,233.41537329270085,TRBXUMD12903CBB64D,Wu-Tang Clan - Da Mystery Of Chessboxin',198.74396139864078,TRQUQDU12903C9AF09,Biz Markie - Make the Music With Your Mouth_ Biz,0.2759150190019647,TRNCRGQ128F1474A55,Beastie Boys - Oh Word?,0.2602030345588169,TRDDOJM128F428CEE1,Brooks & Dunn - Boot Scootin' Boogie,0.24876539296611838,TRDPGXU128F9339C2A,Beastie Boys - B-Boy Bouillabaisse: A.W.O.L. (2009 Digital Remaster),0.4031814022870201,TRQUQDU12903C9AF09,Biz Markie - Make the Music With Your Mouth_ Biz,0.38028007270007197,TRYHHPK128F42A4CAF,Murs - The Dance,0.361598810433663
TRZDKCU128F1456899,SOVEQJB12D0219AE54,ARW8F4B1187FB45EB4,Sublime,Pawn Shop,reggae,TRFUJVJ128F426F2A2,Lauryn Hill - Interlude 5,2012.0,TRGUCIR128F933D817,Vanilla Ice - Ice Is Workin' It,1897.0,TRDPGXU128F9339C2A,Beastie Boys - B-Boy Bouillabaisse: A.W.O.L. (2009 Digital Remaster),1739.0,TRGUCIR128F933D817,Vanilla Ice - Ice Is Workin' It,1761.2800000000002,TRFUJVJ128F426F2A2,Lauryn Hill - Interlude 5,1724.9600000000005,TRAUNHR128F92DBBC1,UGK (Underground Kingz) - She Luv It,1601.679999999999,TRWQJFO128F9320B80,Atom And His Package - Upside Down From Here,0.5448581044379144,TRNTRQP128F931B102,Architecture In Helsinki - Underwater,0.53279725693609,TRSCFSP128F9315B0D,ANJA GARBAREK - Something Written,0.4611179525350106,TRWQJFO128F9320B80,Atom And His Package - Upside Down From Here,0.5581581428906076,TRNTRQP128F931B102,Architecture In Helsinki - Underwater,0.5420594861518362,TRSCFSP128F9315B0D,ANJA GARBAREK - Something Written,0.4747024126725687,TRQYDIY128F4214A1A,G-Unit - Beg For Mercy,158.30565009285039,TRHHLCB128F426AB42,Ginuwine - Do You Remember,142.1657707256545,TRXAORM128F933CA0D,EPMD - Knick Knack Patty Wack,113.79051884872715,TRQYDIY128F4214A1A,G-Unit - Beg For Mercy,125.30384600594397,TRHHLCB128F426AB42,Ginuwine - Do You Remember,124.2299591578692,TRYYGDU128F14774E1,Alisha's Attic - The House That We Built,93.40783143940156,TRHHLCB128F426AB42,Ginuwine - Do You Remember,0.33643650572166894,TRQPTHF128F932E0DC,Jimmy Barnes - Stone Cold,0.29509253274847363,TRYLJVY128F4246873,General Surgery - Viva ! blunt force trauma,0.28485165248369254,TRHHLCB128F426AB42,Ginuwine - Do You Remember,0.36541325760170534,TRQPTHF128F932E0DC,Jimmy Barnes - Stone Cold,0.3216034222671164,TRYYGDU128F14774E1,Alisha's Attic - The House That We Built,0.30928778938706464
TRQCFKA128F148A0D5,SOUEAIV12A6D4F9FC2,ARRYZN01187FB45757,Michael Franti & Spearhead,See you in the Light,reggae,TRFUJVJ128F426F2A2,Lauryn Hill - Interlude 5,6730.0,TRDPGXU128F9339C2A,Beastie Boys - B-Boy Bouillabaisse: A.W.O.L. (2009 Digital Remaster),6249.0,TRWSYHO128F4282346,Twista - I'm A Winner (Amended Album Version),6026.0,TRFUJVJ128F426F2A2,Lauryn Hill - Interlude 5,6238.719999999999,TRDPGXU128F9339C2A,Beastie Boys - B-Boy Bouillabaisse: A.W.O.L. (2009 Digital Remaster),5838.15375,TRWSYHO128F4282346,Twista - I'm A Winner (Amended Album Version),5704.932499999996,TRJATQE12903CB4F22,Thomas Dolby - I Live In A Suitcase,0.7066446569657645,TRFAIBW128F428B7A6,RKL - Heavily Sedated,0.6877195336002017,TRQCXUL128E078A9D6,The Streets - The Irony Of It All (Album Version),0.6876789193724892,TRJATQE12903CB4F22,Thomas Dolby - I Live In A Suitcase,0.7136166981196651,TRFAIBW128F428B7A6,RKL - Heavily Sedated,0.6973063563915288,TRQCXUL128E078A9D6,The Streets - The Irony Of It All (Album Version),0.6966218494342558,TRFUJVJ128F426F2A2,Lauryn Hill - Interlude 5,208.53269221888684,TRDPGXU128F9339C2A,Beastie Boys - B-Boy Bouillabaisse: A.W.O.L. (2009 Digital Remaster),198.0735220372882,TRWWTWK128F9337990,Technicolour - At The Spot,195.32529972768612,TRWWTWK128F9337990,Technicolour - At The Spot,164.37873975056533,TROMMRU128F4250C74,Classified - All About U,134.16464077415307,TRNXEME128F42AF458,Tyrese - Morning After,131.28893945403098,TRWWTWK128F9337990,Technicolour - At The Spot,0.3631335787329652,TRXRPLG128F428D23F,Lisa Stansfield - You Know How to Love Me,0.3356458869199654,TREXMWU128F9319FB7,Björk - Hyper-Ballad,0.301273909394219,TRWWTWK128F9337990,Technicolour - At The Spot,0.40388595441449027,TRXRPLG128F428D23F,Lisa Stansfield - You Know How to Love Me,0.3760844800013028,TREXMWU128F9319FB7,Björk - Hyper-Ballad,0.34603348510078
TRPPATZ128F428BA6E,SOFOGTV12A6D4F9FBE,ARRYZN01187FB45757,Michael Franti & Spearhead,Sweet Little Lies,reggae,TRFUJVJ128F426F2A2,Lauryn Hill - Interlude 5,4315.0,TRUGLTC128F4227B93,Danity Kane - Hold Me Down (Album Version),4271.0,TRVLIZK128F428845E,Five - That's What You Told Me,4170.0,TRUGLTC128F4227B93,Danity Kane - Hold Me Down (Album Version),4019.512499999999,TRVLIZK128F428845E,Five - That's What You Told Me,3962.0249999999987,TRFUJVJ128F426F2A2,Lauryn Hill - Interlude 5,3772.2000000000003,TROKPEY128F4293061,Faithless - Salva Mea,0.5974283205833099,TRZHFGK128F423B618,Sharon Jones & The Dap-Kings - Tell Me,0.5777759084486067,TRZFXRK12903CBE34F,Albert King - I Get Evil,0.5724062318758442,TROKPEY128F4293061,Faithless - Salva Mea,0.6077593606066267,TRZHFGK128F423B618,Sharon Jones & The Dap-Kings - Tell Me,0.5887365300446227,TRZFXRK12903CBE34F,Albert King - I Get Evil,0.5846867866317716,TRFUJVJ128F426F2A2,Lauryn Hill - Interlude 5,234.78142139857232,TRDPGXU128F9339C2A,Beastie Boys - B-Boy Bouillabaisse: A.W.O.L. (2009 Digital Remaster),204.31752489691434,TRQAWKR128F425EEC3,Michael Jackson - Man In The Mirror,201.66798861366797,TRPFORB128F42626DF,Suicidal Tendencies - Where's The Truth,148.03929284921153,TRQAWKR128F425EEC3,Michael Jackson - Man In The Mirror,127.68139479172267,TRAXQYP128F930458D,UB40 - Red Red Wine (Edit),123.96960858210561,TRPFORB128F42626DF,Suicidal Tendencies - Where's The Truth,0.2851801860014344,TRJENHJ128F92E5292,Funker Vogt - Blind Rage,0.2715539551064349,TRRQUHL128F4259E45,Berlin - Masquerade,0.26980933508984406,TRPFORB128F42626DF,Suicidal Tendencies - Where's The Truth,0.33087616402443265,TRRQUHL128F4259E45,Berlin - Masquerade,0.31630048059522925,TRJENHJ128F92E5292,Funker Vogt - Blind Rage,0.3152855685053166
TRMVVWQ128F422BB64,SOLMWNS12A81C209CB,AR9NG3Y1187B9895EE,McFly,The Way You Make Me Feel,reggae,TRFUJVJ128F426F2A2,Lauryn Hill - Interlude 5,4823.0,TRWSYHO128F4282346,Twista - I'm A Winner (Amended Album Version),4702.0,TREBGAA128E078FC52,Erykah Badu - I Want You,4143.0,TRWSYHO128F4282346,Twista - I'm A Winner (Amended Album Version),4425.424999999999,TRFUJVJ128F426F2A2,Lauryn Hill - Interlude 5,4399.8,TREBGAA128E078FC52,Erykah Badu - I Want You,3987.4624999999996,TRDHWHD128F931BCA3,Sunscreem - Pressure,0.8132971981695676,TRZCHKB128F92CB740,Anastacia - Club Megamix,0.7343102368987238,TRFNFSL128F146E882,Lemar - Time To Grow,0.7302767990995617,TRDHWHD128F931BCA3,Sunscreem - Pressure,0.8196535539325371,TRZCHKB128F92CB740,Anastacia - Club Megamix,0.7463166783175269,TRFNFSL128F146E882,Lemar - Time To Grow,0.7413644709285913,TRFUJVJ128F426F2A2,Lauryn Hill - Interlude 5,250.42308551171016,TRDPGXU128F9339C2A,Beastie Boys - B-Boy Bouillabaisse: A.W.O.L. (2009 Digital Remaster),243.33227125639854,TRANAPL128F42BA7D6,Young Jeezy - By The Way,189.269580786871,TRANAPL128F42BA7D6,Young Jeezy - By The Way,127.05160782162639,TRZARUP128F9348146,KMD - Plumskinzz (Loose Hoe_ God & Cupid),112.17428456691287,TRFUJVJ128F426F2A2,Lauryn Hill - Interlude 5,111.9414465212205,TRXKRGP128F4284FEA,The Partridge Family - There'll Come A Time,0.27326262892296355,TROSAQJ128F92D308C,Charlie Wilson - What You Do To Me,0.2710732533373059,TRWCVWH128F4284EE5,Alicia Keys - Piano & I,0.2684340447442584,TROSAQJ128F92D308C,Charlie Wilson - What You Do To Me,0.3378210690399688,TRANAPL128F42BA7D6,Young Jeezy - By The Way,0.33026485756559454,TRXKRGP128F4284FEA,The Partridge Family - There'll Come A Time,0.3292063830517608
TRRATGY12903D138DB,SOQQEZD12AC468BFC3,ARBNXYA1187FB51C50,Daddy Yankee,Grito Mundial,reggae,TRZZQIP128F92EFEAD,Abba - Move On,2498.0,TRDOJIR128F42840C0,Horace Andy - Horse With No Name,2336.0,TRTHNFG12903D0CE54,Violadores del Verso - Dale tiempo al rumor,2324.0,TRZZQIP128F92EFEAD,Abba - Move On,2406.4862500000017,TRDOJIR128F42840C0,Horace Andy - Horse With No Name,2253.6600000000026,TRTHNFG12903D0CE54,Violadores del Verso - Dale tiempo al rumor,2210.5587500000015,TRNIELN128F4275E78,Inti Illimani - El Arado,0.6668025105626889,TRTSIYO128F9339267,Atahualpa Yupanqui - Milonga Del Solitario,0.655881006020194,TRLCMGN128F92FFA2E,Sebastien Tellier - League Chicanos,0.6351815693431996,TRNIELN128F4275E78,Inti Illimani - El Arado,0.6730167366088002,TRTSIYO128F9339267,Atahualpa Yupanqui - Milonga Del Solitario,0.6647227490770447,TRLCMGN128F92FFA2E,Sebastien Tellier - League Chicanos,0.6418097705432854,TRTHNFG12903D0CE54,Violadores del Verso - Dale tiempo al rumor,710.783992748154,TRDVUEH12903D0FAA9,Violadores del Verso - La ciudad nunca duerme,631.1325066138191,TRUBYBP128F9343168,Cartel De Santa - La Ranfla Del Cartel,615.2864577530161,TRTHNFG12903D0CE54,Violadores del Verso - Dale tiempo al rumor,643.0801823462056,TRDVUEH12903D0FAA9,Violadores del Verso - La ciudad nunca duerme,573.8349717757086,TRUBYBP128F9343168,Cartel De Santa - La Ranfla Del Cartel,573.3416921232042,TRJWWFP128F934D169,Thievery Corporation - Exilio,0.5834135796741089,TRPGDLF128F9340FAA,El sueño de Morfeo - Ven,0.5661654311704498,TRUBYBP128F9343168,Cartel De Santa - La Ranfla Del Cartel,0.5509564075735978,TRJWWFP128F934D169,Thievery Corporation - Exilio,0.5879265904436154,TRPGDLF128F9340FAA,El sueño de Morfeo - Ven,0.5787407149741132,TRUBYBP128F9343168,Cartel De Santa - La Ranfla Del Cartel,0.5680084526879466
TRPSKLI128F425E42C,SOAUWMK12A8C136F49,ARD66TF1187B9A1670,tobyMac,Get This Party Started: Ghost Remix,reggae,TREXCMT128F933D825,Vanilla Ice - It's A Party,3509.0,TRFUJVJ128F426F2A2,Lauryn Hill - Interlude 5,3469.0,TRDPGXU128F9339C2A,Beastie Boys - B-Boy Bouillabaisse: A.W.O.L. (2009 Digital Remaster),3403.0,TREXCMT128F933D825,Vanilla Ice - It's A Party,3267.202500000001,TRDPGXU128F9339C2A,Beastie Boys - B-Boy Bouillabaisse: A.W.O.L. (2009 Digital Remaster),2961.3787500000003,TRFUJVJ128F426F2A2,Lauryn Hill - Interlude 5,2940.919999999999,TRMTDOR128F4258632,Four Year Strong - Catastrophe,0.570770782859861,TREXCMT128F933D825,Vanilla Ice - It's A Party,0.5053555342991657,TRGFFYK128F933CB76,Nick Cave & The Bad Seeds - Midnight Man,0.5032551920224074,TRMTDOR128F4258632,Four Year Strong - Catastrophe,0.5902008669866663,TRGFFYK128F933CB76,Nick Cave & The Bad Seeds - Midnight Man,0.5266624795541381,TREXCMT128F933D825,Vanilla Ice - It's A Party,0.5227263087660752,TRFUJVJ128F426F2A2,Lauryn Hill - Interlude 5,251.8737698028596,TRVIQFL128F429B773,George Clinton - Flashlight,229.912386166599,TRDPGXU128F9339C2A,Beastie Boys - B-Boy Bouillabaisse: A.W.O.L. (2009 Digital Remaster),226.28864742540082,TRPFCIB128F14B026B,Black Box - Everybody Everybody,173.6464655037381,TRVIQFL128F429B773,George Clinton - Flashlight,165.32167057078024,TRELGFO128F429150F,Nina Hagen - Where's The Party,150.62702500716838,TRPFCIB128F14B026B,Black Box - Everybody Everybody,0.3379723633872762,TRPFSWR128F93441C5,The Planet Smashers - Life Of The Party,0.29030486118104326,TRTQMAZ128F4273C71,Hooverphonic - Everytime We Live Together We Die A Bit More,0.27758713092364384,TRPFCIB128F14B026B,Black Box - Everybody Everybody,0.3698695283579805,TRPFSWR128F93441C5,The Planet Smashers - Life Of The Party,0.32188494202834766,TRELGFO128F429150F,Nina Hagen - Where's The Party,0.3168095702973002
TRWQMVZ128E078F1F7,SOBPURX12D021B0F0F,ARAZCWP129462A97F1,Bob Marley & The Wailers,Africa Unite,reggae,TRFUJVJ128F426F2A2,Lauryn Hill - Interlude 5,2306.0,TRBVPVV128F425F14F,Daft Punk - Touch It / Technologic,1770.0,TRGUCIR128F933D817,Vanilla Ice - Ice Is Workin' It,1766.0,TRFUJVJ128F426F2A2,Lauryn Hill - Interlude 5,2059.439999999999,TRBVPVV128F425F14F,Daft Punk - Touch It / Technologic,1672.6825000000001,TRGUCIR128F933D817,Vanilla Ice - Ice Is Workin' It,1649.419999999999,TRUNLGW128F92F9569,Gamma Ray - Heavy Metal Universe (live),0.6541634586902647,TRDRPZZ128F421D0DA,Zeigeist - Black Milk,0.6384617200199074,TRNMHLT128F933D65F,Buck-O-Nine - New Generation,0.6175824533439516,TRUNLGW128F92F9569,Gamma Ray - Heavy Metal Universe (live),0.6664420183371625,TRDRPZZ128F421D0DA,Zeigeist - Black Milk,0.6506219199675038,TRVWTVK128F429AAAB,Immortal Technique - The 4th Branch,0.6322380497843354,TRFUJVJ128F426F2A2,Lauryn Hill - Interlude 5,160.8816668024107,TRGRDJF128F934EF03,Jah Cure - Sticky,153.4155103828522,TRQAWKR128F425EEC3,Michael Jackson - Man In The Mirror,151.38924698794975,TRGRDJF128F934EF03,Jah Cure - Sticky,135.72128151066,TRQAWKR128F425EEC3,Michael Jackson - Man In The Mirror,110.16171003966632,TROSICW128F933ADB8,Damien Dempsey - Colony,89.96703195970419,TRGRDJF128F934EF03,Jah Cure - Sticky,0.3469209950932832,TRFZJFH12903CE42DD,Pedro The Lion - Progress,0.3004959601142013,TRWJFKR128F423382A,Faithless - To All New Arrivals,0.2964776994607366,TRGRDJF128F934EF03,Jah Cure - Sticky,0.3751790296813949,TRFZJFH12903CE42DD,Pedro The Lion - Progress,0.3360891677520377,TRWJFKR128F423382A,Faithless - To All New Arrivals,0.3284868440777364
TRHDTPQ128F147733A,SOLWOXW12D021B2450,ARAZCWP129462A97F1,Bob Marley & The Wailers,Could You Be Loved,reggae,TRFUJVJ128F426F2A2,Lauryn Hill - Interlude 5,8724.0,TRWSYHO128F4282346,Twista - I'm A Winner (Amended Album Version),6834.0,TRQAWKR128F425EEC3,Michael Jackson - Man In The Mirror,5406.0,TRFUJVJ128F426F2A2,Lauryn Hill - Interlude 5,8034.000000000002,TRWSYHO128F4282346,Twista - I'm A Winner (Amended Album Version),6383.062499999999,TRQAWKR128F425EEC3,Michael Jackson - Man In The Mirror,4814.437500000002,TRQCMLS128F933DB3B,Boyz II Men - Could It Be I'm Falling In Love,0.6264738571268593,TRLXZCU128F4298B33,The Enemy - It's Not OK [Live From London],0.609560505239276,TRPVTRG128F425AB3E,Lisa Stansfield - I Will Be Waiting,0.5767967262086692,TRQCMLS128F933DB3B,Boyz II Men - Could It Be I'm Falling In Love,0.6356417799374943,TRLXZCU128F4298B33,The Enemy - It's Not OK [Live From London],0.6203436981239911,TRPVTRG128F425AB3E,Lisa Stansfield - I Will Be Waiting,0.5877594595436703,TRFUJVJ128F426F2A2,Lauryn Hill - Interlude 5,323.8895028883473,TRCHZXW128E079288A,Eminem - 8 Mile,243.74532903413373,TRDPGXU128F9339C2A,Beastie Boys - B-Boy Bouillabaisse: A.W.O.L. (2009 Digital Remaster),241.41217681299995,TRFUJVJ128F426F2A2,Lauryn Hill - Interlude 5,172.1082259263546,TRQAWKR128F425EEC3,Michael Jackson - Man In The Mirror,129.5490644295813,TRQQLZD128F425E9BC,Alicia Keys - Tell You Something (Nana's Reprise),126.5181547199758,TRVBOFB128F1495AB8,João Gilberto - You Do Something To Me,0.30861846036389584,TRIVOWM128F4262FEE,Dope - I Am Nothing,0.2854208258279978,TROIHBO128F42613D7,Missing Persons - Destination Unknown,0.28253949495225805,TROIHBO128F42613D7,Missing Persons - Destination Unknown,0.33302193515165074,TRVBOFB128F1495AB8,João Gilberto - You Do Something To Me,0.33236356021762914,TRWNAZK128F9301315,Mc Chris - Rollercoaster,0.3283405243660707
TRUVZTN128F424B846,SOLIWAK12D021B0CFA,ARAZCWP129462A97F1,Bob Marley,No Water,reggae,TRFUJVJ128F426F2A2,Lauryn Hill - Interlude 5,1905.0,TRWSYHO128F4282346,Twista - I'm A Winner (Amended Album Version),1729.0,TRDPGXU128F9339C2A,Beastie Boys - B-Boy Bouillabaisse: A.W.O.L. (2009 Digital Remaster),1711.0,TRFUJVJ128F426F2A2,Lauryn Hill - Interlude 5,1700.7600000000004,TRWSYHO128F4282346,Twista - I'm A Winner (Amended Album Version),1595.5225000000007,TRDPGXU128F9339C2A,Beastie Boys - B-Boy Bouillabaisse: A.W.O.L. (2009 Digital Remaster),1540.1987500000002,TRQMVYN128F4250E38,Bob Marley - Rebels Hop,0.9932317150001168,TRXXPYK128F14805B7,Phil Collins - A Groovy Kind Of Love (Live),0.7034400136386254,TRENDJC128F42790D9,Amel Larrieux - Sweet Misery,0.6857268786540108,TRQMVYN128F4250E38,Bob Marley - Rebels Hop,0.9935022053948106,TRXXPYK128F14805B7,Phil Collins - A Groovy Kind Of Love (Live),0.7150501294849967,TRENDJC128F42790D9,Amel Larrieux - Sweet Misery,0.6979503950069523,TRQMVYN128F4250E38,Bob Marley - Rebels Hop,204.7993059559812,TROIJDA128F9341E70,R. Kelly - I Mean (I Don't Mean It),124.85090340581345,TRNODEK128E07861DD,LL Cool J - Lollipop,111.3145014491798,TRQMVYN128F4250E38,Bob Marley - Rebels Hop,195.40189240970574,TROIJDA128F9341E70,R. Kelly - I Mean (I Don't Mean It),92.49488462589562,TRHQIZI128F42A0297,Duran Duran - All Along The Water,88.17042718212008,TRQMVYN128F4250E38,Bob Marley - Rebels Hop,0.9490421284375952,TRBJPJS128F932F173,Cat Stevens - Rubylove,0.2922108091645612,TRHQIZI128F42A0297,Duran Duran - All Along The Water,0.2827075744276664,TRQMVYN128F4250E38,Bob Marley - Rebels Hop,0.9512575878871904,TRHQIZI128F42A0297,Duran Duran - All Along The Water,0.31019944369671565,TRYRZDA128F427DAE9,Gabriella Cilmi - Don't Wanna Go To Bed Now,0.3099104181220975
TRGPDHJ128F14527D5,SOVKUMU12D0219A271,ARAZCWP129462A97F1,Bob Marley & The Wailers,One Love / People Get Ready,reggae,TRLINLH128F9346400,Black Eyed Peas - One Tribe,2810.0,TRFUJVJ128F426F2A2,Lauryn Hill - Interlude 5,2710.0,TRTLIKK128E07862DA,Ja Rule - One of Us,2318.0,TRLINLH128F9346400,Black Eyed Peas - One Tribe,2671.289999999999,TRFUJVJ128F426F2A2,Lauryn Hill - Interlude 5,2353.04,TRTLIKK128E07862DA,Ja Rule - One of Us,2102.175,TRLINLH128F9346400,Black Eyed Peas - One Tribe,0.5869638593102421,TRLOZGV128F42A06E6,Tanya Tucker - One Love At A Time,0.5233580834215669,TRJEUZK128F146858D,Roxette - From One Heart To Another,0.48149214388925066,TRLINLH128F9346400,Black Eyed Peas - One Tribe,0.598910012511148,TRLOZGV128F42A06E6,Tanya Tucker - One Love At A Time,0.5414275967664436,TRTBJON128F428EC09,Dr. Alban - One Love,0.5001897006171544,TRFUJVJ128F426F2A2,Lauryn Hill - Interlude 5,236.13157905086564,TRWVZBZ128F1462E08,Yellowcard - Believe,203.34718203514348,TRCJUCQ12903CEB017,OutKast - Hey Ya!,175.59438241774845,TRWVZBZ128F1462E08,Yellowcard - Believe,170.1633260718412,TRCJUCQ12903CEB017,OutKast - Hey Ya!,136.16346441646257,TRQRLHF128F14722B5,Anouk - Alright,121.98304528969553,TRWVZBZ128F1462E08,Yellowcard - Believe,0.35309164913021474,TRQRLHF128F14722B5,Anouk - Alright,0.30952911596162463,TRHKHSR128F9303554,Andrew Peterson - Holy Is The Lord,0.3015251576523697,TRWVZBZ128F1462E08,Yellowcard - Believe,0.3941847799267136,TRQRLHF128F14722B5,Anouk - Alright,0.3522070584096983,TRRXHUS128F4289B89,Useless I.D. - It's Alright,0.31993777893319014
TRHKHHL128F4251E2A,SOFLXLZ12D021B24CD,ARAZCWP129462A97F1,Bob Marley,Try Me,reggae,TRUGLTC128F4227B93,Danity Kane - Hold Me Down (Album Version),4652.0,TRVLIZK128F428845E,Five - That's What You Told Me,4357.0,TRFUJVJ128F426F2A2,Lauryn Hill - Interlude 5,3318.0,TRUGLTC128F4227B93,Danity Kane - Hold Me Down (Album Version),4515.599999999998,TRVLIZK128F428845E,Five - That's What You Told Me,4244.200000000002,TRFUJVJ128F426F2A2,Lauryn Hill - Interlude 5,3023.5999999999985,TRBYSYI128E07919D8,Trisha Yearwood - Try Me Again,0.8052579057935676,TRXTLLG128F930416B,Bizzy Bone - I Need You,0.7318707881167816,TRKZRCW128F4233621,Diana Krall - Peel Me A Grape,0.6892733119960317,TRBYSYI128E07919D8,Trisha Yearwood - Try Me Again,0.8066094439377955,TRXTLLG128F930416B,Bizzy Bone - I Need You,0.7314952430700974,TRKZRCW128F4233621,Diana Krall - Peel Me A Grape,0.6925061394834546,TRFUJVJ128F426F2A2,Lauryn Hill - Interlude 5,140.26324963166087,TRDPGXU128F9339C2A,Beastie Boys - B-Boy Bouillabaisse: A.W.O.L. (2009 Digital Remaster),107.14404090675943,TRSEYKD128F427F46E,Frankie J - Without You,95.85017999688586,TRFUJVJ128F426F2A2,Lauryn Hill - Interlude 5,78.9975598329839,TRSEYKD128F427F46E,Frankie J - Without You,76.43626513502672,TRZWUOC128F92CB5FE,Slightly Stoopid - Everything You Need,73.54112062014033,TRNKNQY12903CFF808,Twenty 4 Seven - Take Me Away,0.3048020071645477,TRBYSYI128E07919D8,Trisha Yearwood - Try Me Again,0.28359523165862804,TRCDVVQ12903D063BE,Venus Hum - Go To Sleep,0.27137073243791465,TRNKNQY12903CFF808,Twenty 4 Seven - Take Me Away,0.3282600950330591,TRBYSYI128E07919D8,Trisha Yearwood - Try Me Again,0.3162854872069006,TRSEYKD128F427F46E,Frankie J - Without You,0.30149665245041163
TRAMTEH128F930D496,SOKVEKX12CF530D5AF,ARAZCWP129462A97F1,Bob Marley & The Wailers,Baby We've Got A Date (Rock It Baby),reggae,TRBVPVV128F425F14F,Daft Punk - Touch It / Technologic,4353.0,TRGUCIR128F933D817,Vanilla Ice - Ice Is Workin' It,3983.0,TRFSCLD12903CD213F,The Prodigy - We Gonna Rock,3978.0,TRBVPVV128F425F14F,Daft Punk - Touch It / Technologic,4138.7562499999985,TRFSCLD12903CD213F,The Prodigy - We Gonna Rock,3865.900000000001,TRGUCIR128F933D817,Vanilla Ice - Ice Is Workin' It,3726.35,TRADWLM128F42678B1,Ringo Starr - Where Did Our Love Go,0.5602901125027528,TRKIRIG128E0791EB7,Floetry - Getting Late,0.5549814745364121,TRAMJWO128EF343C19,Sarah Connor - French Kissing,0.5124384069273435,TRADWLM128F42678B1,Ringo Starr - Where Did Our Love Go,0.5667986375091559,TRKIRIG128E0791EB7,Floetry - Getting Late,0.5657115574628778,TRAMJWO128EF343C19,Sarah Connor - French Kissing,0.5241286365579738,TRCGAVX12903CFBC61,Ashanti - Rock Wit U (Awww Baby),271.21514746916256,TRIPIMD128F92D3E12,Ryan Leslie - Just Right,216.49234802777045,TRUWZJQ128F145E9F7,Afroman - Let's All Get Drunk,211.81252238866648,TRCGAVX12903CFBC61,Ashanti - Rock Wit U (Awww Baby),245.04813526333925,TRIPIMD128F92D3E12,Ryan Leslie - Just Right,180.64274254610115,TRFSCLD12903CD213F,The Prodigy - We Gonna Rock,173.46903155139026,TRFSCLD12903CD213F,The Prodigy - We Gonna Rock,0.4041936867704394,TRCGAVX12903CFBC61,Ashanti - Rock Wit U (Awww Baby),0.39706455901047893,TRAJQIF128F92CD28A,T.Rex - The Street And Babe Shadow,0.3658034848748079,TRCGAVX12903CFBC61,Ashanti - Rock Wit U (Awww Baby),0.42113011343706475,TRFSCLD12903CD213F,The Prodigy - We Gonna Rock,0.41114532763898065,TRAJQIF128F92CD28A,T.Rex - The Street And Babe Shadow,0.3829843158360519
TRCGRJV128F1477322,SOJPUXZ12CF5F8899E,ARAZCWP129462A97F1,Bob Marley & The Wailers,Johnny Was,reggae,TRFUJVJ128F426F2A2,Lauryn Hill - Interlude 5,2088.0,TRDPGXU128F9339C2A,Beastie Boys - B-Boy Bouillabaisse: A.W.O.L. (2009 Digital Remaster),1679.0,TRQAWKR128F425EEC3,Michael Jackson - Man In The Mirror,1600.0,TRFUJVJ128F426F2A2,Lauryn Hill - Interlude 5,1745.7600000000014,TRDPGXU128F9339C2A,Beastie Boys - B-Boy Bouillabaisse: A.W.O.L. (2009 Digital Remaster),1392.7925000000007,TRQAWKR128F425EEC3,Michael Jackson - Man In The Mirror,1306.5850000000007,TRFEGGQ128E07898AA,Etta James - W.O.M.A.N.,0.5880641689006172,TRUOWXS128F4232239,Little Anthony & The Imperials - Shimmy_ Shimmy_ Ko-Ko-Bop (Single Version),0.5161077045587933,TRWGVKC128F92EAB51,John Legend - Stereo,0.5003414974449226,TRFEGGQ128E07898AA,Etta James - W.O.M.A.N.,0.5981221005231611,TRUOWXS128F4232239,Little Anthony & The Imperials - Shimmy_ Shimmy_ Ko-Ko-Bop (Single Version),0.5365117497382341,TRWGVKC128F92EAB51,John Legend - Stereo,0.5195669820234049,TRRMFXK128F14841FD,Gyptian - Take My Money,227.25056339870568,TRFUJVJ128F426F2A2,Lauryn Hill - Interlude 5,221.70829361037167,TRDPGXU128F9339C2A,Beastie Boys - B-Boy Bouillabaisse: A.W.O.L. (2009 Digital Remaster),211.46937749168285,TRRMFXK128F14841FD,Gyptian - Take My Money,171.263081088597,TRNIMKL128F9301867,Janie Fricke - She's Single Again,134.62457664884164,TRPUUSG128E07953B7,Shaggy - Luv Me Up,125.66376513629824,TRNIMKL128F9301867,Janie Fricke - She's Single Again,0.329197916242659,TRFEGGQ128E07898AA,Etta James - W.O.M.A.N.,0.31991768898952266,TRWVNCE128F4291F66,Ronnie Milsap - A Woman In Love,0.2955713640753921,TRNIMKL128F9301867,Janie Fricke - She's Single Again,0.3818882739160466,TRFEGGQ128E07898AA,Etta James - W.O.M.A.N.,0.3542420019472972,TRRMFXK128F14841FD,Gyptian - Take My Money,0.3404321633460105
TRRVJJF128F9309F02,SOECMGI12CF530E4F3,ARAZCWP129462A97F1,Bob Marley,Riding High,reggae,TRFUJVJ128F426F2A2,Lauryn Hill - Interlude 5,4582.0,TRWSYHO128F4282346,Twista - I'm A Winner (Amended Album Version),4519.0,TRDPGXU128F9339C2A,Beastie Boys - B-Boy Bouillabaisse: A.W.O.L. (2009 Digital Remaster),3630.0,TRWSYHO128F4282346,Twista - I'm A Winner (Amended Album Version),4238.817499999999,TRFUJVJ128F426F2A2,Lauryn Hill - Interlude 5,4153.279999999999,TRLTYLK128F92FE6FF,Britney Spears - Radar,3375.15125,TRALDGD128F932DC4B,Belleruche - Northern Girls,0.6418841917752084,TRNPSMI128F14A8E06,Brian McKnight - Holdin' On [Missin' U] (Album Version),0.6359842377758672,TRRYBBN128F42B15B8,Johnny Winter - Prodigal Son,0.6352888378914163,TRALDGD128F932DC4B,Belleruche - Northern Girls,0.6519932272217385,TRRYBBN128F42B15B8,Johnny Winter - Prodigal Son,0.6470601251896345,TRNPSMI128F14A8E06,Brian McKnight - Holdin' On [Missin' U] (Album Version),0.6454026287529029,TRDPGXU128F9339C2A,Beastie Boys - B-Boy Bouillabaisse: A.W.O.L. (2009 Digital Remaster),227.97489741978652,TRFUJVJ128F426F2A2,Lauryn Hill - Interlude 5,183.75208308936624,TRFEGNP128F93462CB,Kurupt - It Ain't About You,182.55047309240695,TRYOZYQ128E078E170,The Roots - Quills,128.99336149843583,TRVVVYG12903CD8B5A,Kid Sister - Get Fresh,126.1309846987434,TRXONIT128F9355F39,Jeremih - My Ride,125.6272105419206,TRVVVYG12903CD8B5A,Kid Sister - Get Fresh,0.3001816237039697,TRBYQEL128F427E807,Skip James - Cherry Ball Blues,0.24841220870932149,TRIMHTP128F93256C1,Dropkick Murphys - Sunshine Highway (Album Version),0.24086451149365903,TRVVVYG12903CD8B5A,Kid Sister - Get Fresh,0.3457950103981956,TRYOZYQ128E078E170,The Roots - Quills,0.2955135078894481,TRXONIT128F9355F39,Jeremih - My Ride,0.2931126284424412
TRDXHIR128F930E030,SOZKMVA12CF5F87636,ARAZCWP129462A97F1,Bob Marley,Soul Shakedown,reggae,TRFUJVJ128F426F2A2,Lauryn Hill - Interlude 5,2678.0,TRUGLTC128F4227B93,Danity Kane - Hold Me Down (Album Version),2272.0,TRGLNKG128F9307689,Eminem - My Darling,2077.0,TRFUJVJ128F426F2A2,Lauryn Hill - Interlude 5,2407.5200000000004,TRUGLTC128F4227B93,Danity Kane - Hold Me Down (Album Version),2146.6825,TRGLNKG128F9307689,Eminem - My Darling,1911.4412499999999,TRABNVL128F14A9685,Banaroo - Ringa Ding Ding,0.6006225375280059,TRMQQGH128F9301E4B,Mutya Buena - Not Your Baby,0.5461881056890137,TRHFADH128F92E2BE3,Muse - Pink Ego Box,0.5448261418018913,TRABNVL128F14A9685,Banaroo - Ringa Ding Ding,0.6164113028235356,TRMQQGH128F9301E4B,Mutya Buena - Not Your Baby,0.5643912701866034,TRHFADH128F92E2BE3,Muse - Pink Ego Box,0.5601927958235988,TREXCMT128F933D825,Vanilla Ice - It's A Party,169.40927107823222,TRJGDRR128F92E08BC,The Cool Kids - Bassment Party,149.3940411872558,TRUWZJQ128F145E9F7,Afroman - Let's All Get Drunk,148.29129770345028,TREXCMT128F933D825,Vanilla Ice - It's A Party,135.8295333849679,TRJLUJJ128F426AA9F,Doris Day - (Why Did I Tell You I Was Going To) Shanghai,119.3360949445615,TRAMLZC128F92F3EB9,Andrew W.K. - Long Live The Party,115.21057763209178,TRABNVL128F14A9685,Banaroo - Ringa Ding Ding,0.3876551015337272,TRJLUJJ128F426AA9F,Doris Day - (Why Did I Tell You I Was Going To) Shanghai,0.3666540775077246,TRAMLZC128F92F3EB9,Andrew W.K. - Long Live The Party,0.34610311978327946,TRABNVL128F14A9685,Banaroo - Ringa Ding Ding,0.4108169323864264,TRJLUJJ128F426AA9F,Doris Day - (Why Did I Tell You I Was Going To) Shanghai,0.3908204509939402,TRAMLZC128F92F3EB9,Andrew W.K. - Long Live The Party,0.3655766971019383
TRDTEUX12903CB4AD7,SOQJCXI12CF5F883FC,ARAZCWP129462A97F1,Bob Marley & The Wailers,Trenchtown Rock,reggae,TRFUJVJ128F426F2A2,Lauryn Hill - Interlude 5,6045.0,TRWSYHO128F4282346,Twista - I'm A Winner (Amended Album Version),4927.0,TREBGAA128E078FC52,Erykah Badu - I Want You,4284.0,TRFUJVJ128F426F2A2,Lauryn Hill - Interlude 5,5527.959999999999,TRWSYHO128F4282346,Twista - I'm A Winner (Amended Album Version),4589.097499999999,TREBGAA128E078FC52,Erykah Badu - I Want You,4093.9737499999965,TRKSXRS128F14AA089,Natalie Cole - I'm Catching Hell (Living Here Alone) (Digitally Remastered 02),0.6509760172104435,TRKOFWG128F42437E1,Mississippi Fred McDowell - Bull Dog Blues,0.646038029934093,TRTAYPD128F42A4C9C,Murs - You & I,0.6247655997466822,TRKSXRS128F14AA089,Natalie Cole - I'm Catching Hell (Living Here Alone) (Digitally Remastered 02),0.6683205443231683,TRKOFWG128F42437E1,Mississippi Fred McDowell - Bull Dog Blues,0.6594102908830897,TRTAYPD128F42A4C9C,Murs - You & I,0.6436963108871904,TRFUJVJ128F426F2A2,Lauryn Hill - Interlude 5,294.1314851172764,TRQWDRK128F4241A32,Twista - Overdose (Album Version),244.71088255861133,TRHDXOY128F42B3BE9,Onyx - Slam Harder,234.46818083661915,TRPMWXN128E0792C24,Steel Pulse - Sound Check,195.62745989796707,TRHDXOY128F42B3BE9,Onyx - Slam Harder,169.53600425004132,TRPUEFZ128F146269E,Onyx - Slam,169.53600425004132,TRPMWXN128E0792C24,Steel Pulse - Sound Check,0.38130300197113604,TRFSCLD12903CD213F,The Prodigy - We Gonna Rock,0.37841282937604687,TRUPAWD128F1461933,Sammy Hagar - Turn Up The Music,0.3716970200529449,TRPMWXN128E0792C24,Steel Pulse - Sound Check,0.4038489305633368,TRUPAWD128F1461933,Sammy Hagar - Turn Up The Music,0.4035438065265971,TRFSCLD12903CD213F,The Prodigy - We Gonna Rock,0.3859321936042091
TRVTZTY128E0781E22,SOQUOKX12A6310D863,ARNF13I1187FB562A5,Massive Attack,Eternal Feedback (Sly),reggae,TRFUJVJ128F426F2A2,Lauryn Hill - Interlude 5,2040.0,TRCHZXW128E079288A,Eminem - 8 Mile,1918.0,TRDPGXU128F9339C2A,Beastie Boys - B-Boy Bouillabaisse: A.W.O.L. (2009 Digital Remaster),1910.0,TRFUJVJ128F426F2A2,Lauryn Hill - Interlude 5,1813.6800000000005,TRCHZXW128E079288A,Eminem - 8 Mile,1775.1662500000004,TRDPGXU128F9339C2A,Beastie Boys - B-Boy Bouillabaisse: A.W.O.L. (2009 Digital Remaster),1720.73375,TRSGBEL128F1499690,Scooter - She's The Sun,0.689016503762443,TRJXWSW12903CC98F4,Plan B - Stay Too Long,0.6845272326785291,TRWILVQ128F42644B3,Ben Folds Five - Don't Change Your Plans,0.6842322746480496,TRSGBEL128F1499690,Scooter - She's The Sun,0.7032499873591423,TRJXWSW12903CC98F4,Plan B - Stay Too Long,0.6988777445436104,TRWILVQ128F42644B3,Ben Folds Five - Don't Change Your Plans,0.6971662373840478,TRFUJVJ128F426F2A2,Lauryn Hill - Interlude 5,200.66566736412275,TRDPGXU128F9339C2A,Beastie Boys - B-Boy Bouillabaisse: A.W.O.L. (2009 Digital Remaster),129.02316153644162,TRWZUDO128F1495E26,Prince - I Love U In Me ( LP Version),123.07752568804298,TRFUJVJ128F426F2A2,Lauryn Hill - Interlude 5,102.65875078488997,TRWVKHI128F92F28E4,Keyshia Cole - Heaven Sent,75.8470643344157,TRCLXIB128F4216E8B,Lyrics Born - L-I-F-E,70.28433988716907,TRIRFGG128F4291E43,Dead Kennedys - Your Emotions,0.29808177634437755,TRWLGSO128F425FB2E,Billy Dean - Down To Your Last One More,0.2448329245428615,TRXMZDU128F147E6A9,Project 86 - From December,0.2271175920053195,TRIRFGG128F4291E43,Dead Kennedys - Your Emotions,0.33220962388631964,TRWLGSO128F425FB2E,Billy Dean - Down To Your Last One More,0.2881603621703783,TRXMZDU128F147E6A9,Project 86 - From December,0.27751446975062044
TRORKSH128F9320C21,SOOLUCH12A6310E8B5,ARAZCWP129462A97F1,Bob Marley & The Wailers,Black Progress,reggae,TRFUJVJ128F426F2A2,Lauryn Hill - Interlude 5,2085.0,TRDPGXU128F9339C2A,Beastie Boys - B-Boy Bouillabaisse: A.W.O.L. (2009 Digital Remaster),1651.0,TRWSYHO128F4282346,Twista - I'm A Winner (Amended Album Version),1446.0,TRFUJVJ128F426F2A2,Lauryn Hill - Interlude 5,1832.9199999999987,TRDPGXU128F9339C2A,Beastie Boys - B-Boy Bouillabaisse: A.W.O.L. (2009 Digital Remaster),1440.1912499999994,TREBGAA128E078FC52,Erykah Badu - I Want You,1306.353749999999,TROFTGV128F1458F77,Public Image Ltd - Bags,0.6140784101656409,TRXICJK128F1466AA5,Digable Planets - Slowes' Comb/The May 4th Movement starring Doodlebug,0.5185035338156877,TRRZYOC128F423085D,Lightnin' Hopkins - Big Black Cadillac Blues,0.5171071863486331,TROFTGV128F1458F77,Public Image Ltd - Bags,0.619534727222212,TRXICJK128F1466AA5,Digable Planets - Slowes' Comb/The May 4th Movement starring Doodlebug,0.5395077534562611,TRRZYOC128F423085D,Lightnin' Hopkins - Big Black Cadillac Blues,0.5385160672422936,TRDXXCE128F92C4DA3,Public Enemy - Fight The Power,204.00611192833878,TRFMKJY128F92E89F1,Big Brovaz - Find A Way,196.68361238846862,TRKQJBJ128F4241A45,Twista - No Remorse (Album Version),177.05885340478144,TRDXXCE128F92C4DA3,Public Enemy - Fight The Power,169.967817568467,TRFMKJY128F92E89F1,Big Brovaz - Find A Way,148.9235636466132,TRFDCNQ128F1459669,Fats Domino - I'm Ready,142.96235338208308,TRNIMRY128E0793303,Steel Pulse - Handsworth Revolution,0.36516071253186005,TRDXXCE128F92C4DA3,Public Enemy - Fight The Power,0.3353902294083087,TRFDCNQ128F1459669,Fats Domino - I'm Ready,0.3110748410825248,TRNIMRY128E0793303,Steel Pulse - Handsworth Revolution,0.40293647824880596,TRDXXCE128F92C4DA3,Public Enemy - Fight The Power,0.3764126612563825,TRFDCNQ128F1459669,Fats Domino - I'm Ready,0.3393765183895585
TRGEMSN128E07944A8,SOKCEXR12A6701C3EB,ARAZCWP129462A97F1,Bob Marley & The Wailers,Reggae On Broadway,reggae,TREXCMT128F933D825,Vanilla Ice - It's A Party,5402.0,TRDPGXU128F9339C2A,Beastie Boys - B-Boy Bouillabaisse: A.W.O.L. (2009 Digital Remaster),4712.0,TRFUJVJ128F426F2A2,Lauryn Hill - Interlude 5,4479.0,TREXCMT128F933D825,Vanilla Ice - It's A Party,5206.540000000004,TRDPGXU128F9339C2A,Beastie Boys - B-Boy Bouillabaisse: A.W.O.L. (2009 Digital Remaster),4355.010000000002,TRLTYLK128F92FE6FF,Britney Spears - Radar,4194.730000000003,TRBUJAC128F92DE866,Scandinavian Music Group - Näin minä vihellän matkallani,0.651322104054422,TROZVGY128F425A54E,Groove Armada - Groove Is On,0.6454777638179509,TRDXSJQ128F92CEE86,The Replacements - Love You Till Friday,0.608497711016437,TROZVGY128F425A54E,Groove Armada - Groove Is On,0.6518492981410509,TRBUJAC128F92DE866,Scandinavian Music Group - Näin minä vihellän matkallani,0.651080807036413,TRHHLCK128F92E3C65,Judee Sill - There's A Rugged Road,0.6160108581287157,TRQGLNM128F42618C6,The Isley Brothers - Touch Me,173.94010080727455,TRJLMAI128F92EBB04,Marques Houston - Naked,154.3780537963232,TRFUJVJ128F426F2A2,Lauryn Hill - Interlude 5,153.65533759957665,TRQGLNM128F42618C6,The Isley Brothers - Touch Me,129.57842821435645,TRJLMAI128F92EBB04,Marques Houston - Naked,125.9952099802814,TRHGZOJ128F14A2ED0,The Simpsons - Do The Bartman,107.14949364674189,TRMVGKO128E078552F,Keith Sweat - Give Me What I Want (LP Version),0.35948840158664375,TRFUMBG128F92E3BDE,Grand Puba - Alamo,0.35195118651608825,TRYFAGV128F42ADCCD,Corona - Baby I Need Your Love,0.3467671508679143,TRMVGKO128E078552F,Keith Sweat - Give Me What I Want (LP Version),0.392216007168031,TRYFAGV128F42ADCCD,Corona - Baby I Need Your Love,0.37567331660444575,TRJLMAI128F92EBB04,Marques Houston - Naked,0.37040927319320394
TRQMVYN128F4250E38,SOPYZTH12A8C135090,ARAZCWP129462A97F1,Bob Marley,Rebels Hop,reggae,TRFUJVJ128F426F2A2,Lauryn Hill - Interlude 5,1908.0,TRWSYHO128F4282346,Twista - I'm A Winner (Amended Album Version),1729.0,TRDPGXU128F9339C2A,Beastie Boys - B-Boy Bouillabaisse: A.W.O.L. (2009 Digital Remaster),1718.0,TRFUJVJ128F426F2A2,Lauryn Hill - Interlude 5,1698.2399999999998,TRWSYHO128F4282346,Twista - I'm A Winner (Amended Album Version),1591.9150000000006,TRDPGXU128F9339C2A,Beastie Boys - B-Boy Bouillabaisse: A.W.O.L. (2009 Digital Remaster),1542.5825,TRUVZTN128F424B846,Bob Marley - No Water,0.9932317150001168,TRXXPYK128F14805B7,Phil Collins - A Groovy Kind Of Love (Live),0.6983789577727423,TRENDJC128F42790D9,Amel Larrieux - Sweet Misery,0.6807726398067844,TRUVZTN128F424B846,Bob Marley - No Water,0.9935022053948106,TRXXPYK128F14805B7,Phil Collins - A Groovy Kind Of Love (Live),0.7104038806111893,TRENDJC128F42790D9,Amel Larrieux - Sweet Misery,0.6934152566955865,TRUVZTN128F424B846,Bob Marley - No Water,204.7993059559812,TROIJDA128F9341E70,R. Kelly - I Mean (I Don't Mean It),124.85090340581345,TRFUJVJ128F426F2A2,Lauryn Hill - Interlude 5,122.59489261422603,TRUVZTN128F424B846,Bob Marley - No Water,195.40189240970574,TROIJDA128F9341E70,R. Kelly - I Mean (I Don't Mean It),90.14361045002572,TRHQIZI128F42A0297,Duran Duran - All Along The Water,87.2647148285181,TRUVZTN128F424B846,Bob Marley - No Water,0.9490421284375952,TRBJPJS128F932F173,Cat Stevens - Rubylove,0.27671723262132225,TRHQIZI128F42A0297,Duran Duran - All Along The Water,0.26641049655907784,TRUVZTN128F424B846,Bob Marley - No Water,0.9512575878871904,TRPZYYZ128F4229F12,Buck-O-Nine - Silence,0.29737428186643305,TRABPNQ12903CF544B,Vonda Shepard - Sweet Inspiration,0.29626094352800536
TRDJCNG128F9339544,SOKMGXA12A8C1447B6,ARAZCWP129462A97F1,Bob Marley,Stop The Train,reggae,TRXHFMI128F429B2F2,Rufio - Over It (Acoustic),3033.0,TRCHZXW128E079288A,Eminem - 8 Mile,3023.0,TRDPGXU128F9339C2A,Beastie Boys - B-Boy Bouillabaisse: A.W.O.L. (2009 Digital Remaster),2830.0,TRXHFMI128F429B2F2,Rufio - Over It (Acoustic),2930.0812499999965,TRCHZXW128E079288A,Eminem - 8 Mile,2831.393750000001,TRDPGXU128F9339C2A,Beastie Boys - B-Boy Bouillabaisse: A.W.O.L. (2009 Digital Remaster),2576.10625,TREHMYJ128F42BA1E6,Björk - Hunter,0.7001736511253633,TRZKMDX128F4277845,Lucky Dube - Slave,0.6830995939417713,TRFMKNB128F92D065C,Little Walter - Key To The Highway,0.6826631077539432,TREHMYJ128F42BA1E6,Björk - Hunter,0.7053637150042182,TRFMKNB128F92D065C,Little Walter - Key To The Highway,0.6918250411879877,TRZKMDX128F4277845,Lucky Dube - Slave,0.6886253612165252,TRDPGXU128F9339C2A,Beastie Boys - B-Boy Bouillabaisse: A.W.O.L. (2009 Digital Remaster),188.44046802813463,TRFUJVJ128F426F2A2,Lauryn Hill - Interlude 5,160.11688836106578,TRKGULH128F428C170,Mobb Deep - Trife Life,157.00893694521457,TRPQNZK128F932336B,Pete Droge - Northern Bound Train,121.33651914014155,TRFZDLZ128F932F17E,Cat Stevens - Peace Train,114.47545366563791,TRODELM128F42A65E8,Pepper - Tradewinds (LP Version),110.0285313250812,TRVSWGN12903CB4A44,Bob Marley & The Wailers - This Train,0.3444251995699511,TRPQNZK128F932336B,Pete Droge - Northern Bound Train,0.3218666224898442,TRXLZMH128F427F6AC,J.J. Cale - Ridin Home,0.31371939356727413,TRVSWGN12903CB4A44,Bob Marley & The Wailers - This Train,0.35881670080846323,TRPQNZK128F932336B,Pete Droge - Northern Bound Train,0.3529736780045486,TRXLZMH128F427F6AC,J.J. Cale - Ridin Home,0.33140632010307824
TRVSWGN12903CB4A44,SOIVBAC12AB0186BFF,ARAZCWP129462A97F1,Bob Marley & The Wailers,This Train,reggae,TRRSNPA128F148C45E,The Roots - Mellow My Man,922.0,TROLEFX128E078BD4F,C-Block - My Life,772.0,TRFUJVJ128F426F2A2,Lauryn Hill - Interlude 5,704.0,TRRSNPA128F148C45E,The Roots - Mellow My Man,865.3337500000011,TROLEFX128E078BD4F,C-Block - My Life,735.2575,TRISBQQ128F93217A2,2Pac - Strictly 4 My N.I.G.G.A.Z.,585.4875000000002,TRJCGEW12903CDB113,bathory - Psychopath,0.47866972395720125,TRDJFEZ128F932AAEE,Agonoize - C.O.A.,0.46619372347180926,TRXLZMH128F427F6AC,J.J. Cale - Ridin Home,0.4647927350523464,TRJCGEW12903CDB113,bathory - Psychopath,0.48546523634969974,TRXLZMH128F427F6AC,J.J. Cale - Ridin Home,0.4729423261260961,TRDJFEZ128F932AAEE,Agonoize - C.O.A.,0.4724215712163083,TRSKORZ128F145C984,Gerry Rafferty - City To City,143.0849020035077,TRDPGXU128F9339C2A,Beastie Boys - B-Boy Bouillabaisse: A.W.O.L. (2009 Digital Remaster),125.507418239983,TRFZDLZ128F932F17E,Cat Stevens - Peace Train,123.67312763516769,TRSKORZ128F145C984,Gerry Rafferty - City To City,131.29413509437265,TRFZDLZ128F932F17E,Cat Stevens - Peace Train,111.9786583594598,TRDJCNG128F9339544,Bob Marley - Stop The Train,101.74246739010427,TRXLZMH128F427F6AC,J.J. Cale - Ridin Home,0.41159621206814395,TRSKORZ128F145C984,Gerry Rafferty - City To City,0.3814231935410505,TRSGEGE128F932612B,Bukka White - Black Train Blues,0.3474820505164897,TRXLZMH128F427F6AC,J.J. Cale - Ridin Home,0.42136681416990734,TRSKORZ128F145C984,Gerry Rafferty - City To City,0.3972889854386289,TRSGEGE128F932612B,Bukka White - Black Train Blues,0.36221012892136917
TRNJPBY128F92F621A,SOZQGAL12AB01856DB,ARLSC551187B99C55C,N-Dubz,Defeat You,reggae,TRWSYHO128F4282346,Twista - I'm A Winner (Amended Album Version),6490.0,TRDPGXU128F9339C2A,Beastie Boys - B-Boy Bouillabaisse: A.W.O.L. (2009 Digital Remaster),5913.0,TREBGAA128E078FC52,Erykah Badu - I Want You,5877.0,TRWSYHO128F4282346,Twista - I'm A Winner (Amended Album Version),6103.9974999999995,TREBGAA128E078FC52,Erykah Badu - I Want You,5659.92375,TRKLJAG128F42B31CF,Mario Vazquez - Everytime I...,5485.437500000002,TRKLJAG128F42B31CF,Mario Vazquez - Everytime I...,0.7242473250487041,TRLIRTX128EF35F038,Habakuk - Mury,0.7181540570444126,TRWBWCV12903CF1327,Wild Strawberries - Heroine,0.705103047773142,TRKLJAG128F42B31CF,Mario Vazquez - Everytime I...,0.729452448407703,TRLIRTX128EF35F038,Habakuk - Mury,0.7167654147531861,TRWBWCV12903CF1327,Wild Strawberries - Heroine,0.7140989729480632,TRRKBRB128EF35E2DA,N-Dubz - Feva Las Vegas,554.8428955098119,TRPDDZW128F42712B2,Young Jeezy - Still On It,480.68599269587577,TRRVXQX128F429A0C4,Fabrizio De Andrè - Sinan Capudan Pascià,414.7114869803204,TRRKBRB128EF35E2DA,N-Dubz - Feva Las Vegas,435.15923002003325,TRPDDZW128F42712B2,Young Jeezy - Still On It,374.2784190422387,TRRVXQX128F429A0C4,Fabrizio De Andrè - Sinan Capudan Pascià,355.9335877503033,TRRKBRB128EF35E2DA,N-Dubz - Feva Las Vegas,0.3745155608676019,TRLIRTX128EF35F038,Habakuk - Mury,0.35051078273826236,TRSAXGQ128F429510C,Tanya Stephens - Saturday Morning,0.3348987903609613,TRRKBRB128EF35E2DA,N-Dubz - Feva Las Vegas,0.43203569264213815,TRPDDZW128F42712B2,Young Jeezy - Still On It,0.3901524138204099,TRSAXGQ128F429510C,Tanya Stephens - Saturday Morning,0.3898514864181078
TRINMBD128F92F6211,SOBUZCT12AB0181786,ARLSC551187B99C55C,N-Dubz,Don't Get Nine,reggae,TRFUJVJ128F426F2A2,Lauryn Hill - Interlude 5,13592.0,TRWSYHO128F4282346,Twista - I'm A Winner (Amended Album Version),12944.0,TRDPGXU128F9339C2A,Beastie Boys - B-Boy Bouillabaisse: A.W.O.L. (2009 Digital Remaster),10955.0,TRFUJVJ128F426F2A2,Lauryn Hill - Interlude 5,12464.079999999998,TRWSYHO128F4282346,Twista - I'm A Winner (Amended Album Version),12206.8675,TREBGAA128E078FC52,Erykah Badu - I Want You,10298.458749999998,TRDQOIQ128E078746B,Jane Child - Don't Let It Get To You (Album Version),0.7496244722214042,TRFLMQX128F9341492,Edith Piaf - Dont Cry,0.7258242354494246,TRPQDHV128E07845CB,Kanye West - Graduation Day,0.7124664958601594,TRDQOIQ128E078746B,Jane Child - Don't Let It Get To You (Album Version),0.7561976194626711,TRFLMQX128F9341492,Edith Piaf - Dont Cry,0.7335861472286953,TRPQDHV128E07845CB,Kanye West - Graduation Day,0.724341901952453,TRFUJVJ128F426F2A2,Lauryn Hill - Interlude 5,477.21476325487953,TRDPGXU128F9339C2A,Beastie Boys - B-Boy Bouillabaisse: A.W.O.L. (2009 Digital Remaster),397.0873353740214,TRCHZXW128E079288A,Eminem - 8 Mile,345.64453859174694,TRFUJVJ128F426F2A2,Lauryn Hill - Interlude 5,225.27481818478356,TRIFVKW128F145C141,Gang Starr - The Illest Brother,189.9957508199076,TRUYSOV12903CED603,Esmée Denters - Getting Over You,186.1220049437291,TRUYSOV12903CED603,Esmée Denters - Getting Over You,0.2956709728057348,TRFYBJS128F145F5FA,Sammie - I Like It (Remix),0.27875102575307653,TRAAJJW128F4298683,JayMay - You Are The Only One I Love,0.2756251269925981,TRUYSOV12903CED603,Esmée Denters - Getting Over You,0.37441843970668115,TRIFVKW128F145C141,Gang Starr - The Illest Brother,0.35936387596721575,TRZCHKB128F92CB740,Anastacia - Club Megamix,0.35219194774444884
TRRKBRB128EF35E2DA,SOPZQDB12A6D4F5D62,ARLSC551187B99C55C,N-Dubz,Feva Las Vegas,reggae,TRFUJVJ128F426F2A2,Lauryn Hill - Interlude 5,7573.0,TRDPGXU128F9339C2A,Beastie Boys - B-Boy Bouillabaisse: A.W.O.L. (2009 Digital Remaster),6842.0,TRCHZXW128E079288A,Eminem - 8 Mile,6239.0,TRFUJVJ128F426F2A2,Lauryn Hill - Interlude 5,6557.32,TRDPGXU128F9339C2A,Beastie Boys - B-Boy Bouillabaisse: A.W.O.L. (2009 Digital Remaster),5992.609999999999,TRCHZXW128E079288A,Eminem - 8 Mile,5597.989999999998,TREYKNZ128F92F41C1,Swollen Members - Concerto,0.626159338247554,TRSLSWO128E0786285,Redman - Soopaman Luva 3,0.6206495616083004,TRFOGZN128F42882B5,OutKast - Claimin' True,0.6157933721988832,TREYKNZ128F92F41C1,Swollen Members - Concerto,0.6515055361527528,TRSLSWO128E0786285,Redman - Soopaman Luva 3,0.6456009807566715,TRFOGZN128F42882B5,OutKast - Claimin' True,0.6397067808543373,TRFUJVJ128F426F2A2,Lauryn Hill - Interlude 5,559.1009899444845,TRNJPBY128F92F621A,N-Dubz - Defeat You,554.8428955098119,TRPDDZW128F42712B2,Young Jeezy - Still On It,513.7354972171232,TRNJPBY128F92F621A,N-Dubz - Defeat You,435.15923002003325,TRPDDZW128F42712B2,Young Jeezy - Still On It,364.3103526866184,TRRVXQX128F429A0C4,Fabrizio De Andrè - Sinan Capudan Pascià,320.07227812479005,TRRDNZG128F1473D57,Oxide And Neutrino - N Digga Dee,0.3795042131484776,TRNJPBY128F92F621A,N-Dubz - Defeat You,0.3745155608676019,TRCPRIU128E0784F2B,Jewel - Leave The Lights On (Album Version),0.2942057554567266,TRNJPBY128F92F621A,N-Dubz - Defeat You,0.43203569264213815,TRRDNZG128F1473D57,Oxide And Neutrino - N Digga Dee,0.37216977034265536,TRPDDZW128F42712B2,Young Jeezy - Still On It,0.3625632986678345
TRYPJXU128F92F621C,SOQPAPP12AB01856E3,ARLSC551187B99C55C,N-Dubz,Secrets,reggae,TRFUJVJ128F426F2A2,Lauryn Hill - Interlude 5,6656.0,TRDPGXU128F9339C2A,Beastie Boys - B-Boy Bouillabaisse: A.W.O.L. (2009 Digital Remaster),6212.0,TRWSYHO128F4282346,Twista - I'm A Winner (Amended Album Version),5848.0,TRFUJVJ128F426F2A2,Lauryn Hill - Interlude 5,5877.6799999999985,TRDPGXU128F9339C2A,Beastie Boys - B-Boy Bouillabaisse: A.W.O.L. (2009 Digital Remaster),5561.108750000002,TRWSYHO128F4282346,Twista - I'm A Winner (Amended Album Version),5339.342499999998,TRZCHKB128F92CB740,Anastacia - Club Megamix,0.7971921479900729,TRVVBPB128F4250C72,Classified - Freezin In The Cold,0.7869389038693219,TREBQOW128F92C4549,Common - Book Of Life,0.7840532615903824,TRZCHKB128F92CB740,Anastacia - Club Megamix,0.8103825781285219,TRVVBPB128F4250C72,Classified - Freezin In The Cold,0.7988456064628982,TRTPMBB128F42934F8,Sage Francis - Keep Moving,0.7965843346099727,TRFUJVJ128F426F2A2,Lauryn Hill - Interlude 5,502.14811593229825,TRDPGXU128F9339C2A,Beastie Boys - B-Boy Bouillabaisse: A.W.O.L. (2009 Digital Remaster),443.99629098028447,TRCHZXW128E079288A,Eminem - 8 Mile,364.0258319866217,TRFUJVJ128F426F2A2,Lauryn Hill - Interlude 5,191.9659411857696,TRFMKJY128F92E89F1,Big Brovaz - Find A Way,171.92989099147107,TRGNBCC128F92F6218,N-Dubz - Work Work,164.22855046861045,TRLPVUA12903D06A15,Heidi Montag - Blackout,0.24405679737768501,TRMDPXM128F934542D,No Use For A Name - Why Doesn't Anybody Like Me?,0.2373099261578203,TRVEOPR128F423382D,Faithless - The Man In You,0.2313993756981914,TRFUJVJ128F426F2A2,Lauryn Hill - Interlude 5,0.3511943615445118,TRVEOPR128F423382D,Faithless - The Man In You,0.3511378514500279,TRMDPXM128F934542D,No Use For A Name - Why Doesn't Anybody Like Me?,0.34131478752378197
TRGNBCC128F92F6218,SOYFJUA12AB01856D2,ARLSC551187B99C55C,N-Dubz,Work Work,reggae,TRFUJVJ128F426F2A2,Lauryn Hill - Interlude 5,11505.0,TRWSYHO128F4282346,Twista - I'm A Winner (Amended Album Version),10897.0,TRDPGXU128F9339C2A,Beastie Boys - B-Boy Bouillabaisse: A.W.O.L. (2009 Digital Remaster),9802.0,TRFUJVJ128F426F2A2,Lauryn Hill - Interlude 5,10356.839999999998,TRWSYHO128F4282346,Twista - I'm A Winner (Amended Album Version),10146.639999999998,TREBGAA128E078FC52,Erykah Badu - I Want You,9069.02,TRYYRLU12903D082FF,Jonny Lang - Breakin Me,0.7502120823191647,TRABMIY128F426EA8F,Babyface - Seven Seas,0.7500306017156652,TROXHLM128F4266510,Blues Traveler - Hook,0.7474030462516705,TRYYRLU12903D082FF,Jonny Lang - Breakin Me,0.7639274271923284,TROXHLM128F4266510,Blues Traveler - Hook,0.7608740278481594,TRNWHUD128F932E304,Michael Jackson - Call On Me,0.7571903437041304,TRFUJVJ128F426F2A2,Lauryn Hill - Interlude 5,545.1998300722196,TRGUCIR128F933D817,Vanilla Ice - Ice Is Workin' It,403.69634040817886,TRDPGXU128F9339C2A,Beastie Boys - B-Boy Bouillabaisse: A.W.O.L. (2009 Digital Remaster),397.5035457812678,TRGUCIR128F933D817,Vanilla Ice - Ice Is Workin' It,257.97653596820186,TRFUJVJ128F426F2A2,Lauryn Hill - Interlude 5,250.79936963935748,TRBDCAH128EF362D31,The Pharcyde - Passin' Me By,194.27126218332327,TRSSNSJ128F4262EFF,Ricky Van Shelton - Don't We All Have the Right,0.28130039548007474,TRGUCIR128F933D817,Vanilla Ice - Ice Is Workin' It,0.27904652822470083,TRLFUXH128E0793EB4,The Seahorses - I Want You To Know,0.2667666466145055,TRGUCIR128F933D817,Vanilla Ice - Ice Is Workin' It,0.37708325050362324,TRBDCAH128EF362D31,The Pharcyde - Passin' Me By,0.3518716790406188,TRFUJVJ128F426F2A2,Lauryn Hill - Interlude 5,0.34801553757370113
TRDNAVT128F428A246,SOSCPLZ12A8C1394B1,ARD2NDU1187B99B615,Dropkick Murphys,Good Rats (Live),reggae,TRFUJVJ128F426F2A2,Lauryn Hill - Interlude 5,2195.0,TRQAWKR128F425EEC3,Michael Jackson - Man In The Mirror,1431.0,TRDPGXU128F9339C2A,Beastie Boys - B-Boy Bouillabaisse: A.W.O.L. (2009 Digital Remaster),1338.0,TRFUJVJ128F426F2A2,Lauryn Hill - Interlude 5,1941.0800000000004,TRQAWKR128F425EEC3,Michael Jackson - Man In The Mirror,1213.3050000000003,TRDPGXU128F9339C2A,Beastie Boys - B-Boy Bouillabaisse: A.W.O.L. (2009 Digital Remaster),1125.6524999999997,TRPZEWS128F92F585E,Billy Currington - That's How Country Boys Roll,0.6411415645622979,TRBJDUF128F92D74D1,The Dubliners - The Molly Maguires,0.627448118910916,TROPIPE128F92EEDC3,Fiddler's Green - Sporting Day,0.6110769113532827,TRPZEWS128F92F585E,Billy Currington - That's How Country Boys Roll,0.657535505639407,TRBJDUF128F92D74D1,The Dubliners - The Molly Maguires,0.6432944513954494,TRSPCDB128F1464F66,Fad Gadget - Plain Clothes,0.6290135716103537,TRDPGXU128F9339C2A,Beastie Boys - B-Boy Bouillabaisse: A.W.O.L. (2009 Digital Remaster),217.80725127478644,TRFUJVJ128F426F2A2,Lauryn Hill - Interlude 5,205.2427306223572,TRNVKOI128E0799173,Snoop Dogg - Snoopafella (Edited),196.97786630111403,TRNVKOI128E0799173,Snoop Dogg - Snoopafella (Edited),114.47209861261439,TRTLLMP128F9307700,Bellamy Brothers - Old Hippie,107.44279854437671,TRIOSDC128F931FF62,Moe Bandy - The Strawberry Roan,93.84368648761814,TRBRMXM128F4262018,Rosanne Cash - Tennessee Flat Top Box,0.2737194267959488,TRJUOGS12903CC5413,Tony Joe White - Roosevelt And Ira Lee,0.27283367598782404,TRTLLMP128F9307700,Bellamy Brothers - Old Hippie,0.26897242269141275,TRTLLMP128F9307700,Bellamy Brothers - Old Hippie,0.3386424327653139,TRJUOGS12903CC5413,Tony Joe White - Roosevelt And Ira Lee,0.3345311825754183,TRNVKOI128E0799173,Snoop Dogg - Snoopafella (Edited),0.33109729956916883
TRRHCOS128F4248193,SOCUAWC12A8C1310A4,ARPK4HR1187B9A289D,Tito El Bambino,Sol_ Playa Y Arena,reggae,TRTHNFG12903D0CE54,Violadores del Verso - Dale tiempo al rumor,2235.0,TRZZQIP128F92EFEAD,Abba - Move On,2188.0,TRDOJIR128F42840C0,Horace Andy - Horse With No Name,2053.0,TRTHNFG12903D0CE54,Violadores del Verso - Dale tiempo al rumor,2155.1474999999996,TRZZQIP128F92EFEAD,Abba - Move On,2123.5824999999986,TRDOJIR128F42840C0,Horace Andy - Horse With No Name,1995.0399999999997,TRRQFHI128F42AC06B,Joan Manuel Serrat - La Aristocracia del Barrio,0.8407372078535323,TRNIELN128F4275E78,Inti Illimani - El Arado,0.8081005909476545,TRMFTFY128F1496B64,Panteón Rococó - La Carencia,0.800706991468872,TRRQFHI128F42AC06B,Joan Manuel Serrat - La Aristocracia del Barrio,0.8433432581377369,TRNIELN128F4275E78,Inti Illimani - El Arado,0.8110985297468967,TRMFTFY128F1496B64,Panteón Rococó - La Carencia,0.8038636516652001,TRTHNFG12903D0CE54,Violadores del Verso - Dale tiempo al rumor,527.3817911252643,TRIJHLY12903D0CE4D,Violadores del Verso - Cantando,491.052816446029,TRDVUEH12903D0FAA9,Violadores del Verso - La ciudad nunca duerme,474.0229956910573,TRTHNFG12903D0CE54,Violadores del Verso - Dale tiempo al rumor,483.0308951752711,TRIJHLY12903D0CE4D,Violadores del Verso - Cantando,447.8436520054395,TRDVUEH12903D0FAA9,Violadores del Verso - La ciudad nunca duerme,436.488963400861,TRMFTFY128F1496B64,Panteón Rococó - La Carencia,0.684370361242524,TRBHYTA128F93425AC,Ricardo Arjona - Ayudame Freud,0.6820312283660284,TRNIELN128F4275E78,Inti Illimani - El Arado,0.67423858426311,TRMFTFY128F1496B64,Panteón Rococó - La Carencia,0.6944424179063705,TRBHYTA128F93425AC,Ricardo Arjona - Ayudame Freud,0.69269064190268,TRNIELN128F4275E78,Inti Illimani - El Arado,0.6827259859107789
TRFGOUF128F9348838,SONUORR12AB018724D,AR1WWVL1187B9B0306,UB40,I Don't Want To See You Cry,reggae,TRFUJVJ128F426F2A2,Lauryn Hill - Interlude 5,3817.0,TRGLNKG128F9307689,Eminem - My Darling,3186.0,TRDPGXU128F9339C2A,Beastie Boys - B-Boy Bouillabaisse: A.W.O.L. (2009 Digital Remaster),3168.0,TRFUJVJ128F426F2A2,Lauryn Hill - Interlude 5,3463.7199999999984,TRGLNKG128F9307689,Eminem - My Darling,2969.7599999999984,TRWSYHO128F4282346,Twista - I'm A Winner (Amended Album Version),2927.120000000001,TRFLMQX128F9341492,Edith Piaf - Dont Cry,0.7844586000403343,TRFMMQY128F931855B,Magic Affair - Give Me All Your Love,0.7559253904201861,TRMQQGH128F9301E4B,Mutya Buena - Not Your Baby,0.755925137455186,TRFLMQX128F9341492,Edith Piaf - Dont Cry,0.790234069658965,TRFMMQY128F931855B,Magic Affair - Give Me All Your Love,0.7687326152611303,TRMQQGH128F9301E4B,Mutya Buena - Not Your Baby,0.7672056400262521,TRQIYYJ12903CC5B03,Tech N9ne - One Good Time,200.1361094886025,TRDPGXU128F9339C2A,Beastie Boys - B-Boy Bouillabaisse: A.W.O.L. (2009 Digital Remaster),198.1219735716517,TRFUJVJ128F426F2A2,Lauryn Hill - Interlude 5,167.90663789754277,TRQIYYJ12903CC5B03,Tech N9ne - One Good Time,135.40511003630237,TRIVZNT128F92E5311,Miami Sound Machine - Words Get In The Way,124.55495474623727,TRDOQOV128F428C6FA,Lionel Richie - Just For You,97.47113784885454,TRDOQOV128F428C6FA,Lionel Richie - Just For You,0.3294782185691083,TRIVZNT128F92E5311,Miami Sound Machine - Words Get In The Way,0.3163002003211131,TRQOXXY128EF351AA1,Nina Simone - After You've Gone (live),0.29703400348385517,TRDOQOV128F428C6FA,Lionel Richie - Just For You,0.3769886539969388,TRIVZNT128F92E5311,Miami Sound Machine - Words Get In The Way,0.36943077757185455,TRQIYYJ12903CC5B03,Tech N9ne - One Good Time,0.36171538701517797
TRQLICG12903CBFAFD,SOGXHTF12A58A7C7E8,AR1WWVL1187B9B0306,UB40,Come Back Darling,reggae,TRFUJVJ128F426F2A2,Lauryn Hill - Interlude 5,2963.0,TRWSYHO128F4282346,Twista - I'm A Winner (Amended Album Version),2877.0,TRGLNKG128F9307689,Eminem - My Darling,2360.0,TRFUJVJ128F426F2A2,Lauryn Hill - Interlude 5,2716.44,TRWSYHO128F4282346,Twista - I'm A Winner (Amended Album Version),2715.864999999999,TRUGLTC128F4227B93,Danity Kane - Hold Me Down (Album Version),2213.7650000000012,TRWUNUL128F145C985,Gerry Rafferty - Waiting For The Day,0.6630457035563454,TRXTLLG128F930416B,Bizzy Bone - I Need You,0.6400796051958854,TRHYECQ128F146E6E3,Tift Merritt - Your Love Made A U Turn,0.6002708588769892,TRWUNUL128F145C985,Gerry Rafferty - Waiting For The Day,0.6728692587949101,TRXTLLG128F930416B,Bizzy Bone - I Need You,0.6513328013771283,TRHYECQ128F146E6E3,Tift Merritt - Your Love Made A U Turn,0.612880444924604,TRGLNKG128F9307689,Eminem - My Darling,182.22274598018188,TRVZZRI128F14650C4,Keri Noble - Piece Of My Heart,136.2821836614182,TRUCKFR12903CC5B00,Dionne Warwick - This Empty Place,126.01988637725532,TRGLNKG128F9307689,Eminem - My Darling,136.1759164975259,TRUCKFR12903CC5B00,Dionne Warwick - This Empty Place,112.19408190405912,TRVZZRI128F14650C4,Keri Noble - Piece Of My Heart,110.16673486609182,TRIYZBJ128F933D72E,Percy Sledge - My Special Prayer,0.3966996560243038,TRBFTHL128C7196B42,Etta James - My Dearest Darling,0.38824963885186237,TRPQUWE128F42B1B53,Johnny Nash - Stir It Up,0.3845424109143861,TRIYZBJ128F933D72E,Percy Sledge - My Special Prayer,0.41675382079356826,TRBFTHL128C7196B42,Etta James - My Dearest Darling,0.4076260866728643,TRPQUWE128F42B1B53,Johnny Nash - Stir It Up,0.4049864397425946
TREKDZI128F146A972,SOLFMIZ12A6D4F8330,AR1WWVL1187B9B0306,UB40,Here I Am (Come And Take Me),reggae,TRFUJVJ128F426F2A2,Lauryn Hill - Interlude 5,5488.0,TRUGLTC128F4227B93,Danity Kane - Hold Me Down (Album Version),4568.0,TRVLIZK128F428845E,Five - That's What You Told Me,4255.0,TRFUJVJ128F426F2A2,Lauryn Hill - Interlude 5,5027.999999999999,TRUGLTC128F4227B93,Danity Kane - Hold Me Down (Album Version),4354.874999999997,TRVLIZK128F428845E,Five - That's What You Told Me,4078.7499999999964,TRLZRCQ128F425E102,Death In Vegas - Girls,0.7749381286509387,TRLNCCP128F426504E,Michael Penn - Comfort,0.7547833925241764,TREWIVO128E0782339,Robbie Williams - Come Take Me Over,0.7467897125708018,TRLZRCQ128F425E102,Death In Vegas - Girls,0.7854551562363201,TRLNCCP128F426504E,Michael Penn - Comfort,0.7626239386627091,TREWIVO128E0782339,Robbie Williams - Come Take Me Over,0.7564987115415288,TRFUJVJ128F426F2A2,Lauryn Hill - Interlude 5,194.72114862296738,TRDPGXU128F9339C2A,Beastie Boys - B-Boy Bouillabaisse: A.W.O.L. (2009 Digital Remaster),183.52688652886022,TRUGLTC128F4227B93,Danity Kane - Hold Me Down (Album Version),170.5456537707462,TRUGLTC128F4227B93,Danity Kane - Hold Me Down (Album Version),119.48470749914996,TRETWII128F42503D0,Will.I.Am - Fantastic,110.81395894236765,TRMNZBR128F424EF16,Róisín Murphy - Checkin' On Me,109.64777923732989,TRJWAJC128F9327C4F,R. Kelly - Hump Bounce,0.28110585371743096,TRJFOVI128F92D6697,Dr Feelgood - You Shouldn't Call The Doctor (If You Can't Afford The Bills),0.2704577917938489,TRADWLM128F42678B1,Ringo Starr - Where Did Our Love Go,0.26946553714847815,TRJWAJC128F9327C4F,R. Kelly - Hump Bounce,0.3313970699904889,TRJFOVI128F92D6697,Dr Feelgood - You Shouldn't Call The Doctor (If You Can't Afford The Bills),0.3263468247254336,TRETWII128F42503D0,Will.I.Am - Fantastic,0.32185252509107937
TRJDXEG128E07820DB,SOZPNNF12A6310D8B1,AR1WWVL1187B9B0306,UB40,Light My Fire,reggae,TRFUJVJ128F426F2A2,Lauryn Hill - Interlude 5,2535.0,TREXCMT128F933D825,Vanilla Ice - It's A Party,2189.0,TRLTYLK128F92FE6FF,Britney Spears - Radar,2163.0,TRFUJVJ128F426F2A2,Lauryn Hill - Interlude 5,2235.08,TRLTYLK128F92FE6FF,Britney Spears - Radar,2068.6637499999993,TREXCMT128F933D825,Vanilla Ice - It's A Party,2051.672499999999,TRDXSJQ128F92CEE86,The Replacements - Love You Till Friday,0.578149623050551,TRLTYLK128F92FE6FF,Britney Spears - Radar,0.5442338990806684,TRNZNSR128F429F04B,Ray Charles - Don't You Know,0.5363306454262199,TRDXSJQ128F92CEE86,The Replacements - Love You Till Friday,0.5880806944021267,TRLTYLK128F92FE6FF,Britney Spears - Radar,0.554978867028928,TRNZNSR128F429F04B,Ray Charles - Don't You Know,0.551834497937665,TRDPGXU128F9339C2A,Beastie Boys - B-Boy Bouillabaisse: A.W.O.L. (2009 Digital Remaster),140.2547619310361,TRWTZGX128F149535F,Thousand Foot Krutch - Set It Off,125.71378939664868,TRZCHKB128F92CB740,Anastacia - Club Megamix,119.48027610319457,TRWTZGX128F149535F,Thousand Foot Krutch - Set It Off,100.16637711510471,TRNHIAZ128E0786F68,Alphaville - Ariana,97.68057834687208,TRCCNSW128F14622D1,Peter Tosh - Buk-In-Hamm Palace (2002 Digital Remaster),96.22120039962817,TRTLVCG128F42B0063,Bic Runga - Say After Me,0.37050907287849894,TRCCNSW128F14622D1,Peter Tosh - Buk-In-Hamm Palace (2002 Digital Remaster),0.319950749109436,TRNHIAZ128E0786F68,Alphaville - Ariana,0.30057905184223194,TRTLVCG128F42B0063,Bic Runga - Say After Me,0.39843622535198664,TRCCNSW128F14622D1,Peter Tosh - Buk-In-Hamm Palace (2002 Digital Remaster),0.349443518783483,TRNHIAZ128E0786F68,Alphaville - Ariana,0.3240540740484016
TRKHYKB128E0789D42,SOHQEMS12A6701C57C,ARJ7KF01187B98D717,Coldplay,Til Kingdom Come,rock,TRFUJVJ128F426F2A2,Lauryn Hill - Interlude 5,4973.0,TRWSYHO128F4282346,Twista - I'm A Winner (Amended Album Version),3977.0,TRDPGXU128F9339C2A,Beastie Boys - B-Boy Bouillabaisse: A.W.O.L. (2009 Digital Remaster),3941.0,TRFUJVJ128F426F2A2,Lauryn Hill - Interlude 5,4592.12,TRWSYHO128F4282346,Twista - I'm A Winner (Amended Album Version),3728.0825000000004,TRDPGXU128F9339C2A,Beastie Boys - B-Boy Bouillabaisse: A.W.O.L. (2009 Digital Remaster),3622.478750000002,TRTMJLR128F1463837,Dusty Springfield - Meditation,0.7687885790695813,TRPFDHQ128F42B97F9,Vashti Bunyan - Hidden,0.7633050817286186,TRABMIY128F426EA8F,Babyface - Seven Seas,0.7476250590722817,TRTMJLR128F1463837,Dusty Springfield - Meditation,0.7784636791500714,TRPFDHQ128F42B97F9,Vashti Bunyan - Hidden,0.77258069039817,TRABMIY128F426EA8F,Babyface - Seven Seas,0.754821056135441,TRFUJVJ128F426F2A2,Lauryn Hill - Interlude 5,211.94465623097375,TRDPGXU128F9339C2A,Beastie Boys - B-Boy Bouillabaisse: A.W.O.L. (2009 Digital Remaster),153.7747806104696,TRTYLFM12903CD2C97,Eric B. & Rakim - I Know You Got Soul,151.9469941663279,TRQQLZD128F425E9BC,Alicia Keys - Tell You Something (Nana's Reprise),103.33942781733302,TRUHRRC128F42638F1,Suicidal Tendencies - Which Way To Free?,101.98005855886738,TRSIBBE128F1492FDC,RBD - Wanna Play,100.40524111789362,TRUHRRC128F42638F1,Suicidal Tendencies - Which Way To Free?,0.31762656168254216,TRFRZZC128F935F71A,Al Jarreau - Look What You've Done For Me,0.2894302234617728,TRDUHPG128F92FEEEA,Jack Greene - Until My Dreams Come True,0.28636482727069923,TRUHRRC128F42638F1,Suicidal Tendencies - Which Way To Free?,0.3484527872996233,TRFRZZC128F935F71A,Al Jarreau - Look What You've Done For Me,0.3350577531255037,TRDUHPG128F92FEEEA,Jack Greene - Until My Dreams Come True,0.3132452574519866
TRDVELE128F932810A,SOIHOTW12A8C142198,AR91C8S1187B990901,Bruce Springsteen,Brothers Under The Bridges ('83),rock,TRFUJVJ128F426F2A2,Lauryn Hill - Interlude 5,2450.0,TRDPGXU128F9339C2A,Beastie Boys - B-Boy Bouillabaisse: A.W.O.L. (2009 Digital Remaster),2066.0,TRFLWJZ128F425C9E4,The Pharcyde - Otha Fish,1452.0,TRFUJVJ128F426F2A2,Lauryn Hill - Interlude 5,2098.5600000000004,TRDPGXU128F9339C2A,Beastie Boys - B-Boy Bouillabaisse: A.W.O.L. (2009 Digital Remaster),1772.0987500000012,TRFLWJZ128F425C9E4,The Pharcyde - Otha Fish,1269.3562499999987,TRKVITQ128F4271B31,Johnny Cash - Daddy Sang Bass,0.5874314502412192,TRORMHQ128F92CB796,Opera IX - Immortal Chant,0.5768284997622611,TRCIVXK128F426936A,Johnny Horton - The Battle Of New Orleans,0.5696720469269081,TRKVITQ128F4271B31,Johnny Cash - Daddy Sang Bass,0.6116343519536278,TRORMHQ128F92CB796,Opera IX - Immortal Chant,0.5962167831877467,TRJSEVX128F14633FD,Chris De Burgh - Last Night,0.5930172769734592,TRDPGXU128F9339C2A,Beastie Boys - B-Boy Bouillabaisse: A.W.O.L. (2009 Digital Remaster),291.49915554773094,TRNVKOI128E0799173,Snoop Dogg - Snoopafella (Edited),253.58065044235784,TRFUJVJ128F426F2A2,Lauryn Hill - Interlude 5,228.10960562346855,TRNVKOI128E0799173,Snoop Dogg - Snoopafella (Edited),146.60957916578127,TRZYBSS128F145806B,Us3 - Just Another Brother,131.43166258383178,TRBERRB128F932D534,Dar Williams - Mortal City,129.93921853066288,TRROQBU128F9321DB6,Dave Alvin - Ashgrove,0.2487620314553729,TRVWXMR128F9318BFC,Savoy Brown - Savoy Brown Boogie,0.24672887971755586,TRNVKOI128E0799173,Snoop Dogg - Snoopafella (Edited),0.2422449203797617,TRNVKOI128E0799173,Snoop Dogg - Snoopafella (Edited),0.35117143462214406,TRROQBU128F9321DB6,Dave Alvin - Ashgrove,0.325374604617568,TRGXGMH128F92F5B48,John Denver - El Paso,0.32027673991826316
TRCONIY128F932A7DA,SOEFSBZ12A8C1359C4,AR91C8S1187B990901,Bruce Springsteen,The Big Payback,rock,TRFUJVJ128F426F2A2,Lauryn Hill - Interlude 5,5271.0,TRDPGXU128F9339C2A,Beastie Boys - B-Boy Bouillabaisse: A.W.O.L. (2009 Digital Remaster),4785.0,TRWSYHO128F4282346,Twista - I'm A Winner (Amended Album Version),3872.0,TRFUJVJ128F426F2A2,Lauryn Hill - Interlude 5,4888.28,TRDPGXU128F9339C2A,Beastie Boys - B-Boy Bouillabaisse: A.W.O.L. (2009 Digital Remaster),4464.940000000004,TRCHZXW128E079288A,Eminem - 8 Mile,3626.460000000002,TRDPGXU128F9339C2A,Beastie Boys - B-Boy Bouillabaisse: A.W.O.L. (2009 Digital Remaster),0.7940886101353591,TRXYREI128F4261E8F,Big L - Lifestylez Ov Da Poor & Dangerous,0.7930863502053419,TROSKLK128F145806A,Us3 - It's Like That,0.7895522928983573,TRDPGXU128F9339C2A,Beastie Boys - B-Boy Bouillabaisse: A.W.O.L. (2009 Digital Remaster),0.8014098433669898,TRXYREI128F4261E8F,Big L - Lifestylez Ov Da Poor & Dangerous,0.8009351075131131,TROSKLK128F145806A,Us3 - It's Like That,0.7979321421748253,TRDPGXU128F9339C2A,Beastie Boys - B-Boy Bouillabaisse: A.W.O.L. (2009 Digital Remaster),211.23711852180932,TRFUJVJ128F426F2A2,Lauryn Hill - Interlude 5,184.39767452744385,TRQWDRK128F4241A32,Twista - Overdose (Album Version),174.4281830687893,TRPUUSG128E07953B7,Shaggy - Luv Me Up,115.76358323826915,TRDPGXU128F9339C2A,Beastie Boys - B-Boy Bouillabaisse: A.W.O.L. (2009 Digital Remaster),98.84364983526507,TRGUCIR128F933D817,Vanilla Ice - Ice Is Workin' It,98.7370209564083,TRBRHEV128E0793885,The Brian Setzer Orchestra - Nosey Joe,0.31241101542191696,TRDLXGN128F92CEE6E,The Replacements - God Damn Job,0.29513771828873253,TRDJCNG128F9339544,Bob Marley - Stop The Train,0.2643567589139565,TRBRHEV128E0793885,The Brian Setzer Orchestra - Nosey Joe,0.35107376316135136,TRDLXGN128F92CEE6E,The Replacements - God Damn Job,0.30743141189780065,TRNEENS128F423DF9F,Andrew Jackson Jihad - Survival Song,0.2989050055709694
TRWULBB128F42670A3,SOFVHKR12A8C1325B4,AR91C8S1187B990901,Bruce Springsteen,The Ties That Bind,rock,TRFUJVJ128F426F2A2,Lauryn Hill - Interlude 5,4341.0,TRWSYHO128F4282346,Twista - I'm A Winner (Amended Album Version),3105.0,TRGLNKG128F9307689,Eminem - My Darling,2922.0,TRFUJVJ128F426F2A2,Lauryn Hill - Interlude 5,4020.84,TRWSYHO128F4282346,Twista - I'm A Winner (Amended Album Version),2895.765,TRGLNKG128F9307689,Eminem - My Darling,2726.0325,TRPBTSJ128F42A3168,Harry Belafonte - Angelina,0.7862940916696418,TRQYUKJ12903C9A1CE,Kevin Devine - It's Only Your Life,0.7722330839792196,TRGLJRY128F14841E2,"Brand New Heavies_ The - You Are The Universe (Roger's Universal 7"" Edit)",0.7555951466083995,TRPBTSJ128F42A3168,Harry Belafonte - Angelina,0.7944302817928415,TRQYUKJ12903C9A1CE,Kevin Devine - It's Only Your Life,0.7804209889691062,TRCJTUB128F92FFC36,Lynyrd Skynyrd - That Smell,0.7612256605901778,TRDPGXU128F9339C2A,Beastie Boys - B-Boy Bouillabaisse: A.W.O.L. (2009 Digital Remaster),171.67540431619997,TRFUJVJ128F426F2A2,Lauryn Hill - Interlude 5,160.8110976532455,TRGUBSR128E0786082,DMX - Keep Your Shit The Hardest,146.74999385197484,TRKIRIG128E0791EB7,Floetry - Getting Late,109.69601442313913,TRVOSYJ128F426A939,Brownstone - 5 Miles To Empty,98.32543154395475,TRIHMNV128EF35EF90,Paula Abdul - Crazy Cool,86.03092358572526,TRABOIH128F9300B06,Willie Dixon - That's My Baby,0.30889574401891823,TRFUFZZ128F92CDE0E,David Bisbal - Cry For Me,0.26848182510259283,TRNCJEJ12903CF4162,Joe Bonamassa - Walk In My Shadow,0.26209604828016414,TRABOIH128F9300B06,Willie Dixon - That's My Baby,0.3502561814223952,TRFUFZZ128F92CDE0E,David Bisbal - Cry For Me,0.32143360307228513,TRKIRIG128E0791EB7,Floetry - Getting Late,0.316712921022019
TROQFYY128F429DBA0,SOBNUTR12A8C140BE8,ARVG4OK1187B9B6BD3,The Killers,Sam's Town,rock,TRFUJVJ128F426F2A2,Lauryn Hill - Interlude 5,4587.0,TRDPGXU128F9339C2A,Beastie Boys - B-Boy Bouillabaisse: A.W.O.L. (2009 Digital Remaster),4306.0,TRCHZXW128E079288A,Eminem - 8 Mile,3493.0,TRFUJVJ128F426F2A2,Lauryn Hill - Interlude 5,4158.28,TRDPGXU128F9339C2A,Beastie Boys - B-Boy Bouillabaisse: A.W.O.L. (2009 Digital Remaster),3947.471250000001,TRBEBJO128C719646B,Nelly - Splurge,3269.513749999997,TRDPGXU128F9339C2A,Beastie Boys - B-Boy Bouillabaisse: A.W.O.L. (2009 Digital Remaster),0.8094806993473208,TREBQOW128F92C4549,Common - Book Of Life,0.7887055838920068,TRJPNAE128F425FAFB,King Tee - Act A Fool,0.7885233865746225,TRDPGXU128F9339C2A,Beastie Boys - B-Boy Bouillabaisse: A.W.O.L. (2009 Digital Remaster),0.8217607082764979,TRJPNAE128F425FAFB,King Tee - Act A Fool,0.8015094165955842,TREBQOW128F92C4549,Common - Book Of Life,0.7984623757492492,TRDPGXU128F9339C2A,Beastie Boys - B-Boy Bouillabaisse: A.W.O.L. (2009 Digital Remaster),346.99305117853686,TRFUJVJ128F426F2A2,Lauryn Hill - Interlude 5,244.50318121265195,TRGLNKG128F9307689,Eminem - My Darling,218.37582505217594,TRDPGXU128F9339C2A,Beastie Boys - B-Boy Bouillabaisse: A.W.O.L. (2009 Digital Remaster),181.85288297856692,TREBUTR128F427DAF6,Willie Nelson - Remember Me,111.36659923041134,TRQAWKR128F425EEC3,Michael Jackson - Man In The Mirror,109.80477904238879,TRLKEFU128F422C555,Joss Stone - You Had Me (Live),0.2599529281322201,TRDPGXU128F9339C2A,Beastie Boys - B-Boy Bouillabaisse: A.W.O.L. (2009 Digital Remaster),0.24412122902269373,TRZQZRN128F4262039,Rosanne Cash - This World,0.22341106244084682,TRDPGXU128F9339C2A,Beastie Boys - B-Boy Bouillabaisse: A.W.O.L. (2009 Digital Remaster),0.36709339286069864,TRLKEFU128F422C555,Joss Stone - You Had Me (Live),0.33016742719862846,TRUWCIM128F14A3A92,Bobbie Gentry - Fancy,0.3118916902678038
TRHFADH128F92E2BE3,SOKCLGX12A67ADD6BF,ARR3ONV1187B9A2F59,Muse,Pink Ego Box,rock,TRFUJVJ128F426F2A2,Lauryn Hill - Interlude 5,2509.0,TRWSYHO128F4282346,Twista - I'm A Winner (Amended Album Version),2423.0,TRDPGXU128F9339C2A,Beastie Boys - B-Boy Bouillabaisse: A.W.O.L. (2009 Digital Remaster),2104.0,TRFUJVJ128F426F2A2,Lauryn Hill - Interlude 5,2308.4399999999996,TRWSYHO128F4282346,Twista - I'm A Winner (Amended Album Version),2291.9275000000007,TRGLNKG128F9307689,Eminem - My Darling,1938.2387500000004,TRYYRLU12903D082FF,Jonny Lang - Breakin Me,0.7381130538805056,TRDHLOW128F429BA29,Scars Of Life - Descending,0.7173080183330132,TRRVFNZ12903CD476D,Fats Domino - Blue Monday,0.7087874848982046,TRYYRLU12903D082FF,Jonny Lang - Breakin Me,0.7476291582548186,TRDHLOW128F429BA29,Scars Of Life - Descending,0.7271239409724597,TRRVFNZ12903CD476D,Fats Domino - Blue Monday,0.7173548088939216,TRDPGXU128F9339C2A,Beastie Boys - B-Boy Bouillabaisse: A.W.O.L. (2009 Digital Remaster),102.41011576851919,TRHSMEG128F42BC646,Aaron Carter - That's How I Beat Shaq,94.54485739345974,TRFUJVJ128F426F2A2,Lauryn Hill - Interlude 5,88.76150463766542,TRHSMEG128F42BC646,Aaron Carter - That's How I Beat Shaq,65.62079838005157,TRXQXZS128F4227318,The Chi-Lites - Have You Seen Her,65.47813538682813,TRNBNBL128F4264B26,Jon B. - Inside,62.81288578416143,TRSBQYY128F93411A1,Vangelis - Albedo 0.39,0.27715436582037367,TRPJAPP128EF35A1AC,Josh Groban - Un Giorno Per Noi (Album Version),0.2346922701650711,TRUIKPU128F9317416,Darude - Feel The Beat,0.23380230933056273,TRSBQYY128F93411A1,Vangelis - Albedo 0.39,0.2944773835006182,TRNBNBL128F4264B26,Jon B. - Inside,0.26685521757751013,TRRRBHV128F1463A85,Incognito - Get Into My Groove,0.2631080160935279
TROAQBZ128F9326213,SONYKOW12AB01849C9,AR73S4G1187B9A03C2,OneRepublic,Secrets,rock,TRDPGXU128F9339C2A,Beastie Boys - B-Boy Bouillabaisse: A.W.O.L. (2009 Digital Remaster),4649.0,TRFUJVJ128F426F2A2,Lauryn Hill - Interlude 5,4646.0,TRCHZXW128E079288A,Eminem - 8 Mile,4144.0,TRDPGXU128F9339C2A,Beastie Boys - B-Boy Bouillabaisse: A.W.O.L. (2009 Digital Remaster),4161.216250000001,TRFUJVJ128F426F2A2,Lauryn Hill - Interlude 5,4062.7199999999993,TRCHZXW128E079288A,Eminem - 8 Mile,3775.88375,TREBPOO128F4297132,DUNCAN SHEIK - House Full Of Riches (LP Version),0.6436484675347829,TRGOLAX128F92F87BF,Wayne Hancock - Johnson City,0.6433441104184406,TRBWKZD128F428AAEB,A Tribe Called Quest - Hot Sex,0.6415703323556052,TRBWKZD128F428AAEB,A Tribe Called Quest - Hot Sex,0.6615110333655913,TRGOLAX128F92F87BF,Wayne Hancock - Johnson City,0.6610239550759045,TREBPOO128F4297132,DUNCAN SHEIK - House Full Of Riches (LP Version),0.6587729878647447,TRDPGXU128F9339C2A,Beastie Boys - B-Boy Bouillabaisse: A.W.O.L. (2009 Digital Remaster),271.06536328733443,TRFUJVJ128F426F2A2,Lauryn Hill - Interlude 5,254.6676783877678,TRCHZXW128E079288A,Eminem - 8 Mile,230.83041311739836,TRVNSDW128F933BB4F,N-Dubz - Shoulda Put Something On,133.69237488787516,TRZCHKB128F92CB740,Anastacia - Club Megamix,133.48380608209726,TRGOKCU128F92EF28C,Set Your Goals - like you to me,130.6616756645537,TRIREPZ128F92FFFF8,Harry Connick_ Jr. - I'm Gonna Be The First One,0.2686761503756965,TRNFMUA128F42BB325,Soft Cell - Secret Life,0.24668529923095298,TRSKZBE128F932B633,Katie Melua - In My Secret Life,0.221118586060148,TRIREPZ128F92FFFF8,Harry Connick_ Jr. - I'm Gonna Be The First One,0.31373785516137775,TRNFMUA128F42BB325,Soft Cell - Secret Life,0.304295401013469,TRZCHKB128F92CB740,Anastacia - Club Megamix,0.2879553994000554
TRVZCTL128E078F0BE,SOMBDFC12A67FFB370,ARDVZTE1187FB5A0A1,Bon Jovi,Come Back,rock,TRFUJVJ128F426F2A2,Lauryn Hill - Interlude 5,5431.0,TRHGZOJ128F14A2ED0,The Simpsons - Do The Bartman,4639.0,TRGLNKG128F9307689,Eminem - My Darling,4343.0,TRFUJVJ128F426F2A2,Lauryn Hill - Interlude 5,4858.760000000002,TRHGZOJ128F14A2ED0,The Simpsons - Do The Bartman,4330.332499999999,TRYOUMI128E078F4DE,K-Ci & JoJo - Baby Come Back,4096.568749999999,TRUCKFR12903CC5B00,Dionne Warwick - This Empty Place,0.7078124941040267,TRDNBHN128F148C54E,Public Enemy - Hit The Road Jack,0.6154120263827059,TRWUNUL128F145C985,Gerry Rafferty - Waiting For The Day,0.6081778730415801,TRUCKFR12903CC5B00,Dionne Warwick - This Empty Place,0.7176919689742273,TRDNBHN128F148C54E,Public Enemy - Hit The Road Jack,0.627924595508214,TRMWVDI128F92FFA8A,Gotye - Coming Back,0.6207378400836331,TRDPGXU128F9339C2A,Beastie Boys - B-Boy Bouillabaisse: A.W.O.L. (2009 Digital Remaster),201.542615182421,TRFUJVJ128F426F2A2,Lauryn Hill - Interlude 5,175.29892870459494,TRGLNKG128F9307689,Eminem - My Darling,170.29327336124425,TRUDNCD128E078F6F3,Jodeci - I'm Still Waiting,120.55521781839752,TRSIDWB128E0785510,Keith Sweat - Whatever You Want (LP Version),115.19031559879951,TRZCHKB128F92CB740,Anastacia - Club Megamix,110.94287954449742,TRKJSXZ128F148AF12,Slim Harpo - One More Day,0.33865278248216935,TRQZFNY128F1483C0A,Janet Jackson - It All Comes Down To Love (Interlude),0.3384711033255635,TRYDNTB128F9331278,Ginuwine - Only When ur Lonely,0.31620275149945104,TRYDNTB128F9331278,Ginuwine - Only When ur Lonely,0.3703291869629826,TRKJSXZ128F148AF12,Slim Harpo - One More Day,0.3687422606021652,TRSIDWB128E0785510,Keith Sweat - Whatever You Want (LP Version),0.35525814894943936
TRAERPT128F931103E,SODLKUO12A8C13CA35,ARFCUN31187B9AD578,The Rolling Stones,Time Is On My Side,rock,TRFUJVJ128F426F2A2,Lauryn Hill - Interlude 5,5512.0,TRDPGXU128F9339C2A,Beastie Boys - B-Boy Bouillabaisse: A.W.O.L. (2009 Digital Remaster),4177.0,TRWSYHO128F4282346,Twista - I'm A Winner (Amended Album Version),4150.0,TRFUJVJ128F426F2A2,Lauryn Hill - Interlude 5,5004.160000000002,TRWSYHO128F4282346,Twista - I'm A Winner (Amended Album Version),3818.1099999999997,TRDPGXU128F9339C2A,Beastie Boys - B-Boy Bouillabaisse: A.W.O.L. (2009 Digital Remaster),3752.3050000000003,TRQKPHI12903CE4D44,Rebelution - Bump,0.6174952333359105,TRTATZQ128F427EDD0,Emiliana Torrini - Sunny Road,0.6082963913390315,TRAURYK128F92C490D,Pete Murray - My Time,0.6046994239029908,TRQKPHI12903CE4D44,Rebelution - Bump,0.6317245601863423,TRTATZQ128F427EDD0,Emiliana Torrini - Sunny Road,0.6220350993992969,TRAURYK128F92C490D,Pete Murray - My Time,0.6179537643526559,TRFUJVJ128F426F2A2,Lauryn Hill - Interlude 5,214.6208393311095,TRKHTKI128F92EA339,Matisyahu - Close My Eyes,168.6567719637313,TRDPGXU128F9339C2A,Beastie Boys - B-Boy Bouillabaisse: A.W.O.L. (2009 Digital Remaster),165.67780179929264,TRPYXDO128F92E6DCD,Boyz II Men - A Song For Mama,125.2889253623133,TRYOUMI128E078F4DE,K-Ci & JoJo - Baby Come Back,123.87971336180735,TRSOZDW128F9318C00,Robin Trower - Day Of The Eagle,122.72351979203154,TRZNHJN128F4293FC2,Kelly Clarkson - Anytime,0.32562455120063494,TRYOUMI128E078F4DE,K-Ci & JoJo - Baby Come Back,0.30184697436431923,TRPYXDO128F92E6DCD,Boyz II Men - A Song For Mama,0.29139913150312663,TRZNHJN128F4293FC2,Kelly Clarkson - Anytime,0.3710027060439447,TRYOUMI128E078F4DE,K-Ci & JoJo - Baby Come Back,0.34690990926691856,TRPYXDO128F92E6DCD,Boyz II Men - A Song For Mama,0.3386671725872323
TRQXTQT128E0781DA7,SOOPTNE12A58A7A9C2,ARFCUN31187B9AD578,The Rolling Stones,Fight (1994 Digital Remaster),rock,TRWSYHO128F4282346,Twista - I'm A Winner (Amended Album Version),2633.0,TRDPGXU128F9339C2A,Beastie Boys - B-Boy Bouillabaisse: A.W.O.L. (2009 Digital Remaster),2473.0,TRFUJVJ128F426F2A2,Lauryn Hill - Interlude 5,2374.0,TRWSYHO128F4282346,Twista - I'm A Winner (Amended Album Version),2404.5250000000005,TRDPGXU128F9339C2A,Beastie Boys - B-Boy Bouillabaisse: A.W.O.L. (2009 Digital Remaster),2180.6375000000003,TRINMBD128F92F6211,N-Dubz - Don't Get Nine,2057.4125000000004,TRUEGMJ128F148D40C,Slick Rick - Let's Get Crazy,0.5751465587010615,TRBUESY128F92F81F6,Black Eyed Peas - Boom Boom Guetta,0.5719654414363775,TRLJPRR128F1466819,Us3 - Knowledge Of Self,0.5457789755293402,TRUEGMJ128F148D40C,Slick Rick - Let's Get Crazy,0.5869260451657785,TRBUESY128F92F81F6,Black Eyed Peas - Boom Boom Guetta,0.5821427032702406,TRLJPRR128F1466819,Us3 - Knowledge Of Self,0.5641824284529502,TRDXXCE128F92C4DA3,Public Enemy - Fight The Power,196.20071875185616,TRDPGXU128F9339C2A,Beastie Boys - B-Boy Bouillabaisse: A.W.O.L. (2009 Digital Remaster),194.54167325487194,TRCHZXW128E079288A,Eminem - 8 Mile,180.49878615497374,TRDXXCE128F92C4DA3,Public Enemy - Fight The Power,159.4985713728003,TRGJXNX128F92F8757,Ke$ha - TiK ToK,110.59430698321988,TRLQIJS128F92D9533,Robin Thicke - Shadow of Doubt,107.96638852108627,TRDXXCE128F92C4DA3,Public Enemy - Fight The Power,0.2997283500986444,TRFHJIZ128F4240B3C,Adequate Seven - Protest Beat,0.27552294393982735,TRZRXXR128F424B82D,Robin McKelle - Something's Gotta Give,0.268091722677269,TRDXXCE128F92C4DA3,Public Enemy - Fight The Power,0.34429651111524195,TRFHJIZ128F4240B3C,Adequate Seven - Protest Beat,0.30982097721786406,TRZRXXR128F424B82D,Robin McKelle - Something's Gotta Give,0.3055071868079065
TRAUYZG12903CDA4E9,SOFZXTF12AB018D64B,ARDVZTE1187FB5A0A1,Bon Jovi,This Ain't A Love Song,rock,TRFUJVJ128F426F2A2,Lauryn Hill - Interlude 5,7508.0,TRDPGXU128F9339C2A,Beastie Boys - B-Boy Bouillabaisse: A.W.O.L. (2009 Digital Remaster),6756.0,TRWSYHO128F4282346,Twista - I'm A Winner (Amended Album Version),6284.0,TRFUJVJ128F426F2A2,Lauryn Hill - Interlude 5,6852.960000000001,TRDPGXU128F9339C2A,Beastie Boys - B-Boy Bouillabaisse: A.W.O.L. (2009 Digital Remaster),6208.205000000001,TRWSYHO128F4282346,Twista - I'm A Winner (Amended Album Version),5855.910000000001,TRSTJFQ128F428DA21,Less Than Jake - I Think I Love You,0.8051857329093688,TRWXSWA128F1456793,Shai - Waiting For The Day,0.788702998401361,TRBWKZD128F428AAEB,A Tribe Called Quest - Hot Sex,0.7808211700212823,TRSTJFQ128F428DA21,Less Than Jake - I Think I Love You,0.811090689424452,TRWXSWA128F1456793,Shai - Waiting For The Day,0.7967035442383458,TRBWKZD128F428AAEB,A Tribe Called Quest - Hot Sex,0.7912724714500076,TRFUJVJ128F426F2A2,Lauryn Hill - Interlude 5,288.4863481339311,TRQIYYJ12903CC5B03,Tech N9ne - One Good Time,226.69557573769484,TRDPGXU128F9339C2A,Beastie Boys - B-Boy Bouillabaisse: A.W.O.L. (2009 Digital Remaster),221.04041914268103,TRIWDKR128F429D9EE,Common - I Want You,141.07543495539582,TRGNBCC128F92F6218,N-Dubz - Work Work,132.94523357312434,TRQIYYJ12903CC5B03,Tech N9ne - One Good Time,127.9557889689604,TRIBZVH128F934B68D,As I Lay Dying - The Innocence Spilled,0.2685956574067638,TRIWDKR128F429D9EE,Common - I Want You,0.2653111072500561,TRMDDVE128F145691B,K-Ci & JoJo - Fee Fie Foe Fum,0.262848124160406,TRIWDKR128F429D9EE,Common - I Want You,0.3469059117531473,TRMDDVE128F145691B,K-Ci & JoJo - Fee Fie Foe Fum,0.3273805631491612,TRHSDIV128F92DF74D,Matthew Ryan - They Were Wrong,0.320896153928784
TRGESLP12903CE31C8,SORXQLX12AB018DCD0,ARDVZTE1187FB5A0A1,Bon Jovi,Superman Tonight,rock,TRFUJVJ128F426F2A2,Lauryn Hill - Interlude 5,6716.0,TRWSYHO128F4282346,Twista - I'm A Winner (Amended Album Version),6492.0,TRGLNKG128F9307689,Eminem - My Darling,4885.0,TRFUJVJ128F426F2A2,Lauryn Hill - Interlude 5,6209.999999999997,TRWSYHO128F4282346,Twista - I'm A Winner (Amended Album Version),6161.312500000002,TREBGAA128E078FC52,Erykah Badu - I Want You,4660.0312499999945,TRPBTSJ128F42A3168,Harry Belafonte - Angelina,0.744122709842728,TRNHSZN128F930FF03,Clawfinger - Revenge,0.7378428684441032,TRAXJDA128F92E111E,Tom T. Hall - I Care,0.7168699987176261,TRPBTSJ128F42A3168,Harry Belafonte - Angelina,0.7536153983852064,TRNHSZN128F930FF03,Clawfinger - Revenge,0.7473253085125915,TRAXJDA128F92E111E,Tom T. Hall - I Care,0.7251740232902367,TRDPGXU128F9339C2A,Beastie Boys - B-Boy Bouillabaisse: A.W.O.L. (2009 Digital Remaster),217.96399879387752,TRFUJVJ128F426F2A2,Lauryn Hill - Interlude 5,211.79830668162396,TRCHZXW128E079288A,Eminem - 8 Mile,205.6497376055973,TRUWZJQ128F145E9F7,Afroman - Let's All Get Drunk,137.84111608535613,TRCCMND128E0792EB5,Aaron Neville - Don't Fall Apart On Me Tonight,126.0837666879763,TRKGUFM128F429E58A,Aesop Rock - Night Light,118.16272539530648,TROFEHI12903CC582C,Edge Of Dawn - Beauty Lies Within,0.3143106647153495,TRDUPRE128F92E9E79,Bebo Norman - Other Side of Day,0.2658591994098907,TRAGNDA128F425C197,Lunascape - Praise Me,0.2631196018971369,TROFEHI12903CC582C,Edge Of Dawn - Beauty Lies Within,0.35695410967711794,TRDUPRE128F92E9E79,Bebo Norman - Other Side of Day,0.32084322832318596,TRCCMND128E0792EB5,Aaron Neville - Don't Fall Apart On Me Tonight,0.3114968345559171
TRPAYRK128E0792986,SOINXHP12AF729AF64,ARM7EDF1187B9B3FA1,Guns N' Roses,Bad Obsession,rock,TRFUJVJ128F426F2A2,Lauryn Hill - Interlude 5,4959.0,TRGUCIR128F933D817,Vanilla Ice - Ice Is Workin' It,4298.0,TRBVPVV128F425F14F,Daft Punk - Touch It / Technologic,4243.0,TRFUJVJ128F426F2A2,Lauryn Hill - Interlude 5,4482.4400000000005,TRGUCIR128F933D817,Vanilla Ice - Ice Is Workin' It,4072.669999999997,TRBVPVV128F425F14F,Daft Punk - Touch It / Technologic,4054.9012500000044,TRYXRXL128F427F13A,Robbie Williams - It's De-Lovely,0.6857242031990199,TRTYLFM12903CD2C97,Eric B. & Rakim - I Know You Got Soul,0.6686499151381711,TRYAPRE128F425EE39,Tanya Tucker - Complicated,0.668580471901754,TRYXRXL128F427F13A,Robbie Williams - It's De-Lovely,0.6938261070099185,TRTYLFM12903CD2C97,Eric B. & Rakim - I Know You Got Soul,0.6816632591373338,TRYAPRE128F425EE39,Tanya Tucker - Complicated,0.6806678579502222,TRFUJVJ128F426F2A2,Lauryn Hill - Interlude 5,220.30824589571276,TRQWDRK128F4241A32,Twista - Overdose (Album Version),219.5201220457499,TRDPGXU128F9339C2A,Beastie Boys - B-Boy Bouillabaisse: A.W.O.L. (2009 Digital Remaster),206.95337647040944,TRQDCPN128F1453C8B,Joss Stone - Killing Time,129.95730789649878,TRZARUP128F9348146,KMD - Plumskinzz (Loose Hoe_ God & Cupid),121.06070616477047,TRQWDRK128F4241A32,Twista - Overdose (Album Version),118.11818568424847,TRMRFNP128F4298E83,Empty Trash - Last Man In The Bar,0.31800090750571763,TRQDCPN128F1453C8B,Joss Stone - Killing Time,0.29354113554734723,TRKFQSN128F92F4B66,Sophie Zelmani - Foolish,0.2614138950815936,TRMRFNP128F4298E83,Empty Trash - Last Man In The Bar,0.3526212131816878,TRQDCPN128F1453C8B,Joss Stone - Killing Time,0.34139544633357793,TRITTVU128F930320C,Fiddler's Green - Kma Goodbye,0.29823634342328487
TRKMXIA128F4299423,SOEOSFP12A8C137912,ARULZ741187B9AD2EF,Elvis Presley,Anything That's Part Of You,rock,TRFUJVJ128F426F2A2,Lauryn Hill - Interlude 5,2391.0,TRWSYHO128F4282346,Twista - I'm A Winner (Amended Album Version),2099.0,TREBGAA128E078FC52,Erykah Badu - I Want You,1814.0,TRFUJVJ128F426F2A2,Lauryn Hill - Interlude 5,2219.8800000000006,TRWSYHO128F4282346,Twista - I'm A Winner (Amended Album Version),1987.167500000001,TREBGAA128E078FC52,Erykah Badu - I Want You,1751.1087499999999,TRGNWZK128F42960A4,Syleena Johnson - All Of Me,0.746385788700174,TRWNUXN128F93095BF,Angela Bofill - I Try,0.7363996244341061,TRVFPAQ12903CBB680,Rachael Yamagata - Even So,0.7299466100960953,TRGNWZK128F42960A4,Syleena Johnson - All Of Me,0.7539599172690951,TRWNUXN128F93095BF,Angela Bofill - I Try,0.7443406805485832,TRVFPAQ12903CBB680,Rachael Yamagata - Even So,0.7396256980430455,TRFUJVJ128F426F2A2,Lauryn Hill - Interlude 5,116.16941250630131,TRGNBCC128F92F6218,N-Dubz - Work Work,83.89587812150123,TRLVRJP128F93519FB,Atmosphere - Hair,82.22789580015248,TRNPNMG128F4262570,Jessica Simpson - For Your Love,64.43313882669354,TRKWRAU12903CE858E,Onelinedrawing - Smile,62.52892128183462,TRMSKUO128F1461C50,Van Hunt - Highlights,59.802858527391386,TRJZQSM128F92C4D1B,Ladyhawke - Love Don't Live Here,0.2744621052158598,TRXUOEC128F92CC669,City And Colour - Love Don't Live Here Anymore,0.26839173593080884,TRKWRAU12903CE858E,Onelinedrawing - Smile,0.26242259404307816,TRJZQSM128F92C4D1B,Ladyhawke - Love Don't Live Here,0.3067375770714575,TRXUOEC128F92CC669,City And Colour - Love Don't Live Here Anymore,0.29587284037487227,TRKWRAU12903CE858E,Onelinedrawing - Smile,0.29306405227337134
TRTQRHY128F4241AFD,SORQYLM12A8C132BCF,ARCVKG01187B9B3273,Flyleaf,So I Thought,rock,TRFUJVJ128F426F2A2,Lauryn Hill - Interlude 5,5229.0,TRDPGXU128F9339C2A,Beastie Boys - B-Boy Bouillabaisse: A.W.O.L. (2009 Digital Remaster),4046.0,TRBEBJO128C719646B,Nelly - Splurge,3444.0,TRFUJVJ128F426F2A2,Lauryn Hill - Interlude 5,4724.839999999999,TRDPGXU128F9339C2A,Beastie Boys - B-Boy Bouillabaisse: A.W.O.L. (2009 Digital Remaster),3624.3824999999993,TRBEBJO128C719646B,Nelly - Splurge,3192.9475000000016,TRQCXUL128E078A9D6,The Streets - The Irony Of It All (Album Version),0.6785511036899029,TRGLGNR128F1487A6F,Manafest - Runaway,0.6678015224582337,TRTBRQA128F427EE09,Jeffrey Lewis - Gold,0.6651327804910286,TRQCXUL128E078A9D6,The Streets - The Irony Of It All (Album Version),0.6995095732471781,TRTBRQA128F427EE09,Jeffrey Lewis - Gold,0.6827983773603467,TRGLGNR128F1487A6F,Manafest - Runaway,0.6821591001210576,TRFUJVJ128F426F2A2,Lauryn Hill - Interlude 5,297.18202113261697,TRDPGXU128F9339C2A,Beastie Boys - B-Boy Bouillabaisse: A.W.O.L. (2009 Digital Remaster),283.8741171662171,TRZCJFR128F42A12E8,KRS-One - The Truth,193.4908152460557,TRZCJFR128F42A12E8,KRS-One - The Truth,120.82095197165798,TRNQDAJ128F92F4AE0,Maroon 5 - Nothing Lasts Forever,120.21345448315644,TRFUJVJ128F426F2A2,Lauryn Hill - Interlude 5,116.45341004346707,TRENWLW128F92CE693,Bayside - Don't Call Me Peanut,0.24966481375741315,TRSSBFP128F14641AB,Gary Moore - With Love (Remember),0.24259423504511796,TRXAVWC128F425C763,Tristan Prettyman - Song For The Rich,0.24195586025360877,TRENWLW128F92CE693,Bayside - Don't Call Me Peanut,0.3051026455392991,TRXAVWC128F425C763,Tristan Prettyman - Song For The Rich,0.30492043236405975,TRSSBFP128F14641AB,Gary Moore - With Love (Remember),0.2925568950997795
TRXIEYZ128E078891B,SOQQWFI12A67020F95,ARN5NHX1187FB4F755,The Smashing Pumpkins,You're All I've Got Tonight,rock,TRFUJVJ128F426F2A2,Lauryn Hill - Interlude 5,4719.0,TRWSYHO128F4282346,Twista - I'm A Winner (Amended Album Version),4640.0,TREBGAA128E078FC52,Erykah Badu - I Want You,4321.0,TRWSYHO128F4282346,Twista - I'm A Winner (Amended Album Version),4460.8275,TRFUJVJ128F426F2A2,Lauryn Hill - Interlude 5,4444.839999999999,TREBGAA128E078FC52,Erykah Badu - I Want You,4220.23875,TRTALMG128F42921BC,Faithless - Flowerstand Man,0.790315201974769,TRFLMQX128F9341492,Edith Piaf - Dont Cry,0.7866418999556828,TROWYLI128F4263DB4,Gabrielle - Don't Need The Sun To Shine (To Make Me Smile),0.7833835714390923,TRTALMG128F42921BC,Faithless - Flowerstand Man,0.7947222995250784,TRFLMQX128F9341492,Edith Piaf - Dont Cry,0.7910766026911562,TROWYLI128F4263DB4,Gabrielle - Don't Need The Sun To Shine (To Make Me Smile),0.7877065265735056,TRMTJJT128F14636D9,Lloyd Cole - I Didn't Know That You Cared,102.44242251896485,TRUWZJQ128F145E9F7,Afroman - Let's All Get Drunk,100.66777959591332,TRVWFVQ128F9316F97,Avant - Out of Character,93.8978257601632,TRMTJJT128F14636D9,Lloyd Cole - I Didn't Know That You Cared,91.40959695781993,TRZPXAH12903CEBB8E,Modern Lovers - Someone i care about,79.57949047935598,TRRYCLJ128F42A56FF,Ledisi - Alright,79.31347478024227,TRMTJJT128F14636D9,Lloyd Cole - I Didn't Know That You Cared,0.3853838088132591,TRZPXAH12903CEBB8E,Modern Lovers - Someone i care about,0.36020172491232616,TRTJMLU128F92EC7C1,Tony Bennett - Who Cares (So Long As You Care For Me),0.3139558253488516,TRMTJJT128F14636D9,Lloyd Cole - I Didn't Know That You Cared,0.41072733163090114,TRZPXAH12903CEBB8E,Modern Lovers - Someone i care about,0.3841206571628474,TRRXHUS128F4289B89,Useless I.D. - It's Alright,0.3405485902399533
TRTGMIX128EF35E2B9,SOBEQEO12A6D4F6589,ARVN9FZ1187FB393F1,Snow Patrol,Signal Fire,rock,TRFUJVJ128F426F2A2,Lauryn Hill - Interlude 5,4296.0,TRUGLTC128F4227B93,Danity Kane - Hold Me Down (Album Version),3898.0,TRWSYHO128F4282346,Twista - I'm A Winner (Amended Album Version),3534.0,TRFUJVJ128F426F2A2,Lauryn Hill - Interlude 5,3922.480000000001,TRUGLTC128F4227B93,Danity Kane - Hold Me Down (Album Version),3724.942500000001,TRWSYHO128F4282346,Twista - I'm A Winner (Amended Album Version),3289.892500000001,TRJQCQT128F428E44D,Voxtrot - Kid Gloves,0.7561324751613742,TRDDDBI128F4266C96,Willie Nelson - There You Are,0.6880967283036866,TRFQOYT128F428CB18,Cephalic Carnage - Eradicate Authority,0.6832185460613155,TRJQCQT128F428E44D,Voxtrot - Kid Gloves,0.7653227497600648,TRDDDBI128F4266C96,Willie Nelson - There You Are,0.7006864206843921,TRFQOYT128F428CB18,Cephalic Carnage - Eradicate Authority,0.6970056264866659,TRDJOCY128F4294CD5,Kanye West - Diamonds From Sierra Leone,154.52471869048898,TRFUJVJ128F426F2A2,Lauryn Hill - Interlude 5,152.34778900942345,TRKGULH128F428C170,Mobb Deep - Trife Life,142.6534529350346,TRCTLQY128F92F1539,Next - I Still Love You,97.64804971803568,TRDJOCY128F4294CD5,Kanye West - Diamonds From Sierra Leone,93.7908479982173,TRMYVVL128F92E865E,STRATOVARIUS - Elements,93.55165300199167,TRDDDBI128F4266C96,Willie Nelson - There You Are,0.29860732201384904,TRRSOKD128E0794DE3,Cracker - Forever,0.2975050799508543,TRXNDGR12903CF82E9,Watchout! Theres Ghosts - Remember Me_ Oh God_ For Good,0.28337715725170354,TRDDDBI128F4266C96,Willie Nelson - There You Are,0.3415864999955494,TRRSOKD128E0794DE3,Cracker - Forever,0.32933202966418107,TRXNDGR12903CF82E9,Watchout! Theres Ghosts - Remember Me_ Oh God_ For Good,0.327584359367888
TRHPKWO128F92E01D5,SOSRIAT12AB017A92E,ARVN9FZ1187FB393F1,Snow Patrol,The Lightning Strike,rock,TRFUJVJ128F426F2A2,Lauryn Hill - Interlude 5,9419.0,TRDPGXU128F9339C2A,Beastie Boys - B-Boy Bouillabaisse: A.W.O.L. (2009 Digital Remaster),6572.0,TRWSYHO128F4282346,Twista - I'm A Winner (Amended Album Version),6061.0,TRFUJVJ128F426F2A2,Lauryn Hill - Interlude 5,8618.600000000002,TRDPGXU128F9339C2A,Beastie Boys - B-Boy Bouillabaisse: A.W.O.L. (2009 Digital Remaster),5902.643749999996,TRWSYHO128F4282346,Twista - I'm A Winner (Amended Album Version),5537.9125,TRTBRQA128F427EE09,Jeffrey Lewis - Gold,0.7933645568083743,TRFFJLM128F148BCEF,Momus - Closer To You,0.792145001387719,TRUYMCX128F428CCD1,OutKast - ATLiens,0.7825338473631468,TRFFJLM128F148BCEF,Momus - Closer To You,0.8061828556434271,TRTBRQA128F427EE09,Jeffrey Lewis - Gold,0.804429407966123,TRUYMCX128F428CCD1,OutKast - ATLiens,0.7972870340363347,TRFUJVJ128F426F2A2,Lauryn Hill - Interlude 5,423.9230178354112,TRCHZXW128E079288A,Eminem - 8 Mile,412.5907251709131,TRDUSIG12903CA5FCB,Savatage - The Hourglass,379.2132861876628,TRDUSIG12903CA5FCB,Savatage - The Hourglass,162.30392817792554,TRTLIKK128E07862DA,Ja Rule - One of Us,160.87712557315055,TRCHZXW128E079288A,Eminem - 8 Mile,160.63600042608556,TRWNSOH128F428C406,The Flatliners - This Respirator,0.29820270839577945,TRCPSEW128F4257487,Supreme Majesty - Towards The Northern Star,0.23867458430061886,TRLNRAF128F428C40C,The Flatliners - Mastering The World's Smallest Violin,0.23426304022950464,TRWNSOH128F428C406,The Flatliners - This Respirator,0.3762801589889655,TRLNRAF128F428C40C,The Flatliners - Mastering The World's Smallest Violin,0.3245185941547025,TRDUSIG12903CA5FCB,Savatage - The Hourglass,0.32311350548653345
TRDMUWU128E078EDDB,SOSXSMM12B0B808B45,ARH3S5S1187FB4F76B,Nirvana,Dumb,rock,TRCHZXW128E079288A,Eminem - 8 Mile,5761.0,TRKLJAG128F42B31CF,Mario Vazquez - Everytime I...,5532.0,TRXHFMI128F429B2F2,Rufio - Over It (Acoustic),5293.0,TRCHZXW128E079288A,Eminem - 8 Mile,5542.6849999999995,TRKLJAG128F42B31CF,Mario Vazquez - Everytime I...,5426.249999999998,TRXHFMI128F429B2F2,Rufio - Over It (Acoustic),5175.735000000004,TRZKMDX128F4277845,Lucky Dube - Slave,0.8522499273895713,TREHMYJ128F42BA1E6,Björk - Hunter,0.8177266369576526,TRUSIQC128F4253677,MNEMIC - Liquid,0.8149460905084935,TRZKMDX128F4277845,Lucky Dube - Slave,0.854320402942529,TREHMYJ128F42BA1E6,Björk - Hunter,0.8202833315542979,TRUSIQC128F4253677,MNEMIC - Liquid,0.8176680877007546,TRPURWU12903CA4A31,Aqua - Happy Boys & Girls,142.38900708251722,TROMMRU128F4250C74,Classified - All About U,125.17750510831898,TRLIMRE128F92E08B5,Edwin Starr - H.A.P.P.Y. Radio,119.29956563019947,TRPURWU12903CA4A31,Aqua - Happy Boys & Girls,120.51991092101144,TRLIMRE128F92E08B5,Edwin Starr - H.A.P.P.Y. Radio,99.36224788128033,TRNIHFO128F92E082B,Neil Sedaka - That's When The Music Takes Me,92.66630493591371,TRNIHFO128F92E082B,Neil Sedaka - That's When The Music Takes Me,0.3194762924141266,TRZUSDT128F4264391,Toni Braxton - Snowflakes Of Love,0.2953192809923774,TRPURWU12903CA4A31,Aqua - Happy Boys & Girls,0.2894887408900692,TRNIHFO128F92E082B,Neil Sedaka - That's When The Music Takes Me,0.34902580601532535,TRZUSDT128F4264391,Toni Braxton - Snowflakes Of Love,0.33112767084481226,TRPURWU12903CA4A31,Aqua - Happy Boys & Girls,0.32478711829288587
TRXEAZB128E078EDCE,SOCUARC12A6701E94D,ARH3S5S1187FB4F76B,Nirvana,Something In The Way,rock,TRDPGXU128F9339C2A,Beastie Boys - B-Boy Bouillabaisse: A.W.O.L. (2009 Digital Remaster),1654.0,TRFLWJZ128F425C9E4,The Pharcyde - Otha Fish,1620.0,TRFUJVJ128F426F2A2,Lauryn Hill - Interlude 5,1569.0,TRFLWJZ128F425C9E4,The Pharcyde - Otha Fish,1515.7687499999986,TRDPGXU128F9339C2A,Beastie Boys - B-Boy Bouillabaisse: A.W.O.L. (2009 Digital Remaster),1486.2762499999997,TRFUJVJ128F426F2A2,Lauryn Hill - Interlude 5,1368.4400000000005,TRSYKVM128F14922FF,The Mighty Mighty Bosstones - 1-2-8,0.5351227047975473,TRJATQE12903CB4F22,Thomas Dolby - I Live In A Suitcase,0.49374101240535784,TROTNTX12903CE452F,Sophie Milman - Something In The Air Between Us,0.49191376244366997,TRSYKVM128F14922FF,The Mighty Mighty Bosstones - 1-2-8,0.5449923084908624,TROTNTX12903CE452F,Sophie Milman - Something In The Air Between Us,0.5030027606581198,TRJATQE12903CB4F22,Thomas Dolby - I Live In A Suitcase,0.502848558997199,TRXMQNH128F4287D61,Whitney Houston - Thinking About You,162.70602691447817,TRFEGNP128F93462CB,Kurupt - It Ain't About You,149.04111699627452,TRXDWYK128F425C160,Mos Def - The Easy Spell,148.99969686245336,TRXMQNH128F4287D61,Whitney Houston - Thinking About You,149.54692554267572,TRXDWYK128F425C160,Mos Def - The Easy Spell,127.44544055777263,TRLZVNA128F1474A16,Javier - Slow Motion,124.0535515888458,TRLVNQX128F42975E7,Rory Gallagher - Out On The Western Plain,0.41894217921686194,TRAAHBS128F429F76A,Reel Big Fish - I'm Cool,0.4144782074171043,TRCCBDW128F92CD25E,T.Rex - London Boys,0.4078674389245328,TRLVNQX128F42975E7,Rory Gallagher - Out On The Western Plain,0.4289492249151803,TRAAHBS128F429F76A,Reel Big Fish - I'm Cool,0.42753047382327286,TRCCBDW128F92CD25E,T.Rex - London Boys,0.4185292448046304
TRLKNKC128F42BC213,SOBDDMF12A8C142F73,ART3U3E1187B99B1B8,Switchfoot,Oh! Gravity.,rock,TRZZQIP128F92EFEAD,Abba - Move On,3476.0,TRDOJIR128F42840C0,Horace Andy - Horse With No Name,3220.0,TRBVPVV128F425F14F,Daft Punk - Touch It / Technologic,1979.0,TRZZQIP128F92EFEAD,Abba - Move On,3380.9075000000025,TRDOJIR128F42840C0,Horace Andy - Horse With No Name,3134.4399999999932,TRBVPVV128F425F14F,Daft Punk - Touch It / Technologic,1843.9174999999993,TRGRUXY128F9310866,Salif Keita - Tu Vas Me Manquer,0.586457326532364,TRCJENI128E0781B04,Blur - This Is A Low,0.5384004064993884,TRDOJIR128F42840C0,Horace Andy - Horse With No Name,0.5378811808018172,TRGRUXY128F9310866,Salif Keita - Tu Vas Me Manquer,0.5984292252518563,TRCYYII12903CB5FCA,Sanctus Real - Dear Heart,0.5492418123628318,TRCJENI128E0781B04,Blur - This Is A Low,0.5465566391201769,TRDPGXU128F9339C2A,Beastie Boys - B-Boy Bouillabaisse: A.W.O.L. (2009 Digital Remaster),176.57692400929895,TRFUJVJ128F426F2A2,Lauryn Hill - Interlude 5,144.74368819539492,TRXSBES128F429496F,Bran Van 3000 - Carry On,144.06959711034574,TRXSBES128F429496F,Bran Van 3000 - Carry On,108.38468349770834,TRXRHWV128F93089CB,Ray Davies - Next Door Neighbour,101.61956509020922,TRRZAAK128F9302FCA,Petey Pablo - La Di Da Da Da,98.90982341404288,TRFEZUB128F42729D9,Bachman-Turner Overdrive - Can We All Come Together,0.2677330465579868,TRUPZNC128F1465C56,Deana Carter - Brand New Key,0.256791074118564,TRXRHWV128F93089CB,Ray Davies - Next Door Neighbour,0.25473697683319035,TRFEZUB128F42729D9,Bachman-Turner Overdrive - Can We All Come Together,0.29932103236840996,TRXRHWV128F93089CB,Ray Davies - Next Door Neighbour,0.2976949243976112,TRUPZNC128F1465C56,Deana Carter - Brand New Key,0.29398840267381016
TRVQBRZ128F423EEDC,SOLTQZY12A8C13262F,AR8V1WA1187B9AD9E9,The White Stripes,Hotel Yorba,rock,TRFUJVJ128F426F2A2,Lauryn Hill - Interlude 5,3474.0,TRDPGXU128F9339C2A,Beastie Boys - B-Boy Bouillabaisse: A.W.O.L. (2009 Digital Remaster),3262.0,TRWSYHO128F4282346,Twista - I'm A Winner (Amended Album Version),2985.0,TRFUJVJ128F426F2A2,Lauryn Hill - Interlude 5,3133.5999999999995,TRDPGXU128F9339C2A,Beastie Boys - B-Boy Bouillabaisse: A.W.O.L. (2009 Digital Remaster),2977.3312499999993,TRWSYHO128F4282346,Twista - I'm A Winner (Amended Album Version),2762.5375000000004,TRDSUZH128F425BAC3,RODNEY CROWELL - Preachin' To The Choir,0.7582330870357503,TRTVTYS128E0792887,Eminem - Rabbit Run,0.7562221914571842,TROSKLK128F145806A,Us3 - It's Like That,0.7549613622930026,TRDSUZH128F425BAC3,RODNEY CROWELL - Preachin' To The Choir,0.7702018377557985,TRTVTYS128E0792887,Eminem - Rabbit Run,0.7697022889326173,TRFOGZN128F42882B5,OutKast - Claimin' True,0.7676113742511766,TRFUJVJ128F426F2A2,Lauryn Hill - Interlude 5,264.37814506928487,TRDPGXU128F9339C2A,Beastie Boys - B-Boy Bouillabaisse: A.W.O.L. (2009 Digital Remaster),209.54344014978943,TRHGZOJ128F14A2ED0,The Simpsons - Do The Bartman,180.6654795170154,TRFUJVJ128F426F2A2,Lauryn Hill - Interlude 5,130.84850048070678,TRDFOXO128F42BBDCD,Clipse - Dirty Money,104.20578295249457,TRHGZOJ128F14A2ED0,The Simpsons - Do The Bartman,103.64067260295676,TRXFHRD128F930527E,Calvin Harris - Merrymaking At My Place,0.2875926008674677,TRYHZAC128F92F674B,The Mavericks - I've Got This Feeling,0.26724985740003393,TRQOKTX128E07818DC,Joss Stone - Dirty Man,0.2462043544782324,TRNMYKI128F932ACEB,Biz Markie - Albee Square Mall,0.32582054583107256,TRFUJVJ128F426F2A2,Lauryn Hill - Interlude 5,0.3244821528173971,TRXFHRD128F930527E,Calvin Harris - Merrymaking At My Place,0.32146837063344796
TRBNXZS12903D0A686,SOECMVP12AB018584E,AR8V1WA1187B9AD9E9,The White Stripes,Prickly Thorn_ But Sweetly Worn (Live),rock,TREAUAV128EF33FE50,Electrelane - Cut And Run,2005.0,TRSABJR128F429C84B,Tryo - Yakamonéyé,2000.0,TRRHCLC128F427D727,Fonky Family - Sans Rémission,1840.0,TREAUAV128EF33FE50,Electrelane - Cut And Run,1951.9899999999986,TRSABJR128F429C84B,Tryo - Yakamonéyé,1926.53,TRPNSHU128F428049F,The Darkness - Givin' Up (Clean Version),1807.0850000000016,TRWMKRQ128F42A035D,Emilie Simon - Dame De Lotus,0.6943300423565748,TRTCVIR128F42607B3,Clannad - Newgrange,0.6163463101539621,TRFWOXD128F9300A13,Desorden Público - Cachos De Vaca,0.6132659532173739,TRWMKRQ128F42A035D,Emilie Simon - Dame De Lotus,0.696014386308457,TRTCVIR128F42607B3,Clannad - Newgrange,0.6197551352362225,TRFWOXD128F9300A13,Desorden Público - Cachos De Vaca,0.6164114922991636,TRWZUDO128F1495E26,Prince - I Love U In Me ( LP Version),83.79730184552692,TRFFJLM128F148BCEF,Momus - Closer To You,81.1703874161026,TRFUJVJ128F426F2A2,Lauryn Hill - Interlude 5,81.11178433128131,TRVKXNN128F4226056,Terranova - Burbujas De Amor,60.4621343043693,TRVJKQQ12903CA7C5C,Richie Spice - Empress,59.78985676494101,TRKDCLW12903CD47A6,Patsy Cline - I Can See An Angel,56.53565570278016,TRGBCZF128E079440F,Cirque du Soleil - Aureus,0.29272810600850335,TRIPIME128F934BC06,Veronica Maggio - Gammal sång,0.24842999595815013,TRTATPW128F428D14E,Brooks & Dunn - You're My Angel,0.241977658944037,TRGBCZF128E079440F,Cirque du Soleil - Aureus,0.31029066753893014,TRTATPW128F428D14E,Brooks & Dunn - You're My Angel,0.2649470575356275,TRIPIME128F934BC06,Veronica Maggio - Gammal sång,0.25856912948032007
TRGGBKA128F428E461,SOUOWLT12B0B8090EE,AR8V1WA1187B9AD9E9,The White Stripes,St. Andrew (This Battle Is In The Air),rock,TRDPGXU128F9339C2A,Beastie Boys - B-Boy Bouillabaisse: A.W.O.L. (2009 Digital Remaster),1264.0,TROIJDA128F9341E70,R. Kelly - I Mean (I Don't Mean It),1222.0,TRCHZXW128E079288A,Eminem - 8 Mile,1219.0,TROIJDA128F9341E70,R. Kelly - I Mean (I Don't Mean It),1177.6112500000006,TRDPGXU128F9339C2A,Beastie Boys - B-Boy Bouillabaisse: A.W.O.L. (2009 Digital Remaster),1176.2912499999993,TRCHZXW128E079288A,Eminem - 8 Mile,1152.8087499999997,TRGZDBB128F4270A4C,Johnny Cash - I Don't Know Where I'm Bound,0.7244140790479021,TRCDUMA128F427D458,Nancy Sinatra - Flowers On The Wall,0.7160973949141465,TRPEAPG128F4294CC0,K'Naan - Soobax,0.7079455354299297,TRGZDBB128F4270A4C,Johnny Cash - I Don't Know Where I'm Bound,0.7305466957501099,TRCDUMA128F427D458,Nancy Sinatra - Flowers On The Wall,0.7234409976117012,TRPEAPG128F4294CC0,K'Naan - Soobax,0.7154168297111289,TRWZUDO128F1495E26,Prince - I Love U In Me ( LP Version),66.43499529158382,TRBXSJT12903CC7DAA,All-4-One - When I Needed an Angel,56.53697506436717,TRHPZQI128F428204F,Andrew Lloyd Webber - Wandering Child,56.14283060761917,TRBXSJT12903CC7DAA,All-4-One - When I Needed an Angel,49.466584271292525,TRHPZQI128F428204F,Andrew Lloyd Webber - Wandering Child,49.25038307862315,TRPMWXN128E0792C24,Steel Pulse - Sound Check,49.01467728636519,TRBXSJT12903CC7DAA,All-4-One - When I Needed an Angel,0.322869403128849,TRHPZQI128F428204F,Andrew Lloyd Webber - Wandering Child,0.2984662451974424,TRTATPW128F428D14E,Brooks & Dunn - You're My Angel,0.28737990187161166,TRBXSJT12903CC7DAA,All-4-One - When I Needed an Angel,0.3500052399973628,TRHPZQI128F428204F,Andrew Lloyd Webber - Wandering Child,0.32499428275870024,TRTATPW128F428D14E,Brooks & Dunn - You're My Angel,0.30818643838821613
TRICQHX128F93269FC,SOCBJHG12AB018221C,ARHWR8B1187FB557D3,The Decemberists,I Was Meant For the Stage,rock,TRFUJVJ128F426F2A2,Lauryn Hill - Interlude 5,3248.0,TRDPGXU128F9339C2A,Beastie Boys - B-Boy Bouillabaisse: A.W.O.L. (2009 Digital Remaster),2799.0,TRGLNKG128F9307689,Eminem - My Darling,2409.0,TRFUJVJ128F426F2A2,Lauryn Hill - Interlude 5,2968.3199999999997,TRDPGXU128F9339C2A,Beastie Boys - B-Boy Bouillabaisse: A.W.O.L. (2009 Digital Remaster),2565.1100000000015,TRGLNKG128F9307689,Eminem - My Darling,2237.81,TREZUTJ128F4250CFF,On Thorns I Lay - Unsung Songs,0.6778851728936454,TRNVKOI128E0799173,Snoop Dogg - Snoopafella (Edited),0.6746302422568381,TRUVRBS128F42A34DD,Stephanie McIntosh - Overcome,0.659759726639855,TREZUTJ128F4250CFF,On Thorns I Lay - Unsung Songs,0.6896120792620495,TRNVKOI128E0799173,Snoop Dogg - Snoopafella (Edited),0.68744313583429,TRUVRBS128F42A34DD,Stephanie McIntosh - Overcome,0.6718526262720028,TRGLNKG128F9307689,Eminem - My Darling,171.03839567746599,TRKGULH128F428C170,Mobb Deep - Trife Life,160.10712042640918,TRBCSDW128F424D686,The Maine - You Left Me,152.26869540570866,TRBCSDW128F424D686,The Maine - You Left Me,128.39591786294343,TRAYJOF128F92F9EEA,Kelly Clarkson - Cry,109.97153592255037,TRQKCQX128F1456854,Mary J. Blige - Can't Get You Off My Mind,105.89177087017326,TROVKZW128F427CA18,The Beautiful Mistake - Stavesail,0.29347280194465336,TRTQOXV128E0786E3C,Alphaville - 20th Century,0.2916782667868631,TRVPMVK128EF34E085,Sia - Lentil (Live),0.2682449597890889,TRTQOXV128E0786E3C,Alphaville - 20th Century,0.32690647470676226,TROVKZW128F427CA18,The Beautiful Mistake - Stavesail,0.31275264745318765,TRVPMVK128EF34E085,Sia - Lentil (Live),0.30880126872952374
TRAFWEV128F428D391,SOLUABP12AF72A2CD2,ARQRQRA12131B4B5A8,Cake,Alpha Beta Parking Lot,rock,TRFGJLT128F1491125,Public Enemy - Go Cat Go,1168.0,TRCETEN128F42AD6D0,Bowling For Soup - Here We Go,932.0,TRIJLHF128F9322FE4,Jill Scott - Watching ME,909.0,TRFGJLT128F1491125,Public Enemy - Go Cat Go,1114.059999999996,TRCETEN128F42AD6D0,Bowling For Soup - Here We Go,881.5400000000002,TRIJLHF128F9322FE4,Jill Scott - Watching ME,861.15,TRYPVSX128F427362D,Allure - When The Shades Go Down,0.4937935301576605,TRDZATL128F4260FFB,Memphis Minnie - Down In The Alley,0.40594079626431967,TROTJIT128F145E017,Status Quo - Going Down Town Tonight,0.39739920272899204,TRYPVSX128F427362D,Allure - When The Shades Go Down,0.5072720027291517,TRDZATL128F4260FFB,Memphis Minnie - Down In The Alley,0.42177577027464075,TROTJIT128F145E017,Status Quo - Going Down Town Tonight,0.41322160742060193,TRHYJKU128F9351A14,Atmosphere - Breathing,123.10739078764252,TRFEGNP128F93462CB,Kurupt - It Ain't About You,120.78723568455844,TRLUXWO128F14618D6,Dilated Peoples - Expansion Team Theme,111.24979590364873,TRHYJKU128F9351A14,Atmosphere - Breathing,85.94227396953966,TRZOLLI128F14B1014,Lupe Fiasco - I Gotcha (Amended Album Version),76.24731532635279,TRLILXS128F930773F,Melanie - Baby Day,76.18853152514993,TRXGLHP128F92E5AFD,Disco - Enemmän,0.28549268952803103,TRBFURZ128EF34C0B0,Juha Tapio - Sitä jotakin,0.26006122460842684,TRFLJNE12903CB44F1,The Black Keys - When The Lights Go Out,0.25984598016198474,TRXGLHP128F92E5AFD,Disco - Enemmän,0.2899222336297087,TRFLJNE12903CB44F1,The Black Keys - When The Lights Go Out,0.28710156381688884,TRBFURZ128EF34C0B0,Juha Tapio - Sitä jotakin,0.2654071157477848
TRJRIBM128E0788E18,SODMWLI12AF72A4B62,ARN5NHX1187FB4F755,The Smashing Pumpkins,An Ode To No One,rock,TRFUJVJ128F426F2A2,Lauryn Hill - Interlude 5,5496.0,TRWSYHO128F4282346,Twista - I'm A Winner (Amended Album Version),4564.0,TRDPGXU128F9339C2A,Beastie Boys - B-Boy Bouillabaisse: A.W.O.L. (2009 Digital Remaster),4194.0,TRFUJVJ128F426F2A2,Lauryn Hill - Interlude 5,5113.280000000001,TRWSYHO128F4282346,Twista - I'm A Winner (Amended Album Version),4313.880000000001,TRDPGXU128F9339C2A,Beastie Boys - B-Boy Bouillabaisse: A.W.O.L. (2009 Digital Remaster),3873.94,TROXHLM128F4266510,Blues Traveler - Hook,0.7951978809961535,TRZCHKB128F92CB740,Anastacia - Club Megamix,0.7723695528503047,TRGLNKG128F9307689,Eminem - My Darling,0.7670884585037325,TROXHLM128F4266510,Blues Traveler - Hook,0.8039964189580877,TRZCHKB128F92CB740,Anastacia - Club Megamix,0.7826352889810418,TRGLNKG128F9307689,Eminem - My Darling,0.7773461322803495,TRGLNKG128F9307689,Eminem - My Darling,180.5935984353616,TRDPGXU128F9339C2A,Beastie Boys - B-Boy Bouillabaisse: A.W.O.L. (2009 Digital Remaster),168.12173827895896,TRFUJVJ128F426F2A2,Lauryn Hill - Interlude 5,151.74766735840075,TRGLNKG128F9307689,Eminem - My Darling,103.674320059421,TRQXYGU128E079236A,Black Eyed Peas - A8,90.72585481071167,TREAKLH128F42B002D,Lee Ryan - Real Love,89.32327993255895,TRPZVBC128F14884AC,Iggy Pop - Sixteen,0.30263320834118324,TRVZCTL128E078F0BE,Bon Jovi - Come Back,0.287501887489746,TRZNHJN128F4293FC2,Kelly Clarkson - Anytime,0.2697785967819258,TRPZVBC128F14884AC,Iggy Pop - Sixteen,0.3407964155459447,TRVZCTL128E078F0BE,Bon Jovi - Come Back,0.33742427669425284,TRZNHJN128F4293FC2,Kelly Clarkson - Anytime,0.3267809030579962
TRIVTJA128F92C1E80,SOITHUR12D021B2253,AR4EQ231187B99368F,The Fray,Over My Head (Cable Car),rock,TRDPGXU128F9339C2A,Beastie Boys - B-Boy Bouillabaisse: A.W.O.L. (2009 Digital Remaster),5072.0,TRFUJVJ128F426F2A2,Lauryn Hill - Interlude 5,4981.0,TRCHZXW128E079288A,Eminem - 8 Mile,3802.0,TRDPGXU128F9339C2A,Beastie Boys - B-Boy Bouillabaisse: A.W.O.L. (2009 Digital Remaster),4618.068749999999,TRFUJVJ128F426F2A2,Lauryn Hill - Interlude 5,4438.199999999997,TRXHFMI128F429B2F2,Rufio - Over It (Acoustic),3577.9937499999987,TRMRNDW128F4292475,A Tribe Called Quest - Baby Phife's Return,0.6687672182264234,TREFTIM128F149E6AD,Aztec Camera - Over My Head,0.6666687317476198,TRLXGCW128F42714E2,Aceyalone - Impact,0.6627895203521763,TRMRNDW128F4292475,A Tribe Called Quest - Baby Phife's Return,0.6872381079484433,TRLXGCW128F42714E2,Aceyalone - Impact,0.6811183880332392,TRDPGXU128F9339C2A,Beastie Boys - B-Boy Bouillabaisse: A.W.O.L. (2009 Digital Remaster),0.6807915148652416,TRDPGXU128F9339C2A,Beastie Boys - B-Boy Bouillabaisse: A.W.O.L. (2009 Digital Remaster),277.92667765937495,TRFUJVJ128F426F2A2,Lauryn Hill - Interlude 5,217.11182780416365,TRMTSMP128F92F621B,N-Dubz - Sex,210.0037522776183,TRMTSMP128F92F621B,N-Dubz - Sex,136.93323569878117,TRNSSZD128E0784696,Amy Studt - Seconds Away,129.4736557696727,TRJISRM128F9328AD4,The Arrogant Sons Of Bitches - Kill The President,118.34550919673934,TRDSYNA128F92E839D,Thursday - Beyond The Visible Spectrum,0.2740523339290538,TRNSSZD128E0784696,Amy Studt - Seconds Away,0.27150073435212985,TRCBUIM12903CF475B,Strapping Young Lad - Detox,0.2662945530562426,TRMTSMP128F92F621B,N-Dubz - Sex,0.3251490959396633,TRDSYNA128F92E839D,Thursday - Beyond The Visible Spectrum,0.31993276805138277,TRBAKQW128F42662AA,The Charlie Daniels Band - Sweetwater Texas,0.3197311966414819
TRFLRXQ128F4280CCC,SOSUBHV12AF72A4220,ARNBMT71187B993523,Interpol,No I In Threesome,rock,TRFUJVJ128F426F2A2,Lauryn Hill - Interlude 5,3523.0,TRDPGXU128F9339C2A,Beastie Boys - B-Boy Bouillabaisse: A.W.O.L. (2009 Digital Remaster),2279.0,TRFLWJZ128F425C9E4,The Pharcyde - Otha Fish,1809.0,TRFUJVJ128F426F2A2,Lauryn Hill - Interlude 5,3147.6400000000003,TRDPGXU128F9339C2A,Beastie Boys - B-Boy Bouillabaisse: A.W.O.L. (2009 Digital Remaster),1965.0949999999998,TRFLWJZ128F425C9E4,The Pharcyde - Otha Fish,1613.9250000000006,TRTVXUZ128F1466475,Digable Planets - Time & Space (A New Refutation Of),0.6741674511813411,TRFVYRV128F42BBAA0,Jamiroquai - Virtual Insanity,0.612532435202626,TRUVVFR128F4248609,KRS ONE - I'm On The Mic,0.6025781309495514,TRTVXUZ128F1466475,Digable Planets - Time & Space (A New Refutation Of),0.6941691458972855,TRFVYRV128F42BBAA0,Jamiroquai - Virtual Insanity,0.6360508790162288,TRUVVFR128F4248609,KRS ONE - I'm On The Mic,0.6276982836863315,TRFUJVJ128F426F2A2,Lauryn Hill - Interlude 5,205.95394383667883,TRIPIMD128F92D3E12,Ryan Leslie - Just Right,187.5849047406912,TRDPGXU128F9339C2A,Beastie Boys - B-Boy Bouillabaisse: A.W.O.L. (2009 Digital Remaster),181.8695871461809,TRAMTEH128F930D496,Bob Marley & The Wailers - Baby We've Got A Date (Rock It Baby),144.3079788971628,TRIPIMD128F92D3E12,Ryan Leslie - Just Right,143.57860100528768,TRKSSMT128E07948E7,Billie Piper - Day And Night,125.65447030663655,TRAJQIF128F92CD28A,T.Rex - The Street And Babe Shadow,0.3093519832855615,TRAMTEH128F930D496,Bob Marley & The Wailers - Baby We've Got A Date (Rock It Baby),0.30403476625160847,TRKSSMT128E07948E7,Billie Piper - Day And Night,0.2955149993208797,TRKSSMT128E07948E7,Billie Piper - Day And Night,0.335866846085898,TRAMTEH128F930D496,Bob Marley & The Wailers - Baby We've Got A Date (Rock It Baby),0.3355565757920394,TRAJQIF128F92CD28A,T.Rex - The Street And Babe Shadow,0.33469847035633093
TRYBPGK128F4255BE3,SOMZRXL12A81C224B9,ARNBMT71187B993523,Interpol,Pace Is The Trick,rock,TRFUJVJ128F426F2A2,Lauryn Hill - Interlude 5,7670.0,TRWSYHO128F4282346,Twista - I'm A Winner (Amended Album Version),6745.0,TREBGAA128E078FC52,Erykah Badu - I Want You,6282.0,TRFUJVJ128F426F2A2,Lauryn Hill - Interlude 5,7263.359999999996,TRWSYHO128F4282346,Twista - I'm A Winner (Amended Album Version),6479.247500000001,TREBGAA128E078FC52,Erykah Badu - I Want You,6132.548750000003,TRLQBZP12903CECC4A,Hello Saferide - Get Sick Soon,0.8149429309249543,TREIANS128F147AD97,The Puppini Sisters - I Will Survive,0.8147521904392876,TRCTLQY128F92F1539,Next - I Still Love You,0.812836057679905,TRLQBZP12903CECC4A,Hello Saferide - Get Sick Soon,0.8193274341404784,TREIANS128F147AD97,The Puppini Sisters - I Will Survive,0.8188116606805397,TRCTLQY128F92F1539,Next - I Still Love You,0.817231008371945,TRAUNHR128F92DBBC1,UGK (Underground Kingz) - She Luv It,141.1228167731174,TRHSGWF128F92E4F0B,Collie Buddz - Mamacita,136.41648554920948,TRDPGXU128F9339C2A,Beastie Boys - B-Boy Bouillabaisse: A.W.O.L. (2009 Digital Remaster),133.9063174198266,TRHSGWF128F92E4F0B,Collie Buddz - Mamacita,116.11582969230894,TRAUNHR128F92DBBC1,UGK (Underground Kingz) - She Luv It,106.0874942995498,TRTCLFS128E0799AD4,Boyz II Men - I'll Make Love To You,88.90040437563677,TRAVHOD12903CFCDBC,Junkie XL - Today,0.2991716338918328,TRHSGWF128F92E4F0B,Collie Buddz - Mamacita,0.2859214867846022,TRPOKET12903CB2D00,Massive Attack - Saturday Come Slow,0.25647771552197324,TRAVHOD12903CFCDBC,Junkie XL - Today,0.3295784382183359,TRHSGWF128F92E4F0B,Collie Buddz - Mamacita,0.3198544655362285,TRIWNZP128F4264D70,Jon B. - Love Don't Do,0.288083745852322
TRGXNCJ128F425FB1C,SOMUPLQ12A8C137A19,ARD4C1I1187FB4B0C3,Pink Floyd,Embryo,rock,TRDPGXU128F9339C2A,Beastie Boys - B-Boy Bouillabaisse: A.W.O.L. (2009 Digital Remaster),570.0,TRCHZXW128E079288A,Eminem - 8 Mile,522.0,TRRSNPA128F148C45E,The Roots - Mellow My Man,477.0,TRDPGXU128F9339C2A,Beastie Boys - B-Boy Bouillabaisse: A.W.O.L. (2009 Digital Remaster),520.7600000000001,TRCHZXW128E079288A,Eminem - 8 Mile,484.83999999999975,TRRSNPA128F148C45E,The Roots - Mellow My Man,450.72000000000014,TRMSQFN128F4294259,Jazzamor - a piece of my heart,0.6338712153395358,TRBGXIH128E0783797,Mos Def - Life Is Real,0.5800623891708329,TRSXWOE12903CA7F6E,Z-RO - Pain,0.563832577801047,TRMSQFN128F4294259,Jazzamor - a piece of my heart,0.644044563029919,TRBGXIH128E0783797,Mos Def - Life Is Real,0.5921780421560326,TRSXWOE12903CA7F6E,Z-RO - Pain,0.5784299846612481,TRLCWTH128F92C7F82,Marques Houston - Cancel (Album Version),56.85558563186577,TRETTPG128F9343EE4,Organized Konfusion - Releasing Hypnotical Gases,54.165557217523634,TRCHZXW128E079288A,Eminem - 8 Mile,48.01866708090246,TRLCWTH128F92C7F82,Marques Houston - Cancel (Album Version),47.19901692651064,TRETTPG128F9343EE4,Organized Konfusion - Releasing Hypnotical Gases,39.42127753268546,TRHGOBH128F92E8673,Midnite - Bak Bone,38.775142839958825,TREPXPO128F42576D0,Puppetmastaz - Re-Evolute,0.24949885068583522,TRYLJVY128F4246873,General Surgery - Viva ! blunt force trauma,0.24618472945955386,TRLCWTH128F92C7F82,Marques Houston - Cancel (Album Version),0.2170534236201182,TREPXPO128F42576D0,Puppetmastaz - Re-Evolute,0.2667678376851668,TRYLJVY128F4246873,General Surgery - Viva ! blunt force trauma,0.2559140682024051,TRLCWTH128F92C7F82,Marques Houston - Cancel (Album Version),0.24843192478837733
TRFNRGN128E0791E0E,SOWIUZN12AF72A8206,AROAILX1187FB3F858,Buckcherry,Borderline,rock,TRFUJVJ128F426F2A2,Lauryn Hill - Interlude 5,4443.0,TRWSYHO128F4282346,Twista - I'm A Winner (Amended Album Version),3252.0,TRDPGXU128F9339C2A,Beastie Boys - B-Boy Bouillabaisse: A.W.O.L. (2009 Digital Remaster),3012.0,TRFUJVJ128F426F2A2,Lauryn Hill - Interlude 5,4052.919999999998,TRWSYHO128F4282346,Twista - I'm A Winner (Amended Album Version),2997.0699999999993,TRDPGXU128F9339C2A,Beastie Boys - B-Boy Bouillabaisse: A.W.O.L. (2009 Digital Remaster),2685.785,TRPYKXK128F145F107,Blondie - Bang A Gong/Funtime (Live),0.6322931374034679,TRSMHTC128F4282341,Omarion - Slow Dancin',0.6298289238099611,TRBEEEO128F146B9F1,Del Amitri - Driving With The Brakes On,0.6125180453386286,TRSMHTC128F4282341,Omarion - Slow Dancin',0.6478263358315635,TRPYKXK128F145F107,Blondie - Bang A Gong/Funtime (Live),0.6445612454740545,TRBEEEO128F146B9F1,Del Amitri - Driving With The Brakes On,0.6304138813128498,TRXDWYK128F425C160,Mos Def - The Easy Spell,287.67059513275706,TRFEGNP128F93462CB,Kurupt - It Ain't About You,263.64053424815455,TRDPGXU128F9339C2A,Beastie Boys - B-Boy Bouillabaisse: A.W.O.L. (2009 Digital Remaster),244.54756575801645,TRXDWYK128F425C160,Mos Def - The Easy Spell,231.97398288659952,TRXMQNH128F4287D61,Whitney Houston - Thinking About You,203.80756329281877,TRNWQYN128F4284F1D,TLC - Shock Dat Monkey,191.20240791422805,TRLVNQX128F42975E7,Rory Gallagher - Out On The Western Plain,0.44991820256437215,TRCCBDW128F92CD25E,T.Rex - London Boys,0.4377988168720437,TRVDLAQ128F14A2B19,Dwight Yoakam - My Bucket's Got a Hole In It (2006 Remastered Live Version),0.4000437349054445,TRLVNQX128F42975E7,Rory Gallagher - Out On The Western Plain,0.46515414541999806,TRCCBDW128F92CD25E,T.Rex - London Boys,0.4546274756807271,TRVDLAQ128F14A2B19,Dwight Yoakam - My Bucket's Got a Hole In It (2006 Remastered Live Version),0.4251838263537402
TROLTZX128E0791C1A,SOJMWLO12CF5CFD711,ARK9TRQ1187B99C095,Nine Inch Nails,March Of The Pigs,rock,TRFUJVJ128F426F2A2,Lauryn Hill - Interlude 5,3227.0,TRBVPVV128F425F14F,Daft Punk - Touch It / Technologic,3205.0,TRGUCIR128F933D817,Vanilla Ice - Ice Is Workin' It,3145.0,TRBVPVV128F425F14F,Daft Punk - Touch It / Technologic,3084.442499999999,TRGUCIR128F933D817,Vanilla Ice - Ice Is Workin' It,3000.58,TRFUJVJ128F426F2A2,Lauryn Hill - Interlude 5,2921.560000000001,TROERMK128F4293EDD,Kosheen - I Want It All,0.8052932454843871,TRRBOOS128F42726FE,Incognito - Givin' It Up,0.7126312415649387,TRREWHC128F42BAA2D,Utada - The Workout,0.7124165491346327,TROERMK128F4293EDD,Kosheen - I Want It All,0.8101077396977312,TRREWHC128F42BAA2D,Utada - The Workout,0.721850688965359,TRRBOOS128F42726FE,Incognito - Givin' It Up,0.7214450813240924,TRYCBLK12903CE6A0E,Twiztid - She Ain't Afraid,168.76403710595483,TRFUJVJ128F426F2A2,Lauryn Hill - Interlude 5,140.4352630696693,TRGOKCU128F92EF28C,Set Your Goals - like you to me,138.57045720947696,TRYCBLK12903CE6A0E,Twiztid - She Ain't Afraid,106.4450852858389,TRGOKCU128F92EF28C,Set Your Goals - like you to me,95.73442255307023,TRPFDGQ128F428006B,Korn - Let's Do This Now,95.16377075397376,TRLDJAG128F42B5321,Bad Boys Blue - Do What You Do,0.2856109147766004,TRPFDGQ128F428006B,Korn - Let's Do This Now,0.27921065462839406,TRZJDWU128E0792F7D,Jonny Lang - Back For A Taste Of Your Love,0.2652002004645901,TRLDJAG128F42B5321,Bad Boys Blue - Do What You Do,0.3275358833804492,TRPFDGQ128F428006B,Korn - Let's Do This Now,0.32561546217782694,TRGOKCU128F92EF28C,Set Your Goals - like you to me,0.3043279472224644
TRJZZCN128E07938C5,SOCKPDE12A8C142F18,ARK9TRQ1187B99C095,Nine Inch Nails,Burn,rock,TRFUJVJ128F426F2A2,Lauryn Hill - Interlude 5,7001.0,TRWSYHO128F4282346,Twista - I'm A Winner (Amended Album Version),6435.0,TREBGAA128E078FC52,Erykah Badu - I Want You,5628.0,TRFUJVJ128F426F2A2,Lauryn Hill - Interlude 5,6494.999999999998,TRWSYHO128F4282346,Twista - I'm A Winner (Amended Album Version),6104.312500000007,TREBGAA128E078FC52,Erykah Badu - I Want You,5442.031249999994,TRVLDOB128F4279768,Leonard Cohen - Iodine,0.68439788699927,TRFBASZ128F42317D3,Dawn of Relic - The Awakening,0.6730086350221878,TRPYPOE128F4248543,KATAKLYSM - Beyond Salvation,0.6698055118746653,TRVLDOB128F4279768,Leonard Cohen - Iodine,0.6934422098783025,TRFBASZ128F42317D3,Dawn of Relic - The Awakening,0.6826999556404979,TRFQTEX128E078E92D,Brian McKnight - The Biggest Part Of Me,0.6781740625850733,TRFUJVJ128F426F2A2,Lauryn Hill - Interlude 5,217.8850307700187,TRCHZXW128E079288A,Eminem - 8 Mile,177.1476640912305,TRDGICW128F42963E2,Recoil - Curse,173.18502070978016,TRJYSJS128EF356B75,Ill Niño - Re-Birth,122.38878625011554,TRWAMJL128F92D124B,Ladyhawke - Crazy World,121.64679769329845,TRCBAMW128EF3435A0,Seventh Day Slumber - Burning Bridges,108.81078835986776,TRWWUSA12903CF1CD2,Shadows Fall - A Fire In Babylon,0.3137979196807698,TRWAMJL128F92D124B,Ladyhawke - Crazy World,0.3090397392701716,TRWJNEC128E079654F,Morcheeba - Part Of The Process,0.3054529240928539,TRWWUSA12903CF1CD2,Shadows Fall - A Fire In Babylon,0.34660816841290354,TRWAMJL128F92D124B,Ladyhawke - Crazy World,0.33680073039527303,TRWJNEC128E079654F,Morcheeba - Part Of The Process,0.33621684335833607
TRCZLLQ128E0792778,SOQQTFV12A6701C5F6,ARK9TRQ1187B99C095,Nine Inch Nails,Something I Can Never Have,rock,TRFUJVJ128F426F2A2,Lauryn Hill - Interlude 5,5843.0,TRWSYHO128F4282346,Twista - I'm A Winner (Amended Album Version),5555.0,TREBGAA128E078FC52,Erykah Badu - I Want You,4630.0,TRFUJVJ128F426F2A2,Lauryn Hill - Interlude 5,5383.0,TRWSYHO128F4282346,Twista - I'm A Winner (Amended Album Version),5254.375,TREBGAA128E078FC52,Erykah Badu - I Want You,4460.937500000006,TRMEKRF12903CC80A6,Bouncing Souls_ The - Pervert,0.7097192879324549,TRTVTYS128E0792887,Eminem - Rabbit Run,0.7019291300778593,TRDPNYI12903D0517A,Alexandra Burke - Overcome,0.6954959771666968,TRMEKRF12903CC80A6,Bouncing Souls_ The - Pervert,0.7191572913316754,TRTVTYS128E0792887,Eminem - Rabbit Run,0.7142202978242902,TRDHLOW128F429BA29,Scars Of Life - Descending,0.7064460518795056,TRFUJVJ128F426F2A2,Lauryn Hill - Interlude 5,225.7761115544357,TRCHZXW128E079288A,Eminem - 8 Mile,185.04805956399974,TRDPGXU128F9339C2A,Beastie Boys - B-Boy Bouillabaisse: A.W.O.L. (2009 Digital Remaster),173.83920565049195,TRFUJVJ128F426F2A2,Lauryn Hill - Interlude 5,110.3566013906359,TRPIELK128F931F06C,Amber Pacific - The Right to Write Me Off,102.98381520530609,TRDPNYI12903D0517A,Alexandra Burke - Overcome,100.83922688041612,TRKVLUS128EF345FD0,Field Music - You're Not Supposed To,0.30701484650230687,TRPSYVF128F428A446,The Offspring - Get It Right (Album Version),0.29969866693499947,TRDPNYI12903D0517A,Alexandra Burke - Overcome,0.2933452907944298,TRPSYVF128F428A446,The Offspring - Get It Right (Album Version),0.3497786287695695,TRDPNYI12903D0517A,Alexandra Burke - Overcome,0.34448317925452543,TRKVLUS128EF345FD0,Field Music - You're Not Supposed To,0.3347328997010867
TRUIAKW128F428C787,SOKFHMY12A8C13EB40,AR16GSC1187B9A6291,Eagles,It's Your World Now,rock,TRFUJVJ128F426F2A2,Lauryn Hill - Interlude 5,2221.0,TRDPGXU128F9339C2A,Beastie Boys - B-Boy Bouillabaisse: A.W.O.L. (2009 Digital Remaster),1948.0,TRGUCIR128F933D817,Vanilla Ice - Ice Is Workin' It,1874.0,TRFUJVJ128F426F2A2,Lauryn Hill - Interlude 5,1917.4,TRGUCIR128F933D817,Vanilla Ice - Ice Is Workin' It,1730.4500000000007,TRDPGXU128F9339C2A,Beastie Boys - B-Boy Bouillabaisse: A.W.O.L. (2009 Digital Remaster),1694.1062499999998,TRWNNIJ128F429F912,M People - It's Your World,0.6498008704708494,TRLXIWQ128F428AB13,Dungeon Family - Trans DF Express,0.6334212423742768,TRXTAPD128F145A606,Jeru The Damaja - Physical Stamina,0.6295670587096441,TRWNNIJ128F429F912,M People - It's Your World,0.6596681150755037,TRLXIWQ128F428AB13,Dungeon Family - Trans DF Express,0.6553116452402609,TRXTAPD128F145A606,Jeru The Damaja - Physical Stamina,0.6538628246021678,TRDPGXU128F9339C2A,Beastie Boys - B-Boy Bouillabaisse: A.W.O.L. (2009 Digital Remaster),183.77214582843695,TRFUJVJ128F426F2A2,Lauryn Hill - Interlude 5,178.28464862977103,TRZCHKB128F92CB740,Anastacia - Club Megamix,155.59717040785745,TRVPMVK128EF34E085,Sia - Lentil (Live),99.28682974290426,TRZCHKB128F92CB740,Anastacia - Club Megamix,88.29673953345127,TRBDCAH128EF362D31,The Pharcyde - Passin' Me By,80.78242309614551,TRVPMVK128EF34E085,Sia - Lentil (Live),0.28269249792361006,TRVJPQP128F426CE9C,Marty Robbins - Ribbon Of Darkness,0.2550023113096756,TRKWHZC128F1462476,Nightwish - Beauty And The Beast,0.24773636992904724,TRVPMVK128EF34E085,Sia - Lentil (Live),0.33851567562030105,TRKWHZC128F1462476,Nightwish - Beauty And The Beast,0.31568026581100816,TRVJPQP128F426CE9C,Marty Robbins - Ribbon Of Darkness,0.3148420177864743
TRCRHFK128F427FD8F,SOLBZDL12CF5F88BE5,AR5FP401187FB523C9,Bob Dylan,Something There Is About You,rock,TRFUJVJ128F426F2A2,Lauryn Hill - Interlude 5,3707.0,TRDPGXU128F9339C2A,Beastie Boys - B-Boy Bouillabaisse: A.W.O.L. (2009 Digital Remaster),2735.0,TRWSYHO128F4282346,Twista - I'm A Winner (Amended Album Version),2468.0,TRFUJVJ128F426F2A2,Lauryn Hill - Interlude 5,3419.960000000001,TRDPGXU128F9339C2A,Beastie Boys - B-Boy Bouillabaisse: A.W.O.L. (2009 Digital Remaster),2494.9549999999995,TRWSYHO128F4282346,Twista - I'm A Winner (Amended Album Version),2280.41,TRFFJLM128F148BCEF,Momus - Closer To You,0.74361694019914,TREHMUM12903CA8188,Bobby Bare - Numbers,0.730175397922587,TRBWQCV128F1460B80,AZ - Rebirth,0.724128103468443,TRFFJLM128F148BCEF,Momus - Closer To You,0.7577498803644956,TREHMUM12903CA8188,Bobby Bare - Numbers,0.7458850623957862,TRBWQCV128F1460B80,AZ - Rebirth,0.7401553649414182,TRDPGXU128F9339C2A,Beastie Boys - B-Boy Bouillabaisse: A.W.O.L. (2009 Digital Remaster),189.50465507593367,TRFUJVJ128F426F2A2,Lauryn Hill - Interlude 5,169.70168944369354,TRDUSIG12903CA5FCB,Savatage - The Hourglass,144.19056186000057,TRSYQHR128F428AC34,Kero One - My Story,84.70701361584268,TRDPGXU128F9339C2A,Beastie Boys - B-Boy Bouillabaisse: A.W.O.L. (2009 Digital Remaster),77.75103017771976,TRZCJFR128F42A12E8,KRS-One - The Truth,70.81044547677371,TRREGLL128E078E740,B.B. King - All Over Again,0.21630762363368627,TRDSVXN12903CF230F,The Statler Brothers - How Great Thou Art,0.20603448600049942,TRCYEZX128F9336C8E,Blind Pilot - Paint or Pollen,0.20581631235488168,TRSYQHR128F428AC34,Kero One - My Story,0.29575181554392177,TROXHLM128F4266510,Blues Traveler - Hook,0.2833028852246933,TRAZHNL12903CC1B6C,Mac Lethal - Rotten Apple Pie,0.2793195523083498
TRMOUUU128F14ADE16,SOJFEHH12A6BD546BE,ART1UFU1187FB4C9B6,Hawk Nelson,From Underneath,rock,TRFUJVJ128F426F2A2,Lauryn Hill - Interlude 5,5271.0,TRWSYHO128F4282346,Twista - I'm A Winner (Amended Album Version),4153.0,TRDPGXU128F9339C2A,Beastie Boys - B-Boy Bouillabaisse: A.W.O.L. (2009 Digital Remaster),3679.0,TRFUJVJ128F426F2A2,Lauryn Hill - Interlude 5,4915.879999999999,TRWSYHO128F4282346,Twista - I'm A Winner (Amended Album Version),3920.9175000000005,TREBGAA128E078FC52,Erykah Badu - I Want You,3471.483750000002,TRNHSZN128F930FF03,Clawfinger - Revenge,0.8009023141441404,TRWNUXN128F93095BF,Angela Bofill - I Try,0.7904405219413327,TRVFPAQ12903CBB680,Rachael Yamagata - Even So,0.787951820773056,TRNHSZN128F930FF03,Clawfinger - Revenge,0.8082816309693984,TRWNUXN128F93095BF,Angela Bofill - I Try,0.7967210771082904,TRVFPAQ12903CBB680,Rachael Yamagata - Even So,0.796042228096731,TRFUJVJ128F426F2A2,Lauryn Hill - Interlude 5,216.8876534274578,TRDPGXU128F9339C2A,Beastie Boys - B-Boy Bouillabaisse: A.W.O.L. (2009 Digital Remaster),171.26667589756943,TRCHZXW128E079288A,Eminem - 8 Mile,164.51182305143635,TRFUJVJ128F426F2A2,Lauryn Hill - Interlude 5,93.43492560284025,TRRIKJJ128F426F559,Amerie - Can't Let Go,88.26039709313314,TRVVBPB128F4250C72,Classified - Freezin In The Cold,88.08399702470362,TRNMHLT128F933D65F,Buck-O-Nine - New Generation,0.27312700706536236,TREKYIF128F4262226,The Slackers - Dave's Friend,0.2656829207479014,TRTKXNY12903CB661C,Gil Scott-Heron - Me And The Devil,0.25431392934234615,TRTKXNY12903CB661C,Gil Scott-Heron - Me And The Devil,0.321884101747899,TRNMHLT128F933D65F,Buck-O-Nine - New Generation,0.3163261231531191,TREKYIF128F4262226,The Slackers - Dave's Friend,0.31484645258685795
TRCURQD128F427C75B,SORFOFF12A8C13B65E,ART1UFU1187FB4C9B6,Hawk Nelson,Turn It On,rock,TRBVPVV128F425F14F,Daft Punk - Touch It / Technologic,5163.0,TRGUCIR128F933D817,Vanilla Ice - Ice Is Workin' It,4137.0,TRFUJVJ128F426F2A2,Lauryn Hill - Interlude 5,3732.0,TRBVPVV128F425F14F,Daft Punk - Touch It / Technologic,4960.376250000001,TRGUCIR128F933D817,Vanilla Ice - Ice Is Workin' It,3894.27,TREXCMT128F933D825,Vanilla Ice - It's A Party,3466.9425,TRJHAQR12903CA7194,7 Seconds - Still On It,0.6198809405616665,TRHSWOG128F4257515,Gregory Isaac - Soon Forward,0.6097171299105217,TRBVPVV128F425F14F,Daft Punk - Touch It / Technologic,0.6068337736836155,TRJHAQR12903CA7194,7 Seconds - Still On It,0.628830735698054,TRHSWOG128F4257515,Gregory Isaac - Soon Forward,0.6196653660624779,TRBVPVV128F425F14F,Daft Punk - Touch It / Technologic,0.6156384251057921,TRFUJVJ128F426F2A2,Lauryn Hill - Interlude 5,267.10631992102026,TRQQLZD128F425E9BC,Alicia Keys - Tell You Something (Nana's Reprise),230.11727621602972,TRDPGXU128F9339C2A,Beastie Boys - B-Boy Bouillabaisse: A.W.O.L. (2009 Digital Remaster),211.51589746994097,TRQQLZD128F425E9BC,Alicia Keys - Tell You Something (Nana's Reprise),177.5919336658033,TRSIBBE128F1492FDC,RBD - Wanna Play,131.34937772928137,TRLLYKL128F426F270,Lauryn Hill - Oh Jerusalem,125.59854300095517,TRSGMQI128F93583DA,Travis - Turn,0.28838066980001803,TRQQLZD128F425E9BC,Alicia Keys - Tell You Something (Nana's Reprise),0.2584077157411286,TRHSWOG128F4257515,Gregory Isaac - Soon Forward,0.23824924457308427,TRSGMQI128F93583DA,Travis - Turn,0.3263915710679241,TRQQLZD128F425E9BC,Alicia Keys - Tell You Something (Nana's Reprise),0.3108313792447694,TRETQJL128F149199F,Crystal Waters - 100% Pure Love,0.28530469565240846
TRRKJGZ128F148128F,SOAQCXS12D02191FC1,ART1UFU1187FB4C9B6,Hawk Nelson,Something On My Mind,rock,TRFUJVJ128F426F2A2,Lauryn Hill - Interlude 5,5348.0,TRDPGXU128F9339C2A,Beastie Boys - B-Boy Bouillabaisse: A.W.O.L. (2009 Digital Remaster),5240.0,TRCHZXW128E079288A,Eminem - 8 Mile,4451.0,TRFUJVJ128F426F2A2,Lauryn Hill - Interlude 5,4783.120000000001,TRDPGXU128F9339C2A,Beastie Boys - B-Boy Bouillabaisse: A.W.O.L. (2009 Digital Remaster),4767.603750000002,TRCHZXW128E079288A,Eminem - 8 Mile,4094.4962500000015,TRQXNHC12903CD80BA,Violent Femmes - Add It Up,0.6941411320428972,TRISBQQ128F93217A2,2Pac - Strictly 4 My N.I.G.G.A.Z.,0.6924215499834865,TRBCRNY128F931D755,Bad Cash Quartet - Valentine,0.6825666352358369,TRQXNHC12903CD80BA,Violent Femmes - Add It Up,0.7084196530693658,TRISBQQ128F93217A2,2Pac - Strictly 4 My N.I.G.G.A.Z.,0.7072370898212105,TRILLIR128F429E5D7,Aesop Rock - Battery,0.6977719503390314,TRDPGXU128F9339C2A,Beastie Boys - B-Boy Bouillabaisse: A.W.O.L. (2009 Digital Remaster),282.12235174966094,TRFUJVJ128F426F2A2,Lauryn Hill - Interlude 5,248.36073773464764,TRCHZXW128E079288A,Eminem - 8 Mile,216.3424124959524,TRDPGXU128F9339C2A,Beastie Boys - B-Boy Bouillabaisse: A.W.O.L. (2009 Digital Remaster),139.37643422281585,TRQAWKR128F425EEC3,Michael Jackson - Man In The Mirror,138.91416673248523,TRDJOCY128F4294CD5,Kanye West - Diamonds From Sierra Leone,132.54042321496647,TRAZBSP128F147E924,Ferry Corsten - On My Mind,0.3376399909417921,TRBCRNY128F931D755,Bad Cash Quartet - Valentine,0.3084055047868884,TRFYBJS128F145F5FA,Sammie - I Like It (Remix),0.2837544668110271,TRAZBSP128F147E924,Ferry Corsten - On My Mind,0.35668843048060195,TRBCRNY128F931D755,Bad Cash Quartet - Valentine,0.3519111176959091,TRFYBJS128F145F5FA,Sammie - I Like It (Remix),0.33546167128735865
